InvoiceNo,StockCode,Description,Quantity,UnitPrice,CustomerID,Country
536365,SKU_85409,REGENCY TEAPOT,2,9.66,12000,United Kingdom
536365,SKU_38659,ROSES REGENCY TEACUP AND SAUCER,1,1.67,12000,United Kingdom
536365,SKU_94290,GREEN REGENCY TEACUP AND SAUCER,4,4.57,12000,United Kingdom
536365,SKU_74486,REGENCY CAKESTAND 3 TIER,10,1.63,12000,United Kingdom
536365,SKU_49885,ASSORTED COLOUR BIRD ORNAMENT,4,11.45,12000,United Kingdom
536366,SKU_93482,SWEETHEART CERAMIC TRINKET BOX,3,11.2,12001,United Kingdom
536366,SKU_74486,REGENCY CAKESTAND 3 TIER,6,5.21,12001,United Kingdom
536366,SKU_64311,CERAMIC STRAWBERRY CAKE STAND,4,14.89,12001,United Kingdom
536367,SKU_15736,RED HANGING HEART T-LIGHT HOLDER,10,5.02,12002,United Kingdom
536367,SKU_53682,WHITE HANGING HEART T-LIGHT HOLDER,1,11.65,12002,United Kingdom
536367,SKU_11920,HEART OF WICKER SMALL,9,3.03,12002,United Kingdom
536368,SKU_85409,REGENCY TEAPOT,2,13.44,12003,United Kingdom
536368,SKU_02417,ALARM CLOCK BAKELIKE PINK,2,6.67,12003,United Kingdom
536368,SKU_77748,STRAWBERRY CERAMIC TRINKET BOX,8,10.31,12003,United Kingdom
536368,SKU_86048,SET OF 6 SPICE TINS PANTRY DESIGN,6,3.57,12003,United Kingdom
536369,SKU_86048,SET OF 6 SPICE TINS PANTRY DESIGN,3,7.84,12004,United Kingdom
536369,SKU_02417,ALARM CLOCK BAKELIKE PINK,5,15.35,12004,United Kingdom
536369,SKU_92886,ALARM CLOCK BAKELIKE RED,11,11.06,12004,United Kingdom
536370,SKU_10696,VINTAGE HEADS AND HORNS WALL ART,5,2.19,12005,United Kingdom
536370,SKU_26130,PAPER CHAIN KIT 50S CHRISTMAS,10,13.74,12005,United Kingdom
536370,SKU_64311,CERAMIC STRAWBERRY CAKE STAND,6,4.28,12005,United Kingdom
536371,SKU_29474,RETROSPOT GARDEN WATERING CAN,7,6.41,12006,United Kingdom
536371,SKU_68307,CHARLOTTE BAG PINK POLKADOT,3,8.51,12006,United Kingdom
536371,SKU_16078,CHARLOTTE BAG SUKI DESIGN,2,12.02,12006,United Kingdom
536371,SKU_64311,CERAMIC STRAWBERRY CAKE STAND,2,3.43,12006,United Kingdom
536372,SKU_93482,SWEETHEART CERAMIC TRINKET BOX,10,15.44,12007,United Kingdom
536372,SKU_64311,CERAMIC STRAWBERRY CAKE STAND,9,4.83,12007,United Kingdom
536373,SKU_10322,PAPER CHAIN KIT VINTAGE CHRISTMAS,8,1.3,12008,United Kingdom
536373,SKU_85409,REGENCY TEAPOT,12,13.73,12008,United Kingdom
536373,SKU_94290,GREEN REGENCY TEACUP AND SAUCER,5,15.1,12008,United Kingdom
536373,SKU_77748,STRAWBERRY CERAMIC TRINKET BOX,3,8.48,12008,United Kingdom
536374,SKU_38752,ALARM CLOCK BAKELIKE GREEN,9,14.34,12009,United Kingdom
536374,SKU_49885,ASSORTED COLOUR BIRD ORNAMENT,10,5.87,12009,United Kingdom
536374,SKU_92886,ALARM CLOCK BAKELIKE RED,1,2.84,12009,United Kingdom
536375,SKU_02417,ALARM CLOCK BAKELIKE PINK,10,14.74,12010,United Kingdom
536375,SKU_92886,ALARM CLOCK BAKELIKE RED,2,11.68,12010,United Kingdom
536376,SKU_51010,LUNCH BAG PINK POLKADOT,9,12.01,12011,United Kingdom
536376,SKU_29474,RETROSPOT GARDEN WATERING CAN,12,4.12,12011,United Kingdom
536376,SKU_80590,VICTORIAN GLASS HANGING T-LIGHT,5,6.94,12011,United Kingdom
536376,SKU_32339,HEART OF WICKER LARGE,11,10.51,12011,United Kingdom
536376,SKU_49885,ASSORTED COLOUR BIRD ORNAMENT,8,14.07,12011,United Kingdom
536377,SKU_86048,SET OF 6 SPICE TINS PANTRY DESIGN,9,3.14,12012,United Kingdom
536377,SKU_51010,LUNCH BAG PINK POLKADOT,10,9.46,12012,United Kingdom
536377,SKU_38659,ROSES REGENCY TEACUP AND SAUCER,4,12.43,12012,United Kingdom
536377,SKU_03409,GARDENERS KNEELING PAD CUP OF TEA,7,3.96,12012,United Kingdom
536377,SKU_94290,GREEN REGENCY TEACUP AND SAUCER,2,10.64,12012,United Kingdom
536377,SKU_74486,REGENCY CAKESTAND 3 TIER,6,7.29,12012,United Kingdom
536377,SKU_89820,SET OF 3 CAKE TINS PANTRY DESIGN,8,13.56,12012,United Kingdom
536378,SKU_11920,HEART OF WICKER SMALL,6,12.66,12013,United Kingdom
536378,SKU_32339,HEART OF WICKER LARGE,2,4.79,12013,United Kingdom
536379,SKU_68307,CHARLOTTE BAG PINK POLKADOT,2,1.97,12014,United Kingdom
536379,SKU_89820,SET OF 3 CAKE TINS PANTRY DESIGN,9,13.16,12014,United Kingdom
536379,SKU_80590,VICTORIAN GLASS HANGING T-LIGHT,2,14.45,12014,United Kingdom
536379,SKU_16078,CHARLOTTE BAG SUKI DESIGN,4,3.62,12014,United Kingdom
536380,SKU_86048,SET OF 6 SPICE TINS PANTRY DESIGN,1,15.29,12015,United Kingdom
536380,SKU_09699,RECIPE BOX PANTRY DESIGN,5,14.45,12015,United Kingdom
536380,SKU_89820,SET OF 3 CAKE TINS PANTRY DESIGN,8,5.31,12015,United Kingdom
536381,SKU_85409,REGENCY TEAPOT,12,8.98,12016,United Kingdom
536381,SKU_03409,GARDENERS KNEELING PAD CUP OF TEA,12,5.72,12016,United Kingdom
536381,SKU_29474,RETROSPOT GARDEN WATERING CAN,1,9.57,12016,United Kingdom
536381,SKU_59570,GARDENERS KNEELING PAD KEEP CALM,9,14.35,12016,United Kingdom
536382,SKU_38659,ROSES REGENCY TEACUP AND SAUCER,10,2.22,12017,United Kingdom
536382,SKU_74486,REGENCY CAKESTAND 3 TIER,4,7.0,12017,United Kingdom
536383,SKU_04128,MINI PAINT SET VINTAGE,4,5.04,12018,United Kingdom
536383,SKU_51010,LUNCH BAG PINK POLKADOT,3,10.82,12018,United Kingdom
536383,SKU_87304,SPACEBOY LUNCH BOX,5,7.77,12018,United Kingdom
536383,SKU_59570,GARDENERS KNEELING PAD KEEP CALM,2,1.38,12018,United Kingdom
536383,SKU_26130,PAPER CHAIN KIT 50S CHRISTMAS,10,15.48,12018,United Kingdom
536384,SKU_26130,PAPER CHAIN KIT 50S CHRISTMAS,5,3.5,12019,United Kingdom
536384,SKU_09699,RECIPE BOX PANTRY DESIGN,9,11.28,12019,United Kingdom
536384,SKU_77748,STRAWBERRY CERAMIC TRINKET BOX,10,15.27,12019,United Kingdom
536385,SKU_80590,VICTORIAN GLASS HANGING T-LIGHT,5,14.53,12020,United Kingdom
536386,SKU_51010,LUNCH BAG PINK POLKADOT,6,4.15,12021,United Kingdom
536386,SKU_09699,RECIPE BOX PANTRY DESIGN,11,13.4,12021,United Kingdom
536386,SKU_20773,LUNCH BAG RED RETROSPOT,9,8.21,12021,United Kingdom
536386,SKU_22758,JUMBO BAG WOODLAND ANIMALS,1,2.57,12021,United Kingdom
536386,SKU_44719,JUMBO BAG RED RETROSPOT,7,13.07,12021,United Kingdom
536387,SKU_10696,VINTAGE HEADS AND HORNS WALL ART,7,3.07,12022,United Kingdom
536387,SKU_80590,VICTORIAN GLASS HANGING T-LIGHT,5,6.45,12022,United Kingdom
536387,SKU_44719,JUMBO BAG RED RETROSPOT,1,14.06,12022,United Kingdom
536387,SKU_10322,PAPER CHAIN KIT VINTAGE CHRISTMAS,4,10.97,12022,United Kingdom
536387,SKU_77748,STRAWBERRY CERAMIC TRINKET BOX,11,2.71,12022,United Kingdom
536387,SKU_25782,WOODLAND CHARLOTTE BAG,9,13.85,12022,United Kingdom
536387,SKU_15736,RED HANGING HEART T-LIGHT HOLDER,7,15.13,12022,United Kingdom
536388,SKU_86048,SET OF 6 SPICE TINS PANTRY DESIGN,3,15.16,12023,United Kingdom
536389,SKU_86048,SET OF 6 SPICE TINS PANTRY DESIGN,4,4.09,12024,United Kingdom
536389,SKU_38659,ROSES REGENCY TEACUP AND SAUCER,8,6.23,12024,United Kingdom
536389,SKU_10322,PAPER CHAIN KIT VINTAGE CHRISTMAS,4,4.43,12024,United Kingdom
536389,SKU_32339,HEART OF WICKER LARGE,11,4.0,12024,United Kingdom
536389,SKU_59570,GARDENERS KNEELING PAD KEEP CALM,6,5.22,12024,United Kingdom
536390,SKU_38752,ALARM CLOCK BAKELIKE GREEN,1,2.89,12025,United Kingdom
536390,SKU_02417,ALARM CLOCK BAKELIKE PINK,5,3.79,12025,United Kingdom
536390,SKU_92886,ALARM CLOCK BAKELIKE RED,5,1.8,12025,United Kingdom
536391,SKU_10696,VINTAGE HEADS AND HORNS WALL ART,5,1.88,12026,United Kingdom
536391,SKU_26130,PAPER CHAIN KIT 50S CHRISTMAS,7,1.27,12026,United Kingdom
536391,SKU_10322,PAPER CHAIN KIT VINTAGE CHRISTMAS,9,11.04,12026,United Kingdom
536391,SKU_20773,LUNCH BAG RED RETROSPOT,12,11.75,12026,United Kingdom
536392,SKU_38752,ALARM CLOCK BAKELIKE GREEN,7,10.73,12027,United Kingdom
536392,SKU_20773,LUNCH BAG RED RETROSPOT,7,10.9,12027,United Kingdom
536392,SKU_93482,SWEETHEART CERAMIC TRINKET BOX,3,10.02,12027,United Kingdom
536392,SKU_16078,CHARLOTTE BAG SUKI DESIGN,5,7.04,12027,United Kingdom
536392,SKU_11920,HEART OF WICKER SMALL,1,5.58,12027,United Kingdom
536392,SKU_02417,ALARM CLOCK BAKELIKE PINK,4,7.38,12027,United Kingdom
536392,SKU_64311,CERAMIC STRAWBERRY CAKE STAND,10,9.89,12027,United Kingdom
536393,SKU_16078,CHARLOTTE BAG SUKI DESIGN,12,3.67,12028,United Kingdom
536393,SKU_68307,CHARLOTTE BAG PINK POLKADOT,2,5.29,12028,United Kingdom
536393,SKU_25782,WOODLAND CHARLOTTE BAG,11,10.27,12028,United Kingdom
536394,SKU_86048,SET OF 6 SPICE TINS PANTRY DESIGN,1,1.91,12029,United Kingdom
536394,SKU_09699,RECIPE BOX PANTRY DESIGN,8,9.96,12029,United Kingdom
536394,SKU_89820,SET OF 3 CAKE TINS PANTRY DESIGN,2,7.74,12029,United Kingdom
536395,SKU_86048,SET OF 6 SPICE TINS PANTRY DESIGN,7,4.37,12030,United Kingdom
536395,SKU_93482,SWEETHEART CERAMIC TRINKET BOX,12,8.63,12030,United Kingdom
536395,SKU_74486,REGENCY CAKESTAND 3 TIER,1,9.19,12030,United Kingdom
536396,SKU_20773,LUNCH BAG RED RETROSPOT,12,13.53,12031,United Kingdom
536396,SKU_80590,VICTORIAN GLASS HANGING T-LIGHT,8,4.94,12031,United Kingdom
536396,SKU_13714,HAND WARMER BIRD NEST,4,13.22,12031,United Kingdom
536396,SKU_25782,WOODLAND CHARLOTTE BAG,5,12.16,12031,United Kingdom
536396,SKU_55418,JUMBO BAG PINK POLKADOT,9,8.16,12031,United Kingdom
536397,SKU_86048,SET OF 6 SPICE TINS PANTRY DESIGN,12,3.43,12032,United Kingdom
536397,SKU_10322,PAPER CHAIN KIT VINTAGE CHRISTMAS,4,2.17,12032,United Kingdom
536397,SKU_68307,CHARLOTTE BAG PINK POLKADOT,7,5.97,12032,United Kingdom
536397,SKU_53682,WHITE HANGING HEART T-LIGHT HOLDER,8,7.17,12032,United Kingdom
536397,SKU_25782,WOODLAND CHARLOTTE BAG,4,13.12,12032,United Kingdom
536398,SKU_85409,REGENCY TEAPOT,7,8.92,12033,United Kingdom
536398,SKU_38659,ROSES REGENCY TEACUP AND SAUCER,12,9.03,12033,United Kingdom
536398,SKU_94290,GREEN REGENCY TEACUP AND SAUCER,10,14.04,12033,United Kingdom
536398,SKU_74486,REGENCY CAKESTAND 3 TIER,8,4.38,12033,United Kingdom
536398,SKU_65048,PINK REGENCY TEACUP AND SAUCER,7,8.17,12033,United Kingdom
536399,SKU_93482,SWEETHEART CERAMIC TRINKET BOX,10,8.86,12034,United Kingdom
536399,SKU_77748,STRAWBERRY CERAMIC TRINKET BOX,7,9.68,12034,United Kingdom
536400,SKU_15736,RED HANGING HEART T-LIGHT HOLDER,1,4.96,12035,United Kingdom
536400,SKU_53682,WHITE HANGING HEART T-LIGHT HOLDER,6,4.27,12035,United Kingdom
536400,SKU_32339,HEART OF WICKER LARGE,6,6.06,12035,United Kingdom
536400,SKU_11920,HEART OF WICKER SMALL,7,5.22,12035,United Kingdom
536401,SKU_38659,ROSES REGENCY TEACUP AND SAUCER,4,13.21,12036,United Kingdom
536401,SKU_06213,CHILLI LIGHTS,10,3.42,12036,United Kingdom
536401,SKU_26130,PAPER CHAIN KIT 50S CHRISTMAS,3,8.0,12036,United Kingdom
536401,SKU_53682,WHITE HANGING HEART T-LIGHT HOLDER,2,9.29,12036,United Kingdom
536401,SKU_49885,ASSORTED COLOUR BIRD ORNAMENT,4,7.88,12036,United Kingdom
536402,SKU_10696,VINTAGE HEADS AND HORNS WALL ART,10,1.62,12037,United Kingdom
536402,SKU_26130,PAPER CHAIN KIT 50S CHRISTMAS,5,9.46,12037,United Kingdom
536402,SKU_15736,RED HANGING HEART T-LIGHT HOLDER,7,6.9,12037,United Kingdom
536402,SKU_55418,JUMBO BAG PINK POLKADOT,12,4.08,12037,United Kingdom
536403,SKU_86048,SET OF 6 SPICE TINS PANTRY DESIGN,2,12.6,12038,United Kingdom
536403,SKU_09699,RECIPE BOX PANTRY DESIGN,10,12.4,12038,United Kingdom
536403,SKU_23059,PARTY BUNTING,6,8.84,12038,United Kingdom
536404,SKU_11920,HEART OF WICKER SMALL,2,7.43,12039,United Kingdom
536404,SKU_53682,WHITE HANGING HEART T-LIGHT HOLDER,6,10.31,12039,United Kingdom
536404,SKU_15736,RED HANGING HEART T-LIGHT HOLDER,8,11.33,12039,United Kingdom
536404,SKU_32339,HEART OF WICKER LARGE,7,3.76,12039,United Kingdom
536405,SKU_38752,ALARM CLOCK BAKELIKE GREEN,6,13.39,12040,United Kingdom
536405,SKU_02417,ALARM CLOCK BAKELIKE PINK,2,5.22,12040,United Kingdom
536405,SKU_92886,ALARM CLOCK BAKELIKE RED,8,4.73,12040,United Kingdom
536406,SKU_86048,SET OF 6 SPICE TINS PANTRY DESIGN,5,6.1,12041,United Kingdom
536406,SKU_93482,SWEETHEART CERAMIC TRINKET BOX,10,11.24,12041,United Kingdom
536406,SKU_77748,STRAWBERRY CERAMIC TRINKET BOX,5,9.17,12041,United Kingdom
536406,SKU_64311,CERAMIC STRAWBERRY CAKE STAND,9,14.76,12041,United Kingdom
536407,SKU_29474,RETROSPOT GARDEN WATERING CAN,8,12.55,12042,United Kingdom
536407,SKU_93482,SWEETHEART CERAMIC TRINKET BOX,2,5.44,12042,United Kingdom
536407,SKU_77748,STRAWBERRY CERAMIC TRINKET BOX,7,11.11,12042,United Kingdom
536407,SKU_64311,CERAMIC STRAWBERRY CAKE STAND,5,10.71,12042,United Kingdom
536408,SKU_03409,GARDENERS KNEELING PAD CUP OF TEA,5,4.83,12043,United Kingdom
536408,SKU_59570,GARDENERS KNEELING PAD KEEP CALM,2,11.53,12043,United Kingdom
536408,SKU_29474,RETROSPOT GARDEN WATERING CAN,6,2.95,12043,United Kingdom
536408,SKU_92886,ALARM CLOCK BAKELIKE RED,9,14.8,12043,United Kingdom
536409,SKU_86048,SET OF 6 SPICE TINS PANTRY DESIGN,5,7.94,12044,United Kingdom
536409,SKU_85409,REGENCY TEAPOT,8,6.11,12044,United Kingdom
536409,SKU_29474,RETROSPOT GARDEN WATERING CAN,1,4.85,12044,United Kingdom
536409,SKU_09699,RECIPE BOX PANTRY DESIGN,8,2.88,12044,United Kingdom
536409,SKU_26130,PAPER CHAIN KIT 50S CHRISTMAS,2,6.96,12044,United Kingdom
536409,SKU_32339,HEART OF WICKER LARGE,2,9.47,12044,United Kingdom
536409,SKU_74486,REGENCY CAKESTAND 3 TIER,11,2.01,12044,United Kingdom
536409,SKU_15736,RED HANGING HEART T-LIGHT HOLDER,3,12.81,12044,United Kingdom
536409,SKU_49885,ASSORTED COLOUR BIRD ORNAMENT,5,2.46,12044,United Kingdom
536410,SKU_03409,GARDENERS KNEELING PAD CUP OF TEA,8,14.2,12045,United Kingdom
536410,SKU_29474,RETROSPOT GARDEN WATERING CAN,5,13.51,12045,United Kingdom
536410,SKU_59570,GARDENERS KNEELING PAD KEEP CALM,7,5.6,12045,United Kingdom
536411,SKU_15736,RED HANGING HEART T-LIGHT HOLDER,11,2.41,12046,United Kingdom
536411,SKU_32339,HEART OF WICKER LARGE,4,3.73,12046,United Kingdom
536412,SKU_85409,REGENCY TEAPOT,5,11.32,12047,United Kingdom
536412,SKU_38659,ROSES REGENCY TEACUP AND SAUCER,12,13.5,12047,United Kingdom
536412,SKU_94290,GREEN REGENCY TEACUP AND SAUCER,2,11.05,12047,United Kingdom
536412,SKU_74486,REGENCY CAKESTAND 3 TIER,5,12.48,12047,United Kingdom
536412,SKU_65048,PINK REGENCY TEACUP AND SAUCER,11,9.65,12047,United Kingdom
536413,SKU_15736,RED HANGING HEART T-LIGHT HOLDER,12,13.0,12048,United Kingdom
536413,SKU_85409,REGENCY TEAPOT,5,7.51,12048,United Kingdom
536413,SKU_02417,ALARM CLOCK BAKELIKE PINK,8,11.06,12048,United Kingdom
536413,SKU_92886,ALARM CLOCK BAKELIKE RED,12,6.99,12048,United Kingdom
536414,SKU_29474,RETROSPOT GARDEN WATERING CAN,10,1.82,12049,United Kingdom
536414,SKU_38659,ROSES REGENCY TEACUP AND SAUCER,3,7.95,12049,United Kingdom
536414,SKU_03409,GARDENERS KNEELING PAD CUP OF TEA,11,7.55,12049,United Kingdom
536414,SKU_59570,GARDENERS KNEELING PAD KEEP CALM,5,3.84,12049,United Kingdom
536414,SKU_26130,PAPER CHAIN KIT 50S CHRISTMAS,10,7.46,12049,United Kingdom
536414,SKU_94290,GREEN REGENCY TEACUP AND SAUCER,8,15.06,12049,United Kingdom
536415,SKU_93482,SWEETHEART CERAMIC TRINKET BOX,6,7.12,12050,United Kingdom
536415,SKU_77748,STRAWBERRY CERAMIC TRINKET BOX,8,5.36,12050,United Kingdom
536415,SKU_64311,CERAMIC STRAWBERRY CAKE STAND,7,12.84,12050,United Kingdom
536416,SKU_74486,REGENCY CAKESTAND 3 TIER,11,13.64,12051,United Kingdom
536416,SKU_68307,CHARLOTTE BAG PINK POLKADOT,8,7.14,12051,United Kingdom
536416,SKU_25782,WOODLAND CHARLOTTE BAG,4,8.64,12051,United Kingdom
536416,SKU_64311,CERAMIC STRAWBERRY CAKE STAND,10,12.03,12051,United Kingdom
536417,SKU_29474,RETROSPOT GARDEN WATERING CAN,3,5.68,12052,United Kingdom
536417,SKU_38659,ROSES REGENCY TEACUP AND SAUCER,1,9.12,12052,United Kingdom
536417,SKU_09699,RECIPE BOX PANTRY DESIGN,2,4.45,12052,United Kingdom
536417,SKU_94290,GREEN REGENCY TEACUP AND SAUCER,2,7.83,12052,United Kingdom
536417,SKU_65048,PINK REGENCY TEACUP AND SAUCER,2,10.48,12052,United Kingdom
536418,SKU_38752,ALARM CLOCK BAKELIKE GREEN,4,7.76,12053,United Kingdom
536418,SKU_02417,ALARM CLOCK BAKELIKE PINK,3,6.72,12053,United Kingdom
536418,SKU_92886,ALARM CLOCK BAKELIKE RED,10,8.49,12053,United Kingdom
536419,SKU_04128,MINI PAINT SET VINTAGE,3,7.61,12054,United Kingdom
536419,SKU_29474,RETROSPOT GARDEN WATERING CAN,8,6.17,12054,United Kingdom
536419,SKU_16078,CHARLOTTE BAG SUKI DESIGN,9,12.12,12054,United Kingdom
536419,SKU_13714,HAND WARMER BIRD NEST,7,7.74,12054,United Kingdom
536419,SKU_94290,GREEN REGENCY TEACUP AND SAUCER,6,13.64,12054,United Kingdom
536419,SKU_92886,ALARM CLOCK BAKELIKE RED,12,4.65,12054,United Kingdom
536420,SKU_04128,MINI PAINT SET VINTAGE,2,8.74,12055,United Kingdom
536420,SKU_29474,RETROSPOT GARDEN WATERING CAN,8,1.47,12055,United Kingdom
536420,SKU_06213,CHILLI LIGHTS,3,7.09,12055,United Kingdom
536420,SKU_93482,SWEETHEART CERAMIC TRINKET BOX,11,15.07,12055,United Kingdom
536420,SKU_32339,HEART OF WICKER LARGE,2,7.94,12055,United Kingdom
536420,SKU_25782,WOODLAND CHARLOTTE BAG,5,6.07,12055,United Kingdom
536420,SKU_64311,CERAMIC STRAWBERRY CAKE STAND,12,6.91,12055,United Kingdom
536420,SKU_15736,RED HANGING HEART T-LIGHT HOLDER,2,13.39,12055,United Kingdom
536421,SKU_86048,SET OF 6 SPICE TINS PANTRY DESIGN,11,11.0,12056,United Kingdom
536421,SKU_29474,RETROSPOT GARDEN WATERING CAN,5,15.46,12056,United Kingdom
536421,SKU_93482,SWEETHEART CERAMIC TRINKET BOX,12,2.54,12056,United Kingdom
536421,SKU_94290,GREEN REGENCY TEACUP AND SAUCER,2,12.09,12056,United Kingdom
536421,SKU_31997,DOLLY GIRL LUNCH BOX,12,13.68,12056,United Kingdom
536422,SKU_38752,ALARM CLOCK BAKELIKE GREEN,10,10.98,12057,United Kingdom
536422,SKU_22758,JUMBO BAG WOODLAND ANIMALS,8,14.26,12057,United Kingdom
536422,SKU_59570,GARDENERS KNEELING PAD KEEP CALM,3,4.56,12057,United Kingdom
536422,SKU_68307,CHARLOTTE BAG PINK POLKADOT,11,4.87,12057,United Kingdom
536422,SKU_32339,HEART OF WICKER LARGE,5,10.75,12057,United Kingdom
536422,SKU_92886,ALARM CLOCK BAKELIKE RED,8,14.09,12057,United Kingdom
536423,SKU_20773,LUNCH BAG RED RETROSPOT,6,9.44,12058,United Kingdom
536423,SKU_22758,JUMBO BAG WOODLAND ANIMALS,12,5.46,12058,United Kingdom
536423,SKU_02417,ALARM CLOCK BAKELIKE PINK,11,6.89,12058,United Kingdom
536423,SKU_03409,GARDENERS KNEELING PAD CUP OF TEA,1,9.31,12058,United Kingdom
536423,SKU_68307,CHARLOTTE BAG PINK POLKADOT,11,12.34,12058,United Kingdom
536423,SKU_59570,GARDENERS KNEELING PAD KEEP CALM,1,14.23,12058,United Kingdom
536423,SKU_64311,CERAMIC STRAWBERRY CAKE STAND,12,8.33,12058,United Kingdom
536424,SKU_09699,RECIPE BOX PANTRY DESIGN,2,14.21,12059,United Kingdom
536424,SKU_06213,CHILLI LIGHTS,6,11.9,12059,United Kingdom
536424,SKU_87304,SPACEBOY LUNCH BOX,3,4.11,12059,United Kingdom
536424,SKU_16078,CHARLOTTE BAG SUKI DESIGN,9,13.74,12059,United Kingdom
536424,SKU_44719,JUMBO BAG RED RETROSPOT,6,8.81,12059,United Kingdom
536424,SKU_32339,HEART OF WICKER LARGE,5,13.08,12059,United Kingdom
536424,SKU_89820,SET OF 3 CAKE TINS PANTRY DESIGN,5,14.28,12059,United Kingdom
536425,SKU_38752,ALARM CLOCK BAKELIKE GREEN,2,7.92,12060,United Kingdom
536425,SKU_10322,PAPER CHAIN KIT VINTAGE CHRISTMAS,2,3.26,12060,United Kingdom
536426,SKU_03409,GARDENERS KNEELING PAD CUP OF TEA,10,6.68,12061,United Kingdom
536426,SKU_09699,RECIPE BOX PANTRY DESIGN,11,14.65,12061,United Kingdom
536426,SKU_80590,VICTORIAN GLASS HANGING T-LIGHT,2,10.87,12061,United Kingdom
536426,SKU_64311,CERAMIC STRAWBERRY CAKE STAND,8,1.61,12061,United Kingdom
536427,SKU_87304,SPACEBOY LUNCH BOX,12,5.56,12062,United Kingdom
536427,SKU_32339,HEART OF WICKER LARGE,7,2.91,12062,United Kingdom
536428,SKU_65048,PINK REGENCY TEACUP AND SAUCER,9,3.18,12063,United Kingdom
536428,SKU_85409,REGENCY TEAPOT,8,6.54,12063,United Kingdom
536428,SKU_94290,GREEN REGENCY TEACUP AND SAUCER,12,11.17,12063,United Kingdom
536428,SKU_74486,REGENCY CAKESTAND 3 TIER,9,7.22,12063,United Kingdom
536429,SKU_25782,WOODLAND CHARLOTTE BAG,7,14.63,12064,United Kingdom
536429,SKU_64311,CERAMIC STRAWBERRY CAKE STAND,5,1.72,12064,United Kingdom
536430,SKU_06213,CHILLI LIGHTS,5,3.95,12065,United Kingdom
536430,SKU_16078,CHARLOTTE BAG SUKI DESIGN,2,14.77,12065,United Kingdom
536430,SKU_68307,CHARLOTTE BAG PINK POLKADOT,8,2.56,12065,United Kingdom
536430,SKU_77748,STRAWBERRY CERAMIC TRINKET BOX,4,10.39,12065,United Kingdom
536430,SKU_25782,WOODLAND CHARLOTTE BAG,10,15.09,12065,United Kingdom
536430,SKU_64311,CERAMIC STRAWBERRY CAKE STAND,1,12.46,12065,United Kingdom
536431,SKU_55418,JUMBO BAG PINK POLKADOT,4,12.84,12066,United Kingdom
536431,SKU_22758,JUMBO BAG WOODLAND ANIMALS,4,5.93,12066,United Kingdom
536431,SKU_44719,JUMBO BAG RED RETROSPOT,3,12.49,12066,United Kingdom
536432,SKU_38752,ALARM CLOCK BAKELIKE GREEN,3,2.82,12067,United Kingdom
536432,SKU_92886,ALARM CLOCK BAKELIKE RED,1,3.13,12067,United Kingdom
536433,SKU_86048,SET OF 6 SPICE TINS PANTRY DESIGN,1,3.06,12068,United Kingdom
536433,SKU_09699,RECIPE BOX PANTRY DESIGN,7,8.75,12068,United Kingdom
536433,SKU_89820,SET OF 3 CAKE TINS PANTRY DESIGN,12,2.16,12068,United Kingdom
536434,SKU_26130,PAPER CHAIN KIT 50S CHRISTMAS,5,7.78,12069,United Kingdom
536434,SKU_10322,PAPER CHAIN KIT VINTAGE CHRISTMAS,1,2.12,12069,United Kingdom
536434,SKU_72894,DOORMAT KEEP CALM AND COME IN,8,13.32,12069,United Kingdom
536434,SKU_94290,GREEN REGENCY TEACUP AND SAUCER,7,11.03,12069,United Kingdom
536435,SKU_85409,REGENCY TEAPOT,9,9.88,12070,United Kingdom
536435,SKU_29474,RETROSPOT GARDEN WATERING CAN,2,12.55,12070,United Kingdom
536435,SKU_16078,CHARLOTTE BAG SUKI DESIGN,2,13.4,12070,United Kingdom
536435,SKU_03409,GARDENERS KNEELING PAD CUP OF TEA,11,13.76,12070,United Kingdom
536435,SKU_68307,CHARLOTTE BAG PINK POLKADOT,9,11.52,12070,United Kingdom
536435,SKU_23059,PARTY BUNTING,4,7.38,12070,United Kingdom
536436,SKU_03409,GARDENERS KNEELING PAD CUP OF TEA,7,7.18,12071,United Kingdom
536437,SKU_93482,SWEETHEART CERAMIC TRINKET BOX,3,11.04,12072,United Kingdom
536437,SKU_77748,STRAWBERRY CERAMIC TRINKET BOX,8,2.21,12072,United Kingdom
536437,SKU_64311,CERAMIC STRAWBERRY CAKE STAND,2,2.58,12072,United Kingdom
536438,SKU_10696,VINTAGE HEADS AND HORNS WALL ART,9,5.95,12073,United Kingdom
536438,SKU_26130,PAPER CHAIN KIT 50S CHRISTMAS,2,7.1,12073,United Kingdom
536438,SKU_80590,VICTORIAN GLASS HANGING T-LIGHT,11,14.66,12073,United Kingdom
536439,SKU_85409,REGENCY TEAPOT,10,8.48,12074,United Kingdom
536439,SKU_94290,GREEN REGENCY TEACUP AND SAUCER,3,10.61,12074,United Kingdom
536439,SKU_38659,ROSES REGENCY TEACUP AND SAUCER,4,13.32,12074,United Kingdom
536439,SKU_74486,REGENCY CAKESTAND 3 TIER,6,13.3,12074,United Kingdom
536440,SKU_38752,ALARM CLOCK BAKELIKE GREEN,6,1.34,12075,United Kingdom
536440,SKU_02417,ALARM CLOCK BAKELIKE PINK,3,9.32,12075,United Kingdom
536440,SKU_10322,PAPER CHAIN KIT VINTAGE CHRISTMAS,7,2.24,12075,United Kingdom
536440,SKU_92886,ALARM CLOCK BAKELIKE RED,12,10.27,12075,United Kingdom
536441,SKU_59297,POPCORN HOLDER,10,2.46,12076,United Kingdom
536441,SKU_29474,RETROSPOT GARDEN WATERING CAN,1,3.47,12076,United Kingdom
536441,SKU_26130,PAPER CHAIN KIT 50S CHRISTMAS,10,1.96,12076,United Kingdom
536441,SKU_59570,GARDENERS KNEELING PAD KEEP CALM,2,5.13,12076,United Kingdom
536441,SKU_55418,JUMBO BAG PINK POLKADOT,11,7.29,12076,United Kingdom
536442,SKU_93482,SWEETHEART CERAMIC TRINKET BOX,7,2.83,12077,United Kingdom
536442,SKU_77748,STRAWBERRY CERAMIC TRINKET BOX,11,10.92,12077,United Kingdom
536442,SKU_64311,CERAMIC STRAWBERRY CAKE STAND,8,8.76,12077,United Kingdom
536443,SKU_86048,SET OF 6 SPICE TINS PANTRY DESIGN,3,3.09,12078,United Kingdom
536443,SKU_38752,ALARM CLOCK BAKELIKE GREEN,9,11.28,12078,United Kingdom
536443,SKU_09699,RECIPE BOX PANTRY DESIGN,9,9.21,12078,United Kingdom
536443,SKU_68307,CHARLOTTE BAG PINK POLKADOT,11,12.74,12078,United Kingdom
536443,SKU_74486,REGENCY CAKESTAND 3 TIER,2,6.91,12078,United Kingdom
536443,SKU_89820,SET OF 3 CAKE TINS PANTRY DESIGN,12,1.85,12078,United Kingdom
536444,SKU_16078,CHARLOTTE BAG SUKI DESIGN,6,3.7,12079,United Kingdom
536444,SKU_11920,HEART OF WICKER SMALL,10,7.81,12079,United Kingdom
536444,SKU_32339,HEART OF WICKER LARGE,12,14.36,12079,United Kingdom
536444,SKU_77748,STRAWBERRY CERAMIC TRINKET BOX,2,7.47,12079,United Kingdom
536444,SKU_15736,RED HANGING HEART T-LIGHT HOLDER,2,4.72,12079,United Kingdom
536445,SKU_59570,GARDENERS KNEELING PAD KEEP CALM,12,6.09,12080,United Kingdom
536445,SKU_29474,RETROSPOT GARDEN WATERING CAN,6,12.35,12080,United Kingdom
536446,SKU_15736,RED HANGING HEART T-LIGHT HOLDER,4,2.71,12081,United Kingdom
536446,SKU_53682,WHITE HANGING HEART T-LIGHT HOLDER,5,4.06,12081,United Kingdom
536446,SKU_32339,HEART OF WICKER LARGE,10,3.43,12081,United Kingdom
536446,SKU_11920,HEART OF WICKER SMALL,11,2.32,12081,United Kingdom
536447,SKU_04128,MINI PAINT SET VINTAGE,8,10.96,12082,United Kingdom
536447,SKU_03409,GARDENERS KNEELING PAD CUP OF TEA,10,10.41,12082,United Kingdom
536448,SKU_31997,DOLLY GIRL LUNCH BOX,10,2.05,12083,United Kingdom
536448,SKU_25782,WOODLAND CHARLOTTE BAG,9,2.31,12083,United Kingdom
536448,SKU_92886,ALARM CLOCK BAKELIKE RED,8,7.69,12083,United Kingdom
536449,SKU_04128,MINI PAINT SET VINTAGE,8,14.2,12084,United Kingdom
536449,SKU_02417,ALARM CLOCK BAKELIKE PINK,10,10.54,12084,United Kingdom
536449,SKU_13714,HAND WARMER BIRD NEST,6,9.87,12084,United Kingdom
536449,SKU_94290,GREEN REGENCY TEACUP AND SAUCER,9,3.4,12084,United Kingdom
536449,SKU_92886,ALARM CLOCK BAKELIKE RED,1,7.67,12084,United Kingdom
536450,SKU_06213,CHILLI LIGHTS,5,11.56,12085,United Kingdom
536450,SKU_22758,JUMBO BAG WOODLAND ANIMALS,11,14.99,12085,United Kingdom
536450,SKU_87304,SPACEBOY LUNCH BOX,10,13.69,12085,United Kingdom
536450,SKU_93482,SWEETHEART CERAMIC TRINKET BOX,6,2.41,12085,United Kingdom
536450,SKU_10322,PAPER CHAIN KIT VINTAGE CHRISTMAS,11,3.27,12085,United Kingdom
536450,SKU_53682,WHITE HANGING HEART T-LIGHT HOLDER,6,5.67,12085,United Kingdom
536450,SKU_68307,CHARLOTTE BAG PINK POLKADOT,11,11.2,12085,United Kingdom
536450,SKU_65048,PINK REGENCY TEACUP AND SAUCER,7,3.09,12085,United Kingdom
536451,SKU_11920,HEART OF WICKER SMALL,6,1.51,12086,United Kingdom
536451,SKU_32339,HEART OF WICKER LARGE,5,3.82,12086,United Kingdom
536451,SKU_64311,CERAMIC STRAWBERRY CAKE STAND,4,6.12,12086,United Kingdom
536451,SKU_15736,RED HANGING HEART T-LIGHT HOLDER,8,3.99,12086,United Kingdom
536451,SKU_72894,DOORMAT KEEP CALM AND COME IN,3,3.46,12086,United Kingdom
536452,SKU_11920,HEART OF WICKER SMALL,10,6.62,12087,United Kingdom
536452,SKU_53682,WHITE HANGING HEART T-LIGHT HOLDER,3,3.83,12087,United Kingdom
536452,SKU_15736,RED HANGING HEART T-LIGHT HOLDER,12,12.24,12087,United Kingdom
536452,SKU_32339,HEART OF WICKER LARGE,3,11.53,12087,United Kingdom
536453,SKU_86048,SET OF 6 SPICE TINS PANTRY DESIGN,4,6.49,12088,United Kingdom
536453,SKU_10696,VINTAGE HEADS AND HORNS WALL ART,10,15.28,12088,United Kingdom
536453,SKU_59570,GARDENERS KNEELING PAD KEEP CALM,8,12.21,12088,United Kingdom
536453,SKU_10322,PAPER CHAIN KIT VINTAGE CHRISTMAS,7,8.42,12088,United Kingdom
536453,SKU_25782,WOODLAND CHARLOTTE BAG,7,15.02,12088,United Kingdom
536454,SKU_65048,PINK REGENCY TEACUP AND SAUCER,12,13.3,12089,United Kingdom
536454,SKU_32339,HEART OF WICKER LARGE,2,5.31,12089,United Kingdom
536454,SKU_77748,STRAWBERRY CERAMIC TRINKET BOX,3,5.14,12089,United Kingdom
536454,SKU_15736,RED HANGING HEART T-LIGHT HOLDER,9,3.35,12089,United Kingdom
536455,SKU_86048,SET OF 6 SPICE TINS PANTRY DESIGN,4,6.75,12090,United Kingdom
536455,SKU_59570,GARDENERS KNEELING PAD KEEP CALM,2,6.59,12090,United Kingdom
536455,SKU_09699,RECIPE BOX PANTRY DESIGN,1,5.79,12090,United Kingdom
536455,SKU_89820,SET OF 3 CAKE TINS PANTRY DESIGN,2,13.21,12090,United Kingdom
536456,SKU_55418,JUMBO BAG PINK POLKADOT,12,13.09,12091,United Kingdom
536456,SKU_22758,JUMBO BAG WOODLAND ANIMALS,12,7.93,12091,United Kingdom
536456,SKU_44719,JUMBO BAG RED RETROSPOT,10,1.32,12091,United Kingdom
536457,SKU_38752,ALARM CLOCK BAKELIKE GREEN,4,7.23,12092,United Kingdom
536457,SKU_65048,PINK REGENCY TEACUP AND SAUCER,10,7.76,12092,United Kingdom
536457,SKU_92886,ALARM CLOCK BAKELIKE RED,2,13.17,12092,United Kingdom
536458,SKU_38752,ALARM CLOCK BAKELIKE GREEN,7,1.27,12093,United Kingdom
536458,SKU_03409,GARDENERS KNEELING PAD CUP OF TEA,6,4.68,12093,United Kingdom
536458,SKU_29474,RETROSPOT GARDEN WATERING CAN,7,3.92,12093,United Kingdom
536459,SKU_03409,GARDENERS KNEELING PAD CUP OF TEA,11,6.76,12094,United Kingdom
536459,SKU_29474,RETROSPOT GARDEN WATERING CAN,6,4.86,12094,United Kingdom
536459,SKU_94290,GREEN REGENCY TEACUP AND SAUCER,1,6.34,12094,United Kingdom
536459,SKU_59570,GARDENERS KNEELING PAD KEEP CALM,2,6.16,12094,United Kingdom
536460,SKU_04128,MINI PAINT SET VINTAGE,6,12.84,12095,United Kingdom
536460,SKU_10322,PAPER CHAIN KIT VINTAGE CHRISTMAS,3,13.08,12095,United Kingdom
536460,SKU_10696,VINTAGE HEADS AND HORNS WALL ART,11,7.87,12095,United Kingdom
536461,SKU_51010,LUNCH BAG PINK POLKADOT,5,8.59,12096,United Kingdom
536461,SKU_38659,ROSES REGENCY TEACUP AND SAUCER,9,8.0,12096,United Kingdom
536461,SKU_20773,LUNCH BAG RED RETROSPOT,1,11.98,12096,United Kingdom
536461,SKU_44719,JUMBO BAG RED RETROSPOT,4,5.33,12096,United Kingdom
536461,SKU_26130,PAPER CHAIN KIT 50S CHRISTMAS,1,13.59,12096,United Kingdom
536462,SKU_15736,RED HANGING HEART T-LIGHT HOLDER,6,15.13,12097,United Kingdom
536462,SKU_93482,SWEETHEART CERAMIC TRINKET BOX,8,11.11,12097,United Kingdom
536462,SKU_32339,HEART OF WICKER LARGE,6,14.42,12097,United Kingdom
536462,SKU_11920,HEART OF WICKER SMALL,9,5.05,12097,United Kingdom
536463,SKU_93482,SWEETHEART CERAMIC TRINKET BOX,9,5.44,12098,United Kingdom
536463,SKU_77748,STRAWBERRY CERAMIC TRINKET BOX,2,2.39,12098,United Kingdom
536464,SKU_38752,ALARM CLOCK BAKELIKE GREEN,12,7.58,12099,United Kingdom
536464,SKU_02417,ALARM CLOCK BAKELIKE PINK,8,1.85,12099,United Kingdom
536464,SKU_92886,ALARM CLOCK BAKELIKE RED,6,10.01,12099,United Kingdom
536465,SKU_44719,JUMBO BAG RED RETROSPOT,1,3.05,12100,United Kingdom
536465,SKU_94290,GREEN REGENCY TEACUP AND SAUCER,4,12.34,12100,United Kingdom
536465,SKU_25782,WOODLAND CHARLOTTE BAG,6,6.41,12100,United Kingdom
536465,SKU_65048,PINK REGENCY TEACUP AND SAUCER,10,1.71,12100,United Kingdom
536465,SKU_55418,JUMBO BAG PINK POLKADOT,3,10.93,12100,United Kingdom
536466,SKU_86048,SET OF 6 SPICE TINS PANTRY DESIGN,2,1.62,12101,United Kingdom
536466,SKU_85409,REGENCY TEAPOT,3,8.36,12101,United Kingdom
536466,SKU_26130,PAPER CHAIN KIT 50S CHRISTMAS,7,14.27,12101,United Kingdom
536466,SKU_72894,DOORMAT KEEP CALM AND COME IN,2,4.98,12101,United Kingdom
536467,SKU_29474,RETROSPOT GARDEN WATERING CAN,4,3.0,12102,United Kingdom
536467,SKU_68307,CHARLOTTE BAG PINK POLKADOT,2,7.69,12102,United Kingdom
536467,SKU_25782,WOODLAND CHARLOTTE BAG,12,7.59,12102,United Kingdom
536468,SKU_10696,VINTAGE HEADS AND HORNS WALL ART,12,11.36,12103,United Kingdom
536468,SKU_10322,PAPER CHAIN KIT VINTAGE CHRISTMAS,12,10.34,12103,United Kingdom
536468,SKU_26130,PAPER CHAIN KIT 50S CHRISTMAS,6,8.5,12103,United Kingdom
536468,SKU_55418,JUMBO BAG PINK POLKADOT,2,15.29,12103,United Kingdom
536469,SKU_59297,POPCORN HOLDER,3,15.11,12104,United Kingdom
536469,SKU_85409,REGENCY TEAPOT,11,2.31,12104,United Kingdom
536469,SKU_80590,VICTORIAN GLASS HANGING T-LIGHT,8,10.94,12104,United Kingdom
536469,SKU_16078,CHARLOTTE BAG SUKI DESIGN,6,3.08,12104,United Kingdom
536469,SKU_53682,WHITE HANGING HEART T-LIGHT HOLDER,9,10.37,12104,United Kingdom
536469,SKU_59570,GARDENERS KNEELING PAD KEEP CALM,3,12.19,12104,United Kingdom
536470,SKU_29474,RETROSPOT GARDEN WATERING CAN,5,13.3,12105,United Kingdom
536470,SKU_03409,GARDENERS KNEELING PAD CUP OF TEA,5,4.05,12105,United Kingdom
536470,SKU_55418,JUMBO BAG PINK POLKADOT,9,5.16,12105,United Kingdom
536470,SKU_89820,SET OF 3 CAKE TINS PANTRY DESIGN,11,5.57,12105,United Kingdom
536470,SKU_72894,DOORMAT KEEP CALM AND COME IN,9,2.58,12105,United Kingdom
536471,SKU_51010,LUNCH BAG PINK POLKADOT,1,13.01,12106,United Kingdom
536471,SKU_20773,LUNCH BAG RED RETROSPOT,1,2.41,12106,United Kingdom
536471,SKU_22758,JUMBO BAG WOODLAND ANIMALS,11,12.24,12106,United Kingdom
536472,SKU_86048,SET OF 6 SPICE TINS PANTRY DESIGN,4,12.72,12107,United Kingdom
536472,SKU_38752,ALARM CLOCK BAKELIKE GREEN,11,7.04,12107,United Kingdom
536472,SKU_09699,RECIPE BOX PANTRY DESIGN,8,2.29,12107,United Kingdom
536472,SKU_89820,SET OF 3 CAKE TINS PANTRY DESIGN,1,3.5,12107,United Kingdom
536472,SKU_49885,ASSORTED COLOUR BIRD ORNAMENT,7,8.15,12107,United Kingdom
536473,SKU_38752,ALARM CLOCK BAKELIKE GREEN,10,7.21,12108,United Kingdom
536473,SKU_51010,LUNCH BAG PINK POLKADOT,3,12.84,12108,United Kingdom
536473,SKU_22758,JUMBO BAG WOODLAND ANIMALS,10,11.53,12108,United Kingdom
536473,SKU_44719,JUMBO BAG RED RETROSPOT,4,12.12,12108,United Kingdom
536473,SKU_11920,HEART OF WICKER SMALL,8,15.44,12108,United Kingdom
536473,SKU_13714,HAND WARMER BIRD NEST,8,8.36,12108,United Kingdom
536473,SKU_26130,PAPER CHAIN KIT 50S CHRISTMAS,5,8.34,12108,United Kingdom
536473,SKU_55418,JUMBO BAG PINK POLKADOT,2,14.72,12108,United Kingdom
536474,SKU_86048,SET OF 6 SPICE TINS PANTRY DESIGN,10,13.82,12109,United Kingdom
536474,SKU_09699,RECIPE BOX PANTRY DESIGN,11,10.83,12109,United Kingdom
536474,SKU_38752,ALARM CLOCK BAKELIKE GREEN,5,8.9,12109,United Kingdom
536475,SKU_38752,ALARM CLOCK BAKELIKE GREEN,9,5.24,12110,United Kingdom
536475,SKU_09699,RECIPE BOX PANTRY DESIGN,10,10.95,12110,United Kingdom
536475,SKU_03409,GARDENERS KNEELING PAD CUP OF TEA,2,3.08,12110,United Kingdom
536475,SKU_59570,GARDENERS KNEELING PAD KEEP CALM,2,6.86,12110,United Kingdom
536475,SKU_64311,CERAMIC STRAWBERRY CAKE STAND,6,9.2,12110,United Kingdom
536476,SKU_51010,LUNCH BAG PINK POLKADOT,10,13.98,12111,United Kingdom
536476,SKU_38659,ROSES REGENCY TEACUP AND SAUCER,3,5.92,12111,United Kingdom
536476,SKU_20773,LUNCH BAG RED RETROSPOT,10,5.79,12111,United Kingdom
536476,SKU_22758,JUMBO BAG WOODLAND ANIMALS,7,15.37,12111,United Kingdom
536476,SKU_44719,JUMBO BAG RED RETROSPOT,12,13.26,12111,United Kingdom
536476,SKU_59570,GARDENERS KNEELING PAD KEEP CALM,10,6.04,12111,United Kingdom
536477,SKU_04128,MINI PAINT SET VINTAGE,3,12.96,12112,United Kingdom
536477,SKU_59297,POPCORN HOLDER,4,1.7,12112,United Kingdom
536477,SKU_87304,SPACEBOY LUNCH BOX,12,2.82,12112,United Kingdom
536477,SKU_93482,SWEETHEART CERAMIC TRINKET BOX,1,7.53,12112,United Kingdom
536477,SKU_11920,HEART OF WICKER SMALL,7,3.41,12112,United Kingdom
536477,SKU_94290,GREEN REGENCY TEACUP AND SAUCER,12,4.16,12112,United Kingdom
536477,SKU_68307,CHARLOTTE BAG PINK POLKADOT,9,12.29,12112,United Kingdom
536477,SKU_65048,PINK REGENCY TEACUP AND SAUCER,8,13.69,12112,United Kingdom
536477,SKU_55418,JUMBO BAG PINK POLKADOT,12,11.62,12112,United Kingdom
536477,SKU_31997,DOLLY GIRL LUNCH BOX,12,3.22,12112,United Kingdom
536478,SKU_06213,CHILLI LIGHTS,12,5.02,12113,United Kingdom
536478,SKU_10696,VINTAGE HEADS AND HORNS WALL ART,8,3.99,12113,United Kingdom
536478,SKU_03409,GARDENERS KNEELING PAD CUP OF TEA,4,5.23,12113,United Kingdom
536478,SKU_26130,PAPER CHAIN KIT 50S CHRISTMAS,5,4.45,12113,United Kingdom
536478,SKU_10322,PAPER CHAIN KIT VINTAGE CHRISTMAS,5,12.24,12113,United Kingdom
536479,SKU_59570,GARDENERS KNEELING PAD KEEP CALM,7,12.91,12114,United Kingdom
536479,SKU_68307,CHARLOTTE BAG PINK POLKADOT,3,5.39,12114,United Kingdom
536479,SKU_16078,CHARLOTTE BAG SUKI DESIGN,5,14.86,12114,United Kingdom
536479,SKU_25782,WOODLAND CHARLOTTE BAG,2,6.19,12114,United Kingdom
536480,SKU_38752,ALARM CLOCK BAKELIKE GREEN,11,4.57,12115,United Kingdom
536480,SKU_02417,ALARM CLOCK BAKELIKE PINK,2,7.14,12115,United Kingdom
536480,SKU_03409,GARDENERS KNEELING PAD CUP OF TEA,12,7.98,12115,United Kingdom
536480,SKU_92886,ALARM CLOCK BAKELIKE RED,11,12.23,12115,United Kingdom
536480,SKU_89820,SET OF 3 CAKE TINS PANTRY DESIGN,1,14.99,12115,United Kingdom
536481,SKU_68307,CHARLOTTE BAG PINK POLKADOT,11,4.09,12116,United Kingdom
536482,SKU_15736,RED HANGING HEART T-LIGHT HOLDER,3,7.2,12117,United Kingdom
536482,SKU_94290,GREEN REGENCY TEACUP AND SAUCER,3,14.56,12117,United Kingdom
536482,SKU_06213,CHILLI LIGHTS,1,15.46,12117,United Kingdom
536483,SKU_68307,CHARLOTTE BAG PINK POLKADOT,1,1.38,12118,United Kingdom
536483,SKU_25782,WOODLAND CHARLOTTE BAG,10,9.84,12118,United Kingdom
536484,SKU_11920,HEART OF WICKER SMALL,5,11.49,12119,United Kingdom
536484,SKU_03409,GARDENERS KNEELING PAD CUP OF TEA,1,11.75,12119,United Kingdom
536484,SKU_32339,HEART OF WICKER LARGE,5,9.34,12119,United Kingdom
536484,SKU_25782,WOODLAND CHARLOTTE BAG,4,3.75,12119,United Kingdom
536484,SKU_49885,ASSORTED COLOUR BIRD ORNAMENT,11,14.03,12119,United Kingdom
536485,SKU_86048,SET OF 6 SPICE TINS PANTRY DESIGN,6,5.55,12120,United Kingdom
536485,SKU_20773,LUNCH BAG RED RETROSPOT,12,9.41,12120,United Kingdom
536485,SKU_53682,WHITE HANGING HEART T-LIGHT HOLDER,5,10.56,12120,United Kingdom
536485,SKU_77748,STRAWBERRY CERAMIC TRINKET BOX,12,4.62,12120,United Kingdom
536485,SKU_92886,ALARM CLOCK BAKELIKE RED,11,2.93,12120,United Kingdom
536485,SKU_15736,RED HANGING HEART T-LIGHT HOLDER,5,3.53,12120,United Kingdom
536486,SKU_38752,ALARM CLOCK BAKELIKE GREEN,9,12.68,12121,United Kingdom
536486,SKU_20773,LUNCH BAG RED RETROSPOT,4,12.11,12121,United Kingdom
536486,SKU_02417,ALARM CLOCK BAKELIKE PINK,11,12.01,12121,United Kingdom
536486,SKU_10322,PAPER CHAIN KIT VINTAGE CHRISTMAS,2,8.74,12121,United Kingdom
536486,SKU_59570,GARDENERS KNEELING PAD KEEP CALM,9,11.28,12121,United Kingdom
536486,SKU_89820,SET OF 3 CAKE TINS PANTRY DESIGN,2,14.32,12121,United Kingdom
536487,SKU_03409,GARDENERS KNEELING PAD CUP OF TEA,3,5.93,12122,United Kingdom
536487,SKU_29474,RETROSPOT GARDEN WATERING CAN,9,7.55,12122,United Kingdom
536488,SKU_68307,CHARLOTTE BAG PINK POLKADOT,1,7.71,12123,United Kingdom
536488,SKU_25782,WOODLAND CHARLOTTE BAG,9,7.17,12123,United Kingdom
536489,SKU_03409,GARDENERS KNEELING PAD CUP OF TEA,7,4.88,12124,United Kingdom
536489,SKU_29474,RETROSPOT GARDEN WATERING CAN,1,11.88,12124,United Kingdom
536489,SKU_59570,GARDENERS KNEELING PAD KEEP CALM,10,2.29,12124,United Kingdom
536490,SKU_15736,RED HANGING HEART T-LIGHT HOLDER,5,7.08,12125,United Kingdom
536490,SKU_53682,WHITE HANGING HEART T-LIGHT HOLDER,3,12.16,12125,United Kingdom
536490,SKU_32339,HEART OF WICKER LARGE,12,10.45,12125,United Kingdom
536490,SKU_11920,HEART OF WICKER SMALL,7,6.59,12125,United Kingdom
536491,SKU_93482,SWEETHEART CERAMIC TRINKET BOX,3,10.56,12126,United Kingdom
536491,SKU_49885,ASSORTED COLOUR BIRD ORNAMENT,6,2.94,12126,United Kingdom
536492,SKU_32339,HEART OF WICKER LARGE,12,15.2,12127,United Kingdom
536493,SKU_02417,ALARM CLOCK BAKELIKE PINK,7,8.83,12128,United Kingdom
536493,SKU_49885,ASSORTED COLOUR BIRD ORNAMENT,4,4.78,12128,United Kingdom
536494,SKU_02417,ALARM CLOCK BAKELIKE PINK,1,12.79,12129,United Kingdom
536494,SKU_92886,ALARM CLOCK BAKELIKE RED,7,10.01,12129,United Kingdom
536495,SKU_86048,SET OF 6 SPICE TINS PANTRY DESIGN,4,11.8,12130,United Kingdom
536495,SKU_53682,WHITE HANGING HEART T-LIGHT HOLDER,7,7.51,12130,United Kingdom
536495,SKU_65048,PINK REGENCY TEACUP AND SAUCER,9,4.35,12130,United Kingdom
536496,SKU_38752,ALARM CLOCK BAKELIKE GREEN,1,9.18,12131,United Kingdom
536496,SKU_51010,LUNCH BAG PINK POLKADOT,10,13.79,12131,United Kingdom
536496,SKU_10696,VINTAGE HEADS AND HORNS WALL ART,3,10.17,12131,United Kingdom
536496,SKU_26130,PAPER CHAIN KIT 50S CHRISTMAS,7,9.17,12131,United Kingdom
536496,SKU_59570,GARDENERS KNEELING PAD KEEP CALM,1,15.11,12131,United Kingdom
536497,SKU_02417,ALARM CLOCK BAKELIKE PINK,8,4.68,12132,United Kingdom
536497,SKU_16078,CHARLOTTE BAG SUKI DESIGN,4,5.54,12132,United Kingdom
536497,SKU_49885,ASSORTED COLOUR BIRD ORNAMENT,12,3.31,12132,United Kingdom
536497,SKU_72894,DOORMAT KEEP CALM AND COME IN,8,14.29,12132,United Kingdom
536498,SKU_10696,VINTAGE HEADS AND HORNS WALL ART,2,8.88,12133,United Kingdom
536498,SKU_93482,SWEETHEART CERAMIC TRINKET BOX,4,1.98,12133,United Kingdom
536498,SKU_68307,CHARLOTTE BAG PINK POLKADOT,7,10.85,12133,United Kingdom
536498,SKU_77748,STRAWBERRY CERAMIC TRINKET BOX,10,1.81,12133,United Kingdom
536499,SKU_03409,GARDENERS KNEELING PAD CUP OF TEA,6,5.57,12134,United Kingdom
536499,SKU_59570,GARDENERS KNEELING PAD KEEP CALM,1,4.27,12134,United Kingdom
536500,SKU_11920,HEART OF WICKER SMALL,4,9.12,12135,United Kingdom
536500,SKU_53682,WHITE HANGING HEART T-LIGHT HOLDER,5,6.67,12135,United Kingdom
536500,SKU_32339,HEART OF WICKER LARGE,9,10.49,12135,United Kingdom
536500,SKU_15736,RED HANGING HEART T-LIGHT HOLDER,5,4.98,12135,United Kingdom
536501,SKU_68307,CHARLOTTE BAG PINK POLKADOT,4,6.53,12136,United Kingdom
536501,SKU_25782,WOODLAND CHARLOTTE BAG,7,1.9,12136,United Kingdom
536501,SKU_16078,CHARLOTTE BAG SUKI DESIGN,4,11.81,12136,United Kingdom
536502,SKU_03409,GARDENERS KNEELING PAD CUP OF TEA,6,4.53,12137,United Kingdom
536502,SKU_59570,GARDENERS KNEELING PAD KEEP CALM,10,13.13,12137,United Kingdom
536502,SKU_29474,RETROSPOT GARDEN WATERING CAN,8,9.1,12137,United Kingdom
536503,SKU_29474,RETROSPOT GARDEN WATERING CAN,12,8.24,12138,United Kingdom
536503,SKU_06213,CHILLI LIGHTS,3,11.69,12138,United Kingdom
536504,SKU_51010,LUNCH BAG PINK POLKADOT,11,1.94,12139,United Kingdom
536504,SKU_20773,LUNCH BAG RED RETROSPOT,1,7.13,12139,United Kingdom
536504,SKU_22758,JUMBO BAG WOODLAND ANIMALS,11,4.55,12139,United Kingdom
536504,SKU_44719,JUMBO BAG RED RETROSPOT,12,3.4,12139,United Kingdom
536504,SKU_55418,JUMBO BAG PINK POLKADOT,4,8.46,12139,United Kingdom
536505,SKU_68307,CHARLOTTE BAG PINK POLKADOT,1,1.49,12140,United Kingdom
536505,SKU_25782,WOODLAND CHARLOTTE BAG,12,5.17,12140,United Kingdom
536505,SKU_16078,CHARLOTTE BAG SUKI DESIGN,5,1.49,12140,United Kingdom
536506,SKU_15736,RED HANGING HEART T-LIGHT HOLDER,4,3.99,12141,United Kingdom
536506,SKU_22758,JUMBO BAG WOODLAND ANIMALS,9,4.85,12141,United Kingdom
536507,SKU_86048,SET OF 6 SPICE TINS PANTRY DESIGN,11,1.38,12142,United Kingdom
536507,SKU_93482,SWEETHEART CERAMIC TRINKET BOX,3,2.43,12142,United Kingdom
536507,SKU_53682,WHITE HANGING HEART T-LIGHT HOLDER,7,10.44,12142,United Kingdom
536507,SKU_64311,CERAMIC STRAWBERRY CAKE STAND,6,9.31,12142,United Kingdom
536507,SKU_65048,PINK REGENCY TEACUP AND SAUCER,2,14.0,12142,United Kingdom
536507,SKU_89820,SET OF 3 CAKE TINS PANTRY DESIGN,1,4.52,12142,United Kingdom
536508,SKU_59297,POPCORN HOLDER,8,5.11,12143,United Kingdom
536509,SKU_59297,POPCORN HOLDER,11,1.72,12144,United Kingdom
536509,SKU_92886,ALARM CLOCK BAKELIKE RED,6,1.47,12144,United Kingdom
536510,SKU_51010,LUNCH BAG PINK POLKADOT,11,14.03,12145,United Kingdom
536510,SKU_20773,LUNCH BAG RED RETROSPOT,6,6.72,12145,United Kingdom
536510,SKU_22758,JUMBO BAG WOODLAND ANIMALS,12,3.24,12145,United Kingdom
536510,SKU_44719,JUMBO BAG RED RETROSPOT,12,11.57,12145,United Kingdom
536510,SKU_55418,JUMBO BAG PINK POLKADOT,9,11.87,12145,United Kingdom
536511,SKU_15736,RED HANGING HEART T-LIGHT HOLDER,10,6.9,12146,United Kingdom
536511,SKU_53682,WHITE HANGING HEART T-LIGHT HOLDER,6,1.67,12146,United Kingdom
536511,SKU_32339,HEART OF WICKER LARGE,5,12.42,12146,United Kingdom
536511,SKU_87304,SPACEBOY LUNCH BOX,8,8.24,12146,United Kingdom
536512,SKU_38752,ALARM CLOCK BAKELIKE GREEN,2,5.07,12147,United Kingdom
536512,SKU_85409,REGENCY TEAPOT,7,11.39,12147,United Kingdom
536512,SKU_93482,SWEETHEART CERAMIC TRINKET BOX,11,3.45,12147,United Kingdom
536512,SKU_77748,STRAWBERRY CERAMIC TRINKET BOX,7,5.76,12147,United Kingdom
536512,SKU_64311,CERAMIC STRAWBERRY CAKE STAND,2,2.55,12147,United Kingdom
536513,SKU_16078,CHARLOTTE BAG SUKI DESIGN,9,2.58,12148,United Kingdom
536513,SKU_80590,VICTORIAN GLASS HANGING T-LIGHT,10,12.43,12148,United Kingdom
536513,SKU_11920,HEART OF WICKER SMALL,7,1.43,12148,United Kingdom
536513,SKU_92886,ALARM CLOCK BAKELIKE RED,7,6.78,12148,United Kingdom
536513,SKU_15736,RED HANGING HEART T-LIGHT HOLDER,2,11.58,12148,United Kingdom
536514,SKU_86048,SET OF 6 SPICE TINS PANTRY DESIGN,5,8.28,12149,United Kingdom
536514,SKU_09699,RECIPE BOX PANTRY DESIGN,2,3.63,12149,United Kingdom
536514,SKU_38752,ALARM CLOCK BAKELIKE GREEN,5,7.25,12149,United Kingdom
536515,SKU_11920,HEART OF WICKER SMALL,10,10.04,12150,United Kingdom
536515,SKU_53682,WHITE HANGING HEART T-LIGHT HOLDER,8,2.77,12150,United Kingdom
536515,SKU_15736,RED HANGING HEART T-LIGHT HOLDER,5,1.35,12150,United Kingdom
536516,SKU_93482,SWEETHEART CERAMIC TRINKET BOX,10,3.19,12151,United Kingdom
536516,SKU_77748,STRAWBERRY CERAMIC TRINKET BOX,6,9.85,12151,United Kingdom
536516,SKU_06213,CHILLI LIGHTS,12,4.11,12151,United Kingdom
536516,SKU_64311,CERAMIC STRAWBERRY CAKE STAND,6,3.78,12151,United Kingdom
536517,SKU_10696,VINTAGE HEADS AND HORNS WALL ART,6,6.61,12152,United Kingdom
536517,SKU_26130,PAPER CHAIN KIT 50S CHRISTMAS,7,6.45,12152,United Kingdom
536517,SKU_10322,PAPER CHAIN KIT VINTAGE CHRISTMAS,10,4.1,12152,United Kingdom
536518,SKU_38752,ALARM CLOCK BAKELIKE GREEN,11,5.57,12153,United Kingdom
536518,SKU_85409,REGENCY TEAPOT,5,10.64,12153,United Kingdom
536518,SKU_51010,LUNCH BAG PINK POLKADOT,12,7.28,12153,United Kingdom
536518,SKU_16078,CHARLOTTE BAG SUKI DESIGN,7,2.3,12153,United Kingdom
536518,SKU_03409,GARDENERS KNEELING PAD CUP OF TEA,10,8.08,12153,United Kingdom
536518,SKU_32339,HEART OF WICKER LARGE,7,8.86,12153,United Kingdom
536519,SKU_09699,RECIPE BOX PANTRY DESIGN,11,9.98,12154,United Kingdom
536519,SKU_16078,CHARLOTTE BAG SUKI DESIGN,10,15.27,12154,United Kingdom
536519,SKU_53682,WHITE HANGING HEART T-LIGHT HOLDER,11,10.47,12154,United Kingdom
536519,SKU_77748,STRAWBERRY CERAMIC TRINKET BOX,6,15.01,12154,United Kingdom
536519,SKU_55418,JUMBO BAG PINK POLKADOT,7,2.76,12154,United Kingdom
536519,SKU_49885,ASSORTED COLOUR BIRD ORNAMENT,2,4.94,12154,United Kingdom
536520,SKU_04128,MINI PAINT SET VINTAGE,12,8.38,12155,United Kingdom
536520,SKU_59570,GARDENERS KNEELING PAD KEEP CALM,6,15.47,12155,United Kingdom
536520,SKU_29474,RETROSPOT GARDEN WATERING CAN,8,2.74,12155,United Kingdom
536521,SKU_03409,GARDENERS KNEELING PAD CUP OF TEA,2,7.49,12156,United Kingdom
536521,SKU_59570,GARDENERS KNEELING PAD KEEP CALM,12,7.7,12156,United Kingdom
536521,SKU_32339,HEART OF WICKER LARGE,2,5.53,12156,United Kingdom
536521,SKU_15736,RED HANGING HEART T-LIGHT HOLDER,12,2.89,12156,United Kingdom
536521,SKU_72894,DOORMAT KEEP CALM AND COME IN,6,10.48,12156,United Kingdom
536522,SKU_51010,LUNCH BAG PINK POLKADOT,3,5.97,12157,United Kingdom
536522,SKU_55418,JUMBO BAG PINK POLKADOT,7,14.91,12157,United Kingdom
536522,SKU_22758,JUMBO BAG WOODLAND ANIMALS,4,12.62,12157,United Kingdom
536523,SKU_51010,LUNCH BAG PINK POLKADOT,1,11.29,12158,United Kingdom
536523,SKU_20773,LUNCH BAG RED RETROSPOT,4,5.22,12158,United Kingdom
536523,SKU_22758,JUMBO BAG WOODLAND ANIMALS,12,12.77,12158,United Kingdom
536523,SKU_93482,SWEETHEART CERAMIC TRINKET BOX,2,9.48,12158,United Kingdom
536523,SKU_44719,JUMBO BAG RED RETROSPOT,9,3.91,12158,United Kingdom
536523,SKU_55418,JUMBO BAG PINK POLKADOT,6,4.06,12158,United Kingdom
536524,SKU_10696,VINTAGE HEADS AND HORNS WALL ART,6,13.3,12159,United Kingdom
536524,SKU_68307,CHARLOTTE BAG PINK POLKADOT,10,3.71,12159,United Kingdom
536524,SKU_16078,CHARLOTTE BAG SUKI DESIGN,11,11.31,12159,United Kingdom
536524,SKU_25782,WOODLAND CHARLOTTE BAG,5,14.34,12159,United Kingdom
536525,SKU_51010,LUNCH BAG PINK POLKADOT,3,8.19,12160,United Kingdom
536525,SKU_20773,LUNCH BAG RED RETROSPOT,9,11.13,12160,United Kingdom
536525,SKU_93482,SWEETHEART CERAMIC TRINKET BOX,11,14.51,12160,United Kingdom
536525,SKU_44719,JUMBO BAG RED RETROSPOT,3,9.16,12160,United Kingdom
536525,SKU_23059,PARTY BUNTING,8,5.37,12160,United Kingdom
536525,SKU_55418,JUMBO BAG PINK POLKADOT,3,5.73,12160,United Kingdom
536526,SKU_65048,PINK REGENCY TEACUP AND SAUCER,7,14.98,12161,United Kingdom
536526,SKU_85409,REGENCY TEAPOT,9,10.56,12161,United Kingdom
536526,SKU_94290,GREEN REGENCY TEACUP AND SAUCER,7,11.01,12161,United Kingdom
536526,SKU_74486,REGENCY CAKESTAND 3 TIER,7,11.37,12161,United Kingdom
536527,SKU_51010,LUNCH BAG PINK POLKADOT,8,9.31,12162,United Kingdom
536527,SKU_44719,JUMBO BAG RED RETROSPOT,8,9.08,12162,United Kingdom
536527,SKU_92886,ALARM CLOCK BAKELIKE RED,2,9.41,12162,United Kingdom
536527,SKU_55418,JUMBO BAG PINK POLKADOT,5,12.3,12162,United Kingdom
536527,SKU_89820,SET OF 3 CAKE TINS PANTRY DESIGN,6,8.97,12162,United Kingdom
536528,SKU_68307,CHARLOTTE BAG PINK POLKADOT,2,11.74,12163,United Kingdom
536528,SKU_25782,WOODLAND CHARLOTTE BAG,11,11.96,12163,United Kingdom
536529,SKU_85409,REGENCY TEAPOT,4,4.24,12164,United Kingdom
536529,SKU_38659,ROSES REGENCY TEACUP AND SAUCER,12,9.63,12164,United Kingdom
536529,SKU_94290,GREEN REGENCY TEACUP AND SAUCER,6,13.52,12164,United Kingdom
536529,SKU_74486,REGENCY CAKESTAND 3 TIER,10,10.27,12164,United Kingdom
536529,SKU_65048,PINK REGENCY TEACUP AND SAUCER,3,10.03,12164,United Kingdom
536530,SKU_65048,PINK REGENCY TEACUP AND SAUCER,5,9.41,12165,United Kingdom
536530,SKU_03409,GARDENERS KNEELING PAD CUP OF TEA,9,15.29,12165,United Kingdom
536530,SKU_49885,ASSORTED COLOUR BIRD ORNAMENT,11,12.87,12165,United Kingdom
536530,SKU_38752,ALARM CLOCK BAKELIKE GREEN,3,14.97,12165,United Kingdom
536531,SKU_59297,POPCORN HOLDER,7,6.6,12166,United Kingdom
536531,SKU_26130,PAPER CHAIN KIT 50S CHRISTMAS,2,10.28,12166,United Kingdom
536531,SKU_32339,HEART OF WICKER LARGE,2,6.99,12166,United Kingdom
536531,SKU_92886,ALARM CLOCK BAKELIKE RED,12,5.21,12166,United Kingdom
536531,SKU_64311,CERAMIC STRAWBERRY CAKE STAND,6,7.73,12166,United Kingdom
536531,SKU_31997,DOLLY GIRL LUNCH BOX,8,5.91,12166,United Kingdom
536532,SKU_11920,HEART OF WICKER SMALL,9,6.92,12167,United Kingdom
536532,SKU_53682,WHITE HANGING HEART T-LIGHT HOLDER,7,13.0,12167,United Kingdom
536532,SKU_32339,HEART OF WICKER LARGE,8,5.08,12167,United Kingdom
536532,SKU_15736,RED HANGING HEART T-LIGHT HOLDER,5,6.06,12167,United Kingdom
536533,SKU_20773,LUNCH BAG RED RETROSPOT,8,1.26,12168,United Kingdom
536533,SKU_16078,CHARLOTTE BAG SUKI DESIGN,7,4.13,12168,United Kingdom
536533,SKU_68307,CHARLOTTE BAG PINK POLKADOT,12,14.21,12168,United Kingdom
536533,SKU_25782,WOODLAND CHARLOTTE BAG,11,5.55,12168,United Kingdom
536534,SKU_53682,WHITE HANGING HEART T-LIGHT HOLDER,11,6.39,12169,United Kingdom
536535,SKU_20773,LUNCH BAG RED RETROSPOT,11,7.59,12170,United Kingdom
536535,SKU_22758,JUMBO BAG WOODLAND ANIMALS,1,11.16,12170,United Kingdom
536535,SKU_53682,WHITE HANGING HEART T-LIGHT HOLDER,2,15.33,12170,United Kingdom
536535,SKU_74486,REGENCY CAKESTAND 3 TIER,7,11.14,12170,United Kingdom
536535,SKU_15736,RED HANGING HEART T-LIGHT HOLDER,8,2.26,12170,United Kingdom
536535,SKU_89820,SET OF 3 CAKE TINS PANTRY DESIGN,7,2.52,12170,United Kingdom
536535,SKU_72894,DOORMAT KEEP CALM AND COME IN,2,2.72,12170,United Kingdom
536536,SKU_38752,ALARM CLOCK BAKELIKE GREEN,11,11.91,12171,United Kingdom
536536,SKU_85409,REGENCY TEAPOT,7,10.03,12171,United Kingdom
536536,SKU_51010,LUNCH BAG PINK POLKADOT,8,13.5,12171,United Kingdom
536536,SKU_44719,JUMBO BAG RED RETROSPOT,2,14.03,12171,United Kingdom
536536,SKU_25782,WOODLAND CHARLOTTE BAG,3,11.97,12171,United Kingdom
536536,SKU_92886,ALARM CLOCK BAKELIKE RED,10,11.65,12171,United Kingdom
536537,SKU_86048,SET OF 6 SPICE TINS PANTRY DESIGN,11,13.73,12172,United Kingdom
536537,SKU_38752,ALARM CLOCK BAKELIKE GREEN,4,8.63,12172,United Kingdom
536537,SKU_38659,ROSES REGENCY TEACUP AND SAUCER,9,3.94,12172,United Kingdom
536537,SKU_93482,SWEETHEART CERAMIC TRINKET BOX,7,5.46,12172,United Kingdom
536537,SKU_23059,PARTY BUNTING,1,12.42,12172,United Kingdom
536537,SKU_77748,STRAWBERRY CERAMIC TRINKET BOX,4,8.3,12172,United Kingdom
536537,SKU_64311,CERAMIC STRAWBERRY CAKE STAND,2,4.69,12172,United Kingdom
536538,SKU_15736,RED HANGING HEART T-LIGHT HOLDER,7,13.52,12173,United Kingdom
536538,SKU_53682,WHITE HANGING HEART T-LIGHT HOLDER,10,7.25,12173,United Kingdom
536538,SKU_32339,HEART OF WICKER LARGE,9,10.98,12173,United Kingdom
536538,SKU_11920,HEART OF WICKER SMALL,8,14.85,12173,United Kingdom
536539,SKU_53682,WHITE HANGING HEART T-LIGHT HOLDER,5,4.32,12174,United Kingdom
536540,SKU_29474,RETROSPOT GARDEN WATERING CAN,2,5.67,12175,United Kingdom
536540,SKU_16078,CHARLOTTE BAG SUKI DESIGN,9,14.37,12175,United Kingdom
536540,SKU_92886,ALARM CLOCK BAKELIKE RED,3,8.89,12175,United Kingdom
536540,SKU_64311,CERAMIC STRAWBERRY CAKE STAND,7,9.61,12175,United Kingdom
536540,SKU_31997,DOLLY GIRL LUNCH BOX,11,10.96,12175,United Kingdom
536541,SKU_44719,JUMBO BAG RED RETROSPOT,1,11.34,12176,United Kingdom
536541,SKU_23059,PARTY BUNTING,12,1.41,12176,United Kingdom
536541,SKU_77748,STRAWBERRY CERAMIC TRINKET BOX,8,14.83,12176,United Kingdom
536541,SKU_64311,CERAMIC STRAWBERRY CAKE STAND,9,8.62,12176,United Kingdom
536542,SKU_11920,HEART OF WICKER SMALL,6,12.75,12177,United Kingdom
536542,SKU_26130,PAPER CHAIN KIT 50S CHRISTMAS,5,8.71,12177,United Kingdom
536542,SKU_38659,ROSES REGENCY TEACUP AND SAUCER,5,11.4,12177,United Kingdom
536542,SKU_92886,ALARM CLOCK BAKELIKE RED,10,10.19,12177,United Kingdom
536543,SKU_03409,GARDENERS KNEELING PAD CUP OF TEA,6,3.49,12178,United Kingdom
536543,SKU_59570,GARDENERS KNEELING PAD KEEP CALM,2,13.99,12178,United Kingdom
536543,SKU_29474,RETROSPOT GARDEN WATERING CAN,11,11.55,12178,United Kingdom
536544,SKU_03409,GARDENERS KNEELING PAD CUP OF TEA,7,14.36,12179,United Kingdom
536544,SKU_29474,RETROSPOT GARDEN WATERING CAN,3,14.52,12179,United Kingdom
536544,SKU_68307,CHARLOTTE BAG PINK POLKADOT,1,9.13,12179,United Kingdom
536545,SKU_86048,SET OF 6 SPICE TINS PANTRY DESIGN,5,13.02,12180,United Kingdom
536545,SKU_26130,PAPER CHAIN KIT 50S CHRISTMAS,10,6.56,12180,United Kingdom
536545,SKU_16078,CHARLOTTE BAG SUKI DESIGN,9,10.84,12180,United Kingdom
536546,SKU_86048,SET OF 6 SPICE TINS PANTRY DESIGN,5,5.91,12181,United Kingdom
536546,SKU_89820,SET OF 3 CAKE TINS PANTRY DESIGN,9,7.76,12181,United Kingdom
536546,SKU_38752,ALARM CLOCK BAKELIKE GREEN,6,4.11,12181,United Kingdom
536547,SKU_38752,ALARM CLOCK BAKELIKE GREEN,4,11.69,12182,United Kingdom
536547,SKU_02417,ALARM CLOCK BAKELIKE PINK,9,12.09,12182,United Kingdom
536547,SKU_29474,RETROSPOT GARDEN WATERING CAN,4,3.4,12182,United Kingdom
536548,SKU_59570,GARDENERS KNEELING PAD KEEP CALM,6,1.27,12183,United Kingdom
536548,SKU_74486,REGENCY CAKESTAND 3 TIER,11,6.61,12183,United Kingdom
536549,SKU_86048,SET OF 6 SPICE TINS PANTRY DESIGN,1,14.38,12184,United Kingdom
536549,SKU_51010,LUNCH BAG PINK POLKADOT,9,7.14,12184,United Kingdom
536549,SKU_44719,JUMBO BAG RED RETROSPOT,6,7.78,12184,United Kingdom
536549,SKU_53682,WHITE HANGING HEART T-LIGHT HOLDER,12,2.46,12184,United Kingdom
536549,SKU_65048,PINK REGENCY TEACUP AND SAUCER,2,8.45,12184,United Kingdom
536550,SKU_38752,ALARM CLOCK BAKELIKE GREEN,7,11.24,12185,United Kingdom
536550,SKU_32339,HEART OF WICKER LARGE,12,5.9,12185,United Kingdom
536550,SKU_77748,STRAWBERRY CERAMIC TRINKET BOX,8,5.13,12185,United Kingdom
536550,SKU_64311,CERAMIC STRAWBERRY CAKE STAND,2,14.7,12185,United Kingdom
536551,SKU_26130,PAPER CHAIN KIT 50S CHRISTMAS,7,2.97,12186,United Kingdom
536551,SKU_53682,WHITE HANGING HEART T-LIGHT HOLDER,6,15.0,12186,United Kingdom
536551,SKU_32339,HEART OF WICKER LARGE,4,7.69,12186,United Kingdom
536552,SKU_15736,RED HANGING HEART T-LIGHT HOLDER,1,4.31,12187,United Kingdom
536552,SKU_23059,PARTY BUNTING,6,3.36,12187,United Kingdom
536552,SKU_11920,HEART OF WICKER SMALL,12,4.79,12187,United Kingdom
536553,SKU_29474,RETROSPOT GARDEN WATERING CAN,7,13.43,12188,United Kingdom
536553,SKU_44719,JUMBO BAG RED RETROSPOT,9,11.91,12188,United Kingdom
536553,SKU_59570,GARDENERS KNEELING PAD KEEP CALM,4,2.6,12188,United Kingdom
536554,SKU_51010,LUNCH BAG PINK POLKADOT,4,3.11,12189,United Kingdom
536554,SKU_44719,JUMBO BAG RED RETROSPOT,7,6.55,12189,United Kingdom
536555,SKU_11920,HEART OF WICKER SMALL,4,14.11,12190,United Kingdom
536555,SKU_53682,WHITE HANGING HEART T-LIGHT HOLDER,8,12.78,12190,United Kingdom
536555,SKU_32339,HEART OF WICKER LARGE,2,14.15,12190,United Kingdom
536555,SKU_15736,RED HANGING HEART T-LIGHT HOLDER,6,3.0,12190,United Kingdom
536556,SKU_38659,ROSES REGENCY TEACUP AND SAUCER,5,8.36,12191,United Kingdom
536556,SKU_09699,RECIPE BOX PANTRY DESIGN,9,8.08,12191,United Kingdom
536556,SKU_16078,CHARLOTTE BAG SUKI DESIGN,2,5.24,12191,United Kingdom
536556,SKU_68307,CHARLOTTE BAG PINK POLKADOT,3,7.22,12191,United Kingdom
536556,SKU_64311,CERAMIC STRAWBERRY CAKE STAND,11,13.86,12191,United Kingdom
536556,SKU_89820,SET OF 3 CAKE TINS PANTRY DESIGN,9,4.8,12191,United Kingdom
536557,SKU_10696,VINTAGE HEADS AND HORNS WALL ART,8,9.01,12192,United Kingdom
536557,SKU_38659,ROSES REGENCY TEACUP AND SAUCER,8,6.15,12192,United Kingdom
536558,SKU_10696,VINTAGE HEADS AND HORNS WALL ART,6,9.76,12193,United Kingdom
536558,SKU_26130,PAPER CHAIN KIT 50S CHRISTMAS,1,14.01,12193,United Kingdom
536558,SKU_10322,PAPER CHAIN KIT VINTAGE CHRISTMAS,5,2.08,12193,United Kingdom
536559,SKU_04128,MINI PAINT SET VINTAGE,4,15.13,12194,United Kingdom
536560,SKU_86048,SET OF 6 SPICE TINS PANTRY DESIGN,3,4.62,12195,United Kingdom
536560,SKU_09699,RECIPE BOX PANTRY DESIGN,6,12.74,12195,United Kingdom
536560,SKU_22758,JUMBO BAG WOODLAND ANIMALS,12,6.36,12195,United Kingdom
536560,SKU_93482,SWEETHEART CERAMIC TRINKET BOX,10,1.65,12195,United Kingdom
536560,SKU_89820,SET OF 3 CAKE TINS PANTRY DESIGN,12,6.26,12195,United Kingdom
536561,SKU_53682,WHITE HANGING HEART T-LIGHT HOLDER,1,4.56,12196,United Kingdom
536561,SKU_20773,LUNCH BAG RED RETROSPOT,4,1.53,12196,United Kingdom
536561,SKU_22758,JUMBO BAG WOODLAND ANIMALS,8,1.26,12196,United Kingdom
536561,SKU_44719,JUMBO BAG RED RETROSPOT,10,4.12,12196,United Kingdom
536562,SKU_51010,LUNCH BAG PINK POLKADOT,6,14.94,12197,United Kingdom
536562,SKU_20773,LUNCH BAG RED RETROSPOT,6,11.29,12197,United Kingdom
536562,SKU_22758,JUMBO BAG WOODLAND ANIMALS,11,6.89,12197,United Kingdom
536562,SKU_44719,JUMBO BAG RED RETROSPOT,2,6.05,12197,United Kingdom
536562,SKU_72894,DOORMAT KEEP CALM AND COME IN,6,3.19,12197,United Kingdom
536563,SKU_87304,SPACEBOY LUNCH BOX,6,4.43,12198,United Kingdom
536563,SKU_93482,SWEETHEART CERAMIC TRINKET BOX,10,12.86,12198,United Kingdom
536563,SKU_80590,VICTORIAN GLASS HANGING T-LIGHT,7,5.62,12198,United Kingdom
536563,SKU_77748,STRAWBERRY CERAMIC TRINKET BOX,12,5.45,12198,United Kingdom
536563,SKU_64311,CERAMIC STRAWBERRY CAKE STAND,3,11.64,12198,United Kingdom
536564,SKU_10696,VINTAGE HEADS AND HORNS WALL ART,3,5.97,12199,United Kingdom
536564,SKU_59297,POPCORN HOLDER,2,4.64,12199,United Kingdom
536564,SKU_32339,HEART OF WICKER LARGE,6,3.64,12199,United Kingdom
536564,SKU_64311,CERAMIC STRAWBERRY CAKE STAND,2,12.96,12199,United Kingdom
536565,SKU_10696,VINTAGE HEADS AND HORNS WALL ART,5,12.47,12200,United Kingdom
536565,SKU_10322,PAPER CHAIN KIT VINTAGE CHRISTMAS,12,1.27,12200,United Kingdom
536565,SKU_26130,PAPER CHAIN KIT 50S CHRISTMAS,7,7.49,12200,United Kingdom
536565,SKU_11920,HEART OF WICKER SMALL,7,15.06,12200,United Kingdom
536566,SKU_93482,SWEETHEART CERAMIC TRINKET BOX,6,9.03,12201,United Kingdom
536567,SKU_94290,GREEN REGENCY TEACUP AND SAUCER,1,5.79,12202,United Kingdom
536567,SKU_68307,CHARLOTTE BAG PINK POLKADOT,2,2.31,12202,United Kingdom
536567,SKU_16078,CHARLOTTE BAG SUKI DESIGN,3,13.9,12202,United Kingdom
536568,SKU_15736,RED HANGING HEART T-LIGHT HOLDER,7,14.68,12203,United Kingdom
536568,SKU_53682,WHITE HANGING HEART T-LIGHT HOLDER,3,9.9,12203,United Kingdom
536568,SKU_32339,HEART OF WICKER LARGE,7,3.49,12203,United Kingdom
536568,SKU_11920,HEART OF WICKER SMALL,2,5.97,12203,United Kingdom
536569,SKU_38752,ALARM CLOCK BAKELIKE GREEN,7,2.5,12204,United Kingdom
536569,SKU_29474,RETROSPOT GARDEN WATERING CAN,11,10.16,12204,United Kingdom
536569,SKU_80590,VICTORIAN GLASS HANGING T-LIGHT,8,4.1,12204,United Kingdom
536569,SKU_26130,PAPER CHAIN KIT 50S CHRISTMAS,1,4.2,12204,United Kingdom
536569,SKU_65048,PINK REGENCY TEACUP AND SAUCER,11,5.41,12204,United Kingdom
536569,SKU_49885,ASSORTED COLOUR BIRD ORNAMENT,2,8.0,12204,United Kingdom
536570,SKU_93482,SWEETHEART CERAMIC TRINKET BOX,8,7.88,12205,United Kingdom
536570,SKU_94290,GREEN REGENCY TEACUP AND SAUCER,4,13.18,12205,United Kingdom
536570,SKU_77748,STRAWBERRY CERAMIC TRINKET BOX,10,2.13,12205,United Kingdom
536570,SKU_64311,CERAMIC STRAWBERRY CAKE STAND,12,10.76,12205,United Kingdom
536571,SKU_10696,VINTAGE HEADS AND HORNS WALL ART,7,12.91,12206,United Kingdom
536571,SKU_10322,PAPER CHAIN KIT VINTAGE CHRISTMAS,7,15.01,12206,United Kingdom
536571,SKU_26130,PAPER CHAIN KIT 50S CHRISTMAS,11,13.6,12206,United Kingdom
536572,SKU_86048,SET OF 6 SPICE TINS PANTRY DESIGN,12,1.74,12207,United Kingdom
536572,SKU_09699,RECIPE BOX PANTRY DESIGN,10,14.08,12207,United Kingdom
536572,SKU_89820,SET OF 3 CAKE TINS PANTRY DESIGN,10,10.9,12207,United Kingdom
536573,SKU_15736,RED HANGING HEART T-LIGHT HOLDER,1,7.28,12208,United Kingdom
536573,SKU_53682,WHITE HANGING HEART T-LIGHT HOLDER,11,7.45,12208,United Kingdom
536573,SKU_32339,HEART OF WICKER LARGE,11,3.36,12208,United Kingdom
536573,SKU_11920,HEART OF WICKER SMALL,10,4.92,12208,United Kingdom
536574,SKU_85409,REGENCY TEAPOT,12,10.13,12209,United Kingdom
536574,SKU_59570,GARDENERS KNEELING PAD KEEP CALM,9,12.39,12209,United Kingdom
536574,SKU_74486,REGENCY CAKESTAND 3 TIER,2,7.16,12209,United Kingdom
536574,SKU_92886,ALARM CLOCK BAKELIKE RED,3,9.32,12209,United Kingdom
536575,SKU_15736,RED HANGING HEART T-LIGHT HOLDER,9,13.79,12210,United Kingdom
536575,SKU_53682,WHITE HANGING HEART T-LIGHT HOLDER,7,5.01,12210,United Kingdom
536576,SKU_87304,SPACEBOY LUNCH BOX,1,6.89,12211,United Kingdom
536576,SKU_68307,CHARLOTTE BAG PINK POLKADOT,6,11.09,12211,United Kingdom
536576,SKU_16078,CHARLOTTE BAG SUKI DESIGN,1,11.88,12211,United Kingdom
536576,SKU_64311,CERAMIC STRAWBERRY CAKE STAND,5,14.03,12211,United Kingdom
536577,SKU_38752,ALARM CLOCK BAKELIKE GREEN,4,3.16,12212,United Kingdom
536577,SKU_02417,ALARM CLOCK BAKELIKE PINK,12,7.56,12212,United Kingdom
536577,SKU_92886,ALARM CLOCK BAKELIKE RED,6,5.09,12212,United Kingdom
536578,SKU_16078,CHARLOTTE BAG SUKI DESIGN,9,12.53,12213,United Kingdom
536578,SKU_53682,WHITE HANGING HEART T-LIGHT HOLDER,2,5.68,12213,United Kingdom
536578,SKU_32339,HEART OF WICKER LARGE,9,7.0,12213,United Kingdom
536578,SKU_65048,PINK REGENCY TEACUP AND SAUCER,9,13.78,12213,United Kingdom
536578,SKU_72894,DOORMAT KEEP CALM AND COME IN,1,3.73,12213,United Kingdom
536579,SKU_94290,GREEN REGENCY TEACUP AND SAUCER,12,4.09,12214,United Kingdom
536579,SKU_38659,ROSES REGENCY TEACUP AND SAUCER,6,12.98,12214,United Kingdom
536580,SKU_15736,RED HANGING HEART T-LIGHT HOLDER,10,7.61,12215,United Kingdom
536580,SKU_53682,WHITE HANGING HEART T-LIGHT HOLDER,8,9.61,12215,United Kingdom
536580,SKU_32339,HEART OF WICKER LARGE,6,6.16,12215,United Kingdom
536580,SKU_11920,HEART OF WICKER SMALL,5,11.92,12215,United Kingdom
536581,SKU_38752,ALARM CLOCK BAKELIKE GREEN,5,9.92,12216,United Kingdom
536581,SKU_51010,LUNCH BAG PINK POLKADOT,5,11.41,12216,United Kingdom
536581,SKU_38659,ROSES REGENCY TEACUP AND SAUCER,12,10.41,12216,United Kingdom
536581,SKU_06213,CHILLI LIGHTS,7,14.01,12216,United Kingdom
536581,SKU_92886,ALARM CLOCK BAKELIKE RED,6,7.79,12216,United Kingdom
536581,SKU_64311,CERAMIC STRAWBERRY CAKE STAND,4,7.9,12216,United Kingdom
536581,SKU_65048,PINK REGENCY TEACUP AND SAUCER,11,8.67,12216,United Kingdom
536581,SKU_89820,SET OF 3 CAKE TINS PANTRY DESIGN,10,6.91,12216,United Kingdom
536582,SKU_03409,GARDENERS KNEELING PAD CUP OF TEA,11,2.79,12217,United Kingdom
536582,SKU_29474,RETROSPOT GARDEN WATERING CAN,2,6.04,12217,United Kingdom
536582,SKU_59570,GARDENERS KNEELING PAD KEEP CALM,5,10.38,12217,United Kingdom
536583,SKU_38659,ROSES REGENCY TEACUP AND SAUCER,11,8.34,12218,United Kingdom
536583,SKU_26130,PAPER CHAIN KIT 50S CHRISTMAS,5,4.95,12218,United Kingdom
536583,SKU_23059,PARTY BUNTING,7,7.02,12218,United Kingdom
536583,SKU_92886,ALARM CLOCK BAKELIKE RED,12,1.75,12218,United Kingdom
536583,SKU_89820,SET OF 3 CAKE TINS PANTRY DESIGN,12,15.43,12218,United Kingdom
536584,SKU_22758,JUMBO BAG WOODLAND ANIMALS,11,14.07,12219,United Kingdom
536584,SKU_10696,VINTAGE HEADS AND HORNS WALL ART,11,2.52,12219,United Kingdom
536584,SKU_80590,VICTORIAN GLASS HANGING T-LIGHT,6,4.43,12219,United Kingdom
536584,SKU_02417,ALARM CLOCK BAKELIKE PINK,5,7.24,12219,United Kingdom
536584,SKU_32339,HEART OF WICKER LARGE,6,6.55,12219,United Kingdom
536584,SKU_55418,JUMBO BAG PINK POLKADOT,10,5.44,12219,United Kingdom
536584,SKU_89820,SET OF 3 CAKE TINS PANTRY DESIGN,2,7.96,12219,United Kingdom
536584,SKU_31997,DOLLY GIRL LUNCH BOX,11,9.57,12219,United Kingdom
536585,SKU_09699,RECIPE BOX PANTRY DESIGN,5,7.14,12220,United Kingdom
536585,SKU_64311,CERAMIC STRAWBERRY CAKE STAND,3,3.21,12220,United Kingdom
536586,SKU_93482,SWEETHEART CERAMIC TRINKET BOX,2,8.2,12221,United Kingdom
536586,SKU_77748,STRAWBERRY CERAMIC TRINKET BOX,11,15.31,12221,United Kingdom
536586,SKU_64311,CERAMIC STRAWBERRY CAKE STAND,6,10.29,12221,United Kingdom
536587,SKU_02417,ALARM CLOCK BAKELIKE PINK,3,10.01,12222,United Kingdom
536587,SKU_53682,WHITE HANGING HEART T-LIGHT HOLDER,11,7.37,12222,United Kingdom
536587,SKU_92886,ALARM CLOCK BAKELIKE RED,7,15.01,12222,United Kingdom
536588,SKU_38659,ROSES REGENCY TEACUP AND SAUCER,10,5.61,12223,United Kingdom
536588,SKU_10322,PAPER CHAIN KIT VINTAGE CHRISTMAS,2,12.99,12223,United Kingdom
536588,SKU_94290,GREEN REGENCY TEACUP AND SAUCER,5,14.77,12223,United Kingdom
536588,SKU_74486,REGENCY CAKESTAND 3 TIER,8,11.62,12223,United Kingdom
536588,SKU_64311,CERAMIC STRAWBERRY CAKE STAND,10,8.72,12223,United Kingdom
536588,SKU_72894,DOORMAT KEEP CALM AND COME IN,7,13.9,12223,United Kingdom
536589,SKU_29474,RETROSPOT GARDEN WATERING CAN,6,11.94,12224,United Kingdom
536590,SKU_77748,STRAWBERRY CERAMIC TRINKET BOX,12,15.28,12225,United Kingdom
536590,SKU_64311,CERAMIC STRAWBERRY CAKE STAND,4,11.71,12225,United Kingdom
536591,SKU_29474,RETROSPOT GARDEN WATERING CAN,9,4.85,12226,United Kingdom
536591,SKU_38659,ROSES REGENCY TEACUP AND SAUCER,12,3.43,12226,United Kingdom
536591,SKU_22758,JUMBO BAG WOODLAND ANIMALS,12,11.02,12226,United Kingdom
536591,SKU_44719,JUMBO BAG RED RETROSPOT,1,5.54,12226,United Kingdom
536591,SKU_11920,HEART OF WICKER SMALL,11,2.69,12226,United Kingdom
536591,SKU_32339,HEART OF WICKER LARGE,9,5.1,12226,United Kingdom
536591,SKU_74486,REGENCY CAKESTAND 3 TIER,10,11.24,12226,United Kingdom
536591,SKU_31997,DOLLY GIRL LUNCH BOX,7,13.09,12226,United Kingdom
536592,SKU_86048,SET OF 6 SPICE TINS PANTRY DESIGN,8,14.22,12227,United Kingdom
536592,SKU_85409,REGENCY TEAPOT,12,14.55,12227,United Kingdom
536592,SKU_20773,LUNCH BAG RED RETROSPOT,6,4.59,12227,United Kingdom
536592,SKU_16078,CHARLOTTE BAG SUKI DESIGN,1,10.82,12227,United Kingdom
536592,SKU_53682,WHITE HANGING HEART T-LIGHT HOLDER,2,13.15,12227,United Kingdom
536592,SKU_32339,HEART OF WICKER LARGE,11,8.29,12227,United Kingdom
536592,SKU_15736,RED HANGING HEART T-LIGHT HOLDER,2,12.36,12227,United Kingdom
536593,SKU_15736,RED HANGING HEART T-LIGHT HOLDER,5,7.87,12228,United Kingdom
536593,SKU_32339,HEART OF WICKER LARGE,2,12.84,12228,United Kingdom
536593,SKU_11920,HEART OF WICKER SMALL,1,13.39,12228,United Kingdom
536594,SKU_10696,VINTAGE HEADS AND HORNS WALL ART,1,1.39,12229,United Kingdom
536594,SKU_10322,PAPER CHAIN KIT VINTAGE CHRISTMAS,3,10.7,12229,United Kingdom
536594,SKU_26130,PAPER CHAIN KIT 50S CHRISTMAS,3,5.93,12229,United Kingdom
536595,SKU_92886,ALARM CLOCK BAKELIKE RED,12,2.57,12230,United Kingdom
536596,SKU_38659,ROSES REGENCY TEACUP AND SAUCER,2,7.18,12231,United Kingdom
536596,SKU_06213,CHILLI LIGHTS,10,8.13,12231,United Kingdom
536596,SKU_93482,SWEETHEART CERAMIC TRINKET BOX,10,10.92,12231,United Kingdom
536596,SKU_59570,GARDENERS KNEELING PAD KEEP CALM,3,9.96,12231,United Kingdom
536596,SKU_92886,ALARM CLOCK BAKELIKE RED,6,9.96,12231,United Kingdom
536596,SKU_55418,JUMBO BAG PINK POLKADOT,11,13.79,12231,United Kingdom
536597,SKU_11920,HEART OF WICKER SMALL,6,1.43,12232,United Kingdom
536597,SKU_02417,ALARM CLOCK BAKELIKE PINK,11,8.73,12232,United Kingdom
536597,SKU_59570,GARDENERS KNEELING PAD KEEP CALM,12,9.47,12232,United Kingdom
536597,SKU_25782,WOODLAND CHARLOTTE BAG,10,4.44,12232,United Kingdom
536598,SKU_87304,SPACEBOY LUNCH BOX,7,3.37,12233,United Kingdom
536598,SKU_06213,CHILLI LIGHTS,9,13.96,12233,United Kingdom
536598,SKU_72894,DOORMAT KEEP CALM AND COME IN,10,2.03,12233,United Kingdom
536598,SKU_86048,SET OF 6 SPICE TINS PANTRY DESIGN,11,14.56,12233,United Kingdom
536599,SKU_10322,PAPER CHAIN KIT VINTAGE CHRISTMAS,5,1.97,12234,United Kingdom
536599,SKU_68307,CHARLOTTE BAG PINK POLKADOT,4,9.09,12234,United Kingdom
536599,SKU_25782,WOODLAND CHARLOTTE BAG,7,7.0,12234,United Kingdom
536599,SKU_16078,CHARLOTTE BAG SUKI DESIGN,4,2.37,12234,United Kingdom
536600,SKU_29474,RETROSPOT GARDEN WATERING CAN,12,10.56,12235,United Kingdom
536600,SKU_68307,CHARLOTTE BAG PINK POLKADOT,2,7.0,12235,United Kingdom
536600,SKU_25782,WOODLAND CHARLOTTE BAG,1,9.19,12235,United Kingdom
536601,SKU_11920,HEART OF WICKER SMALL,1,12.89,12236,United Kingdom
536601,SKU_53682,WHITE HANGING HEART T-LIGHT HOLDER,8,5.98,12236,United Kingdom
536601,SKU_32339,HEART OF WICKER LARGE,10,9.8,12236,United Kingdom
536601,SKU_77748,STRAWBERRY CERAMIC TRINKET BOX,12,10.61,12236,United Kingdom
536601,SKU_15736,RED HANGING HEART T-LIGHT HOLDER,12,7.7,12236,United Kingdom
536602,SKU_86048,SET OF 6 SPICE TINS PANTRY DESIGN,3,8.27,12237,United Kingdom
536602,SKU_38752,ALARM CLOCK BAKELIKE GREEN,12,11.83,12237,United Kingdom
536602,SKU_09699,RECIPE BOX PANTRY DESIGN,7,2.77,12237,United Kingdom
536602,SKU_94290,GREEN REGENCY TEACUP AND SAUCER,10,4.04,12237,United Kingdom
536602,SKU_77748,STRAWBERRY CERAMIC TRINKET BOX,2,14.51,12237,United Kingdom
536603,SKU_04128,MINI PAINT SET VINTAGE,2,12.25,12238,United Kingdom
536603,SKU_68307,CHARLOTTE BAG PINK POLKADOT,8,7.77,12238,United Kingdom
536603,SKU_77748,STRAWBERRY CERAMIC TRINKET BOX,10,14.88,12238,United Kingdom
536603,SKU_25782,WOODLAND CHARLOTTE BAG,3,14.98,12238,United Kingdom
536604,SKU_85409,REGENCY TEAPOT,12,12.87,12239,United Kingdom
536604,SKU_38659,ROSES REGENCY TEACUP AND SAUCER,2,6.77,12239,United Kingdom
536604,SKU_94290,GREEN REGENCY TEACUP AND SAUCER,10,9.89,12239,United Kingdom
536604,SKU_74486,REGENCY CAKESTAND 3 TIER,6,8.43,12239,United Kingdom
536604,SKU_65048,PINK REGENCY TEACUP AND SAUCER,7,7.22,12239,United Kingdom
536605,SKU_86048,SET OF 6 SPICE TINS PANTRY DESIGN,3,7.13,12240,United Kingdom
536605,SKU_32339,HEART OF WICKER LARGE,12,13.88,12240,United Kingdom
536605,SKU_09699,RECIPE BOX PANTRY DESIGN,9,5.51,12240,United Kingdom
536605,SKU_89820,SET OF 3 CAKE TINS PANTRY DESIGN,12,9.06,12240,United Kingdom
536606,SKU_38752,ALARM CLOCK BAKELIKE GREEN,12,10.51,12241,United Kingdom
536606,SKU_03409,GARDENERS KNEELING PAD CUP OF TEA,3,8.43,12241,United Kingdom
536606,SKU_29474,RETROSPOT GARDEN WATERING CAN,12,10.33,12241,United Kingdom
536606,SKU_32339,HEART OF WICKER LARGE,12,2.89,12241,United Kingdom
536607,SKU_68307,CHARLOTTE BAG PINK POLKADOT,1,8.7,12242,United Kingdom
536607,SKU_16078,CHARLOTTE BAG SUKI DESIGN,1,6.68,12242,United Kingdom
536607,SKU_25782,WOODLAND CHARLOTTE BAG,1,10.8,12242,United Kingdom
536608,SKU_20773,LUNCH BAG RED RETROSPOT,7,4.64,12243,United Kingdom
536608,SKU_22758,JUMBO BAG WOODLAND ANIMALS,12,5.35,12243,United Kingdom
536608,SKU_80590,VICTORIAN GLASS HANGING T-LIGHT,11,1.92,12243,United Kingdom
536608,SKU_44719,JUMBO BAG RED RETROSPOT,7,6.77,12243,United Kingdom
536608,SKU_03409,GARDENERS KNEELING PAD CUP OF TEA,11,5.71,12243,United Kingdom
536608,SKU_25782,WOODLAND CHARLOTTE BAG,9,2.02,12243,United Kingdom
536608,SKU_55418,JUMBO BAG PINK POLKADOT,12,4.83,12243,United Kingdom
536609,SKU_38752,ALARM CLOCK BAKELIKE GREEN,10,9.09,12244,United Kingdom
536609,SKU_51010,LUNCH BAG PINK POLKADOT,2,12.42,12244,United Kingdom
536609,SKU_20773,LUNCH BAG RED RETROSPOT,6,8.74,12244,United Kingdom
536609,SKU_10696,VINTAGE HEADS AND HORNS WALL ART,3,8.67,12244,United Kingdom
536609,SKU_44719,JUMBO BAG RED RETROSPOT,9,3.52,12244,United Kingdom
536609,SKU_68307,CHARLOTTE BAG PINK POLKADOT,9,8.9,12244,United Kingdom
536609,SKU_25782,WOODLAND CHARLOTTE BAG,2,6.23,12244,United Kingdom
536609,SKU_92886,ALARM CLOCK BAKELIKE RED,4,10.7,12244,United Kingdom
536609,SKU_65048,PINK REGENCY TEACUP AND SAUCER,6,6.39,12244,United Kingdom
536609,SKU_49885,ASSORTED COLOUR BIRD ORNAMENT,4,14.79,12244,United Kingdom
536610,SKU_87304,SPACEBOY LUNCH BOX,4,14.91,12245,United Kingdom
536610,SKU_68307,CHARLOTTE BAG PINK POLKADOT,11,13.87,12245,United Kingdom
536610,SKU_06213,CHILLI LIGHTS,7,14.3,12245,United Kingdom
536610,SKU_16078,CHARLOTTE BAG SUKI DESIGN,2,6.75,12245,United Kingdom
536611,SKU_38752,ALARM CLOCK BAKELIKE GREEN,5,14.05,12246,United Kingdom
536611,SKU_02417,ALARM CLOCK BAKELIKE PINK,4,5.81,12246,United Kingdom
536611,SKU_13714,HAND WARMER BIRD NEST,2,14.76,12246,United Kingdom
536611,SKU_94290,GREEN REGENCY TEACUP AND SAUCER,3,15.1,12246,United Kingdom
536612,SKU_15736,RED HANGING HEART T-LIGHT HOLDER,4,8.91,12247,United Kingdom
536612,SKU_09699,RECIPE BOX PANTRY DESIGN,12,13.77,12247,United Kingdom
536612,SKU_31997,DOLLY GIRL LUNCH BOX,12,12.3,12247,United Kingdom
536613,SKU_11920,HEART OF WICKER SMALL,2,9.44,12248,United Kingdom
536613,SKU_02417,ALARM CLOCK BAKELIKE PINK,4,14.23,12248,United Kingdom
536613,SKU_53682,WHITE HANGING HEART T-LIGHT HOLDER,7,6.78,12248,United Kingdom
536613,SKU_32339,HEART OF WICKER LARGE,11,7.01,12248,United Kingdom
536613,SKU_15736,RED HANGING HEART T-LIGHT HOLDER,6,1.49,12248,United Kingdom
536614,SKU_04128,MINI PAINT SET VINTAGE,9,2.76,12249,United Kingdom
536614,SKU_03409,GARDENERS KNEELING PAD CUP OF TEA,11,5.54,12249,United Kingdom
536614,SKU_29474,RETROSPOT GARDEN WATERING CAN,2,5.26,12249,United Kingdom
536614,SKU_11920,HEART OF WICKER SMALL,8,6.69,12249,United Kingdom
536615,SKU_51010,LUNCH BAG PINK POLKADOT,6,14.89,12250,United Kingdom
536615,SKU_06213,CHILLI LIGHTS,1,9.14,12250,United Kingdom
536615,SKU_22758,JUMBO BAG WOODLAND ANIMALS,9,3.26,12250,United Kingdom
536615,SKU_64311,CERAMIC STRAWBERRY CAKE STAND,1,1.32,12250,United Kingdom
536616,SKU_10696,VINTAGE HEADS AND HORNS WALL ART,4,7.13,12251,United Kingdom
536616,SKU_03409,GARDENERS KNEELING PAD CUP OF TEA,11,13.38,12251,United Kingdom
536616,SKU_59570,GARDENERS KNEELING PAD KEEP CALM,3,3.54,12251,United Kingdom
536617,SKU_02417,ALARM CLOCK BAKELIKE PINK,1,13.38,12252,United Kingdom
536617,SKU_59297,POPCORN HOLDER,9,7.82,12252,United Kingdom
536617,SKU_92886,ALARM CLOCK BAKELIKE RED,9,2.29,12252,United Kingdom
536618,SKU_38752,ALARM CLOCK BAKELIKE GREEN,6,8.17,12253,United Kingdom
536618,SKU_10696,VINTAGE HEADS AND HORNS WALL ART,6,10.03,12253,United Kingdom
536618,SKU_92886,ALARM CLOCK BAKELIKE RED,5,11.13,12253,United Kingdom
536618,SKU_15736,RED HANGING HEART T-LIGHT HOLDER,3,9.31,12253,United Kingdom
536618,SKU_89820,SET OF 3 CAKE TINS PANTRY DESIGN,6,12.76,12253,United Kingdom
536619,SKU_26130,PAPER CHAIN KIT 50S CHRISTMAS,7,5.19,12254,United Kingdom
536619,SKU_06213,CHILLI LIGHTS,6,3.16,12254,United Kingdom
536620,SKU_03409,GARDENERS KNEELING PAD CUP OF TEA,8,6.36,12255,United Kingdom
536621,SKU_29474,RETROSPOT GARDEN WATERING CAN,1,13.36,12256,United Kingdom
536621,SKU_20773,LUNCH BAG RED RETROSPOT,11,1.69,12256,United Kingdom
536621,SKU_03409,GARDENERS KNEELING PAD CUP OF TEA,10,9.5,12256,United Kingdom
536621,SKU_53682,WHITE HANGING HEART T-LIGHT HOLDER,10,4.28,12256,United Kingdom
536621,SKU_32339,HEART OF WICKER LARGE,1,9.11,12256,United Kingdom
536622,SKU_04128,MINI PAINT SET VINTAGE,3,7.87,12257,United Kingdom
536622,SKU_38752,ALARM CLOCK BAKELIKE GREEN,9,2.54,12257,United Kingdom
536622,SKU_29474,RETROSPOT GARDEN WATERING CAN,6,8.41,12257,United Kingdom
536622,SKU_03409,GARDENERS KNEELING PAD CUP OF TEA,11,4.65,12257,United Kingdom
536622,SKU_59570,GARDENERS KNEELING PAD KEEP CALM,10,11.0,12257,United Kingdom
536623,SKU_55418,JUMBO BAG PINK POLKADOT,10,14.77,12258,United Kingdom
536624,SKU_51010,LUNCH BAG PINK POLKADOT,2,5.02,12259,United Kingdom
536624,SKU_20773,LUNCH BAG RED RETROSPOT,4,1.86,12259,United Kingdom
536624,SKU_22758,JUMBO BAG WOODLAND ANIMALS,4,8.63,12259,United Kingdom
536624,SKU_44719,JUMBO BAG RED RETROSPOT,6,6.78,12259,United Kingdom
536624,SKU_55418,JUMBO BAG PINK POLKADOT,8,13.81,12259,United Kingdom
536625,SKU_59297,POPCORN HOLDER,10,10.56,12260,United Kingdom
536625,SKU_09699,RECIPE BOX PANTRY DESIGN,2,8.61,12260,United Kingdom
536625,SKU_10696,VINTAGE HEADS AND HORNS WALL ART,7,15.11,12260,United Kingdom
536625,SKU_93482,SWEETHEART CERAMIC TRINKET BOX,4,8.61,12260,United Kingdom
536625,SKU_10322,PAPER CHAIN KIT VINTAGE CHRISTMAS,6,12.9,12260,United Kingdom
536626,SKU_16078,CHARLOTTE BAG SUKI DESIGN,3,3.91,12261,United Kingdom
536626,SKU_89820,SET OF 3 CAKE TINS PANTRY DESIGN,6,9.83,12261,United Kingdom
536626,SKU_25782,WOODLAND CHARLOTTE BAG,2,10.67,12261,United Kingdom
536626,SKU_92886,ALARM CLOCK BAKELIKE RED,7,12.81,12261,United Kingdom
536627,SKU_59570,GARDENERS KNEELING PAD KEEP CALM,8,4.25,12262,United Kingdom
536628,SKU_44719,JUMBO BAG RED RETROSPOT,9,14.9,12263,United Kingdom
536628,SKU_94290,GREEN REGENCY TEACUP AND SAUCER,10,15.06,12263,United Kingdom
536628,SKU_77748,STRAWBERRY CERAMIC TRINKET BOX,11,1.52,12263,United Kingdom
536628,SKU_92886,ALARM CLOCK BAKELIKE RED,12,11.62,12263,United Kingdom
536628,SKU_64311,CERAMIC STRAWBERRY CAKE STAND,5,14.75,12263,United Kingdom
536628,SKU_55418,JUMBO BAG PINK POLKADOT,4,7.65,12263,United Kingdom
536629,SKU_51010,LUNCH BAG PINK POLKADOT,10,9.67,12264,United Kingdom
536629,SKU_09699,RECIPE BOX PANTRY DESIGN,4,6.64,12264,United Kingdom
536629,SKU_10322,PAPER CHAIN KIT VINTAGE CHRISTMAS,3,2.8,12264,United Kingdom
536629,SKU_64311,CERAMIC STRAWBERRY CAKE STAND,4,8.7,12264,United Kingdom
536629,SKU_55418,JUMBO BAG PINK POLKADOT,9,11.0,12264,United Kingdom
536630,SKU_51010,LUNCH BAG PINK POLKADOT,9,13.04,12265,United Kingdom
536630,SKU_22758,JUMBO BAG WOODLAND ANIMALS,11,10.5,12265,United Kingdom
536630,SKU_87304,SPACEBOY LUNCH BOX,9,7.24,12265,United Kingdom
536630,SKU_11920,HEART OF WICKER SMALL,1,11.19,12265,United Kingdom
536630,SKU_49885,ASSORTED COLOUR BIRD ORNAMENT,7,4.52,12265,United Kingdom
536631,SKU_59297,POPCORN HOLDER,2,5.29,12266,United Kingdom
536631,SKU_93482,SWEETHEART CERAMIC TRINKET BOX,9,7.07,12266,United Kingdom
536631,SKU_89820,SET OF 3 CAKE TINS PANTRY DESIGN,4,1.33,12266,United Kingdom
536631,SKU_22758,JUMBO BAG WOODLAND ANIMALS,12,12.5,12266,United Kingdom
536632,SKU_15736,RED HANGING HEART T-LIGHT HOLDER,7,6.41,12267,United Kingdom
536632,SKU_53682,WHITE HANGING HEART T-LIGHT HOLDER,3,7.32,12267,United Kingdom
536632,SKU_32339,HEART OF WICKER LARGE,10,4.86,12267,United Kingdom
536632,SKU_11920,HEART OF WICKER SMALL,9,7.29,12267,United Kingdom
536633,SKU_38752,ALARM CLOCK BAKELIKE GREEN,3,6.53,12268,United Kingdom
536633,SKU_02417,ALARM CLOCK BAKELIKE PINK,9,8.14,12268,United Kingdom
536633,SKU_92886,ALARM CLOCK BAKELIKE RED,5,9.48,12268,United Kingdom
536634,SKU_11920,HEART OF WICKER SMALL,12,4.52,12269,United Kingdom
536634,SKU_32339,HEART OF WICKER LARGE,12,14.78,12269,United Kingdom
536635,SKU_29474,RETROSPOT GARDEN WATERING CAN,8,14.44,12270,United Kingdom
536635,SKU_03409,GARDENERS KNEELING PAD CUP OF TEA,7,2.51,12270,United Kingdom
536635,SKU_59570,GARDENERS KNEELING PAD KEEP CALM,5,4.41,12270,United Kingdom
536635,SKU_15736,RED HANGING HEART T-LIGHT HOLDER,2,9.93,12270,United Kingdom
536635,SKU_31997,DOLLY GIRL LUNCH BOX,12,6.73,12270,United Kingdom
536636,SKU_38659,ROSES REGENCY TEACUP AND SAUCER,11,8.29,12271,United Kingdom
536636,SKU_72894,DOORMAT KEEP CALM AND COME IN,1,4.12,12271,United Kingdom
536637,SKU_29474,RETROSPOT GARDEN WATERING CAN,1,15.15,12272,United Kingdom
536637,SKU_06213,CHILLI LIGHTS,2,15.45,12272,United Kingdom
536637,SKU_03409,GARDENERS KNEELING PAD CUP OF TEA,7,6.28,12272,United Kingdom
536637,SKU_94290,GREEN REGENCY TEACUP AND SAUCER,7,7.03,12272,United Kingdom
536637,SKU_59570,GARDENERS KNEELING PAD KEEP CALM,4,8.63,12272,United Kingdom
536638,SKU_11920,HEART OF WICKER SMALL,12,13.07,12273,United Kingdom
536639,SKU_86048,SET OF 6 SPICE TINS PANTRY DESIGN,7,9.44,12274,United Kingdom
536639,SKU_92886,ALARM CLOCK BAKELIKE RED,5,3.74,12274,United Kingdom
536640,SKU_29474,RETROSPOT GARDEN WATERING CAN,6,14.74,12275,United Kingdom
536640,SKU_59570,GARDENERS KNEELING PAD KEEP CALM,9,14.88,12275,United Kingdom
536641,SKU_59297,POPCORN HOLDER,10,8.14,12276,United Kingdom
536641,SKU_68307,CHARLOTTE BAG PINK POLKADOT,4,12.04,12276,United Kingdom
536642,SKU_03409,GARDENERS KNEELING PAD CUP OF TEA,7,14.87,12277,United Kingdom
536642,SKU_26130,PAPER CHAIN KIT 50S CHRISTMAS,9,8.88,12277,United Kingdom
536642,SKU_38659,ROSES REGENCY TEACUP AND SAUCER,12,13.11,12277,United Kingdom
536642,SKU_09699,RECIPE BOX PANTRY DESIGN,4,5.34,12277,United Kingdom
536643,SKU_10696,VINTAGE HEADS AND HORNS WALL ART,12,10.98,12278,United Kingdom
536643,SKU_26130,PAPER CHAIN KIT 50S CHRISTMAS,4,8.36,12278,United Kingdom
536643,SKU_92886,ALARM CLOCK BAKELIKE RED,4,4.6,12278,United Kingdom
536644,SKU_87304,SPACEBOY LUNCH BOX,6,3.47,12279,United Kingdom
536644,SKU_02417,ALARM CLOCK BAKELIKE PINK,2,2.96,12279,United Kingdom
536644,SKU_92886,ALARM CLOCK BAKELIKE RED,2,10.88,12279,United Kingdom
536645,SKU_59297,POPCORN HOLDER,7,4.41,12280,United Kingdom
536645,SKU_29474,RETROSPOT GARDEN WATERING CAN,10,3.08,12280,United Kingdom
536645,SKU_94290,GREEN REGENCY TEACUP AND SAUCER,9,12.64,12280,United Kingdom
536645,SKU_59570,GARDENERS KNEELING PAD KEEP CALM,8,14.64,12280,United Kingdom
536645,SKU_65048,PINK REGENCY TEACUP AND SAUCER,1,8.41,12280,United Kingdom
536646,SKU_51010,LUNCH BAG PINK POLKADOT,6,9.98,12281,United Kingdom
536646,SKU_20773,LUNCH BAG RED RETROSPOT,5,3.92,12281,United Kingdom
536646,SKU_22758,JUMBO BAG WOODLAND ANIMALS,5,4.63,12281,United Kingdom
536646,SKU_93482,SWEETHEART CERAMIC TRINKET BOX,8,14.91,12281,United Kingdom
536646,SKU_44719,JUMBO BAG RED RETROSPOT,6,6.46,12281,United Kingdom
536646,SKU_26130,PAPER CHAIN KIT 50S CHRISTMAS,8,7.29,12281,United Kingdom
536646,SKU_55418,JUMBO BAG PINK POLKADOT,7,11.24,12281,United Kingdom
536647,SKU_93482,SWEETHEART CERAMIC TRINKET BOX,10,11.03,12282,United Kingdom
536647,SKU_77748,STRAWBERRY CERAMIC TRINKET BOX,2,11.52,12282,United Kingdom
536647,SKU_64311,CERAMIC STRAWBERRY CAKE STAND,4,9.16,12282,United Kingdom
536648,SKU_31997,DOLLY GIRL LUNCH BOX,9,8.86,12283,United Kingdom
536648,SKU_32339,HEART OF WICKER LARGE,6,12.44,12283,United Kingdom
536648,SKU_20773,LUNCH BAG RED RETROSPOT,5,4.83,12283,United Kingdom
536648,SKU_22758,JUMBO BAG WOODLAND ANIMALS,10,1.93,12283,United Kingdom
536649,SKU_22758,JUMBO BAG WOODLAND ANIMALS,9,14.53,12284,United Kingdom
536649,SKU_80590,VICTORIAN GLASS HANGING T-LIGHT,5,6.15,12284,United Kingdom
536649,SKU_10322,PAPER CHAIN KIT VINTAGE CHRISTMAS,7,2.98,12284,United Kingdom
536649,SKU_55418,JUMBO BAG PINK POLKADOT,11,14.97,12284,United Kingdom
536649,SKU_31997,DOLLY GIRL LUNCH BOX,4,9.47,12284,United Kingdom
536650,SKU_29474,RETROSPOT GARDEN WATERING CAN,10,5.33,12285,United Kingdom
536650,SKU_93482,SWEETHEART CERAMIC TRINKET BOX,11,14.88,12285,United Kingdom
536650,SKU_13714,HAND WARMER BIRD NEST,3,10.38,12285,United Kingdom
536650,SKU_59570,GARDENERS KNEELING PAD KEEP CALM,6,7.26,12285,United Kingdom
536650,SKU_25782,WOODLAND CHARLOTTE BAG,10,9.4,12285,United Kingdom
536651,SKU_22758,JUMBO BAG WOODLAND ANIMALS,4,5.72,12286,United Kingdom
536652,SKU_38752,ALARM CLOCK BAKELIKE GREEN,12,4.59,12287,United Kingdom
536652,SKU_38659,ROSES REGENCY TEACUP AND SAUCER,5,14.65,12287,United Kingdom
536652,SKU_16078,CHARLOTTE BAG SUKI DESIGN,12,11.93,12287,United Kingdom
536652,SKU_02417,ALARM CLOCK BAKELIKE PINK,4,3.63,12287,United Kingdom
536652,SKU_92886,ALARM CLOCK BAKELIKE RED,2,2.61,12287,United Kingdom
536652,SKU_72894,DOORMAT KEEP CALM AND COME IN,8,9.07,12287,United Kingdom
536653,SKU_93482,SWEETHEART CERAMIC TRINKET BOX,10,3.46,12288,United Kingdom
536653,SKU_77748,STRAWBERRY CERAMIC TRINKET BOX,11,14.53,12288,United Kingdom
536654,SKU_86048,SET OF 6 SPICE TINS PANTRY DESIGN,8,3.18,12289,United Kingdom
536654,SKU_09699,RECIPE BOX PANTRY DESIGN,12,8.93,12289,United Kingdom
536654,SKU_80590,VICTORIAN GLASS HANGING T-LIGHT,10,9.77,12289,United Kingdom
536654,SKU_44719,JUMBO BAG RED RETROSPOT,11,11.92,12289,United Kingdom
536654,SKU_03409,GARDENERS KNEELING PAD CUP OF TEA,10,7.45,12289,United Kingdom
536654,SKU_10322,PAPER CHAIN KIT VINTAGE CHRISTMAS,11,10.36,12289,United Kingdom
536654,SKU_32339,HEART OF WICKER LARGE,5,14.2,12289,United Kingdom
536654,SKU_49885,ASSORTED COLOUR BIRD ORNAMENT,8,8.94,12289,United Kingdom
536655,SKU_29474,RETROSPOT GARDEN WATERING CAN,8,5.52,12290,United Kingdom
536655,SKU_44719,JUMBO BAG RED RETROSPOT,7,12.62,12290,United Kingdom
536655,SKU_59570,GARDENERS KNEELING PAD KEEP CALM,10,4.54,12290,United Kingdom
536655,SKU_32339,HEART OF WICKER LARGE,1,9.06,12290,United Kingdom
536655,SKU_77748,STRAWBERRY CERAMIC TRINKET BOX,4,7.12,12290,United Kingdom
536655,SKU_74486,REGENCY CAKESTAND 3 TIER,9,7.48,12290,United Kingdom
536656,SKU_86048,SET OF 6 SPICE TINS PANTRY DESIGN,12,11.01,12291,United Kingdom
536656,SKU_87304,SPACEBOY LUNCH BOX,5,10.49,12291,United Kingdom
536656,SKU_93482,SWEETHEART CERAMIC TRINKET BOX,9,12.78,12291,United Kingdom
536656,SKU_77748,STRAWBERRY CERAMIC TRINKET BOX,7,3.93,12291,United Kingdom
536656,SKU_64311,CERAMIC STRAWBERRY CAKE STAND,2,3.85,12291,United Kingdom
536657,SKU_16078,CHARLOTTE BAG SUKI DESIGN,3,15.11,12292,United Kingdom
536657,SKU_44719,JUMBO BAG RED RETROSPOT,5,5.09,12292,United Kingdom
536657,SKU_03409,GARDENERS KNEELING PAD CUP OF TEA,12,7.5,12292,United Kingdom
536657,SKU_68307,CHARLOTTE BAG PINK POLKADOT,1,4.57,12292,United Kingdom
536657,SKU_25782,WOODLAND CHARLOTTE BAG,3,1.46,12292,United Kingdom
536658,SKU_93482,SWEETHEART CERAMIC TRINKET BOX,12,12.53,12293,United Kingdom
536658,SKU_77748,STRAWBERRY CERAMIC TRINKET BOX,6,2.39,12293,United Kingdom
536658,SKU_64311,CERAMIC STRAWBERRY CAKE STAND,3,2.05,12293,United Kingdom
536659,SKU_38752,ALARM CLOCK BAKELIKE GREEN,4,11.76,12294,United Kingdom
536659,SKU_86048,SET OF 6 SPICE TINS PANTRY DESIGN,1,4.09,12294,United Kingdom
536659,SKU_16078,CHARLOTTE BAG SUKI DESIGN,12,12.24,12294,United Kingdom
536659,SKU_11920,HEART OF WICKER SMALL,9,10.74,12294,United Kingdom
536659,SKU_25782,WOODLAND CHARLOTTE BAG,4,7.99,12294,United Kingdom
536660,SKU_38752,ALARM CLOCK BAKELIKE GREEN,5,8.11,12295,United Kingdom
536660,SKU_02417,ALARM CLOCK BAKELIKE PINK,5,4.08,12295,United Kingdom
536660,SKU_92886,ALARM CLOCK BAKELIKE RED,1,13.56,12295,United Kingdom
536661,SKU_15736,RED HANGING HEART T-LIGHT HOLDER,1,9.53,12296,United Kingdom
536661,SKU_02417,ALARM CLOCK BAKELIKE PINK,12,8.02,12296,United Kingdom
536661,SKU_32339,HEART OF WICKER LARGE,10,3.46,12296,United Kingdom
536661,SKU_89820,SET OF 3 CAKE TINS PANTRY DESIGN,2,4.79,12296,United Kingdom
536662,SKU_10322,PAPER CHAIN KIT VINTAGE CHRISTMAS,2,3.04,12297,United Kingdom
536662,SKU_26130,PAPER CHAIN KIT 50S CHRISTMAS,4,5.76,12297,United Kingdom
536662,SKU_49885,ASSORTED COLOUR BIRD ORNAMENT,9,12.49,12297,United Kingdom
536663,SKU_25782,WOODLAND CHARLOTTE BAG,12,4.0,12298,United Kingdom
536664,SKU_20773,LUNCH BAG RED RETROSPOT,6,7.72,12299,United Kingdom
536664,SKU_03409,GARDENERS KNEELING PAD CUP OF TEA,11,8.46,12299,United Kingdom
536664,SKU_26130,PAPER CHAIN KIT 50S CHRISTMAS,12,3.89,12299,United Kingdom
536664,SKU_10322,PAPER CHAIN KIT VINTAGE CHRISTMAS,1,10.08,12299,United Kingdom
536664,SKU_02417,ALARM CLOCK BAKELIKE PINK,6,12.31,12299,United Kingdom
536664,SKU_25782,WOODLAND CHARLOTTE BAG,4,5.82,12299,United Kingdom
536664,SKU_49885,ASSORTED COLOUR BIRD ORNAMENT,2,10.63,12299,United Kingdom
536665,SKU_93482,SWEETHEART CERAMIC TRINKET BOX,9,3.45,12300,United Kingdom
536665,SKU_64311,CERAMIC STRAWBERRY CAKE STAND,5,5.85,12300,United Kingdom
536666,SKU_53682,WHITE HANGING HEART T-LIGHT HOLDER,3,3.8,12301,United Kingdom
536666,SKU_32339,HEART OF WICKER LARGE,1,4.13,12301,United Kingdom
536667,SKU_11920,HEART OF WICKER SMALL,12,9.66,12302,United Kingdom
536667,SKU_32339,HEART OF WICKER LARGE,1,6.47,12302,United Kingdom
536667,SKU_87304,SPACEBOY LUNCH BOX,10,11.48,12302,United Kingdom
536668,SKU_86048,SET OF 6 SPICE TINS PANTRY DESIGN,6,9.2,12303,United Kingdom
536668,SKU_09699,RECIPE BOX PANTRY DESIGN,7,12.96,12303,United Kingdom
536668,SKU_89820,SET OF 3 CAKE TINS PANTRY DESIGN,12,2.08,12303,United Kingdom
536669,SKU_85409,REGENCY TEAPOT,4,14.94,12304,United Kingdom
536669,SKU_03409,GARDENERS KNEELING PAD CUP OF TEA,2,2.69,12304,United Kingdom
536669,SKU_29474,RETROSPOT GARDEN WATERING CAN,4,8.83,12304,United Kingdom
536670,SKU_59297,POPCORN HOLDER,3,9.09,12305,United Kingdom
536670,SKU_29474,RETROSPOT GARDEN WATERING CAN,9,6.06,12305,United Kingdom
536670,SKU_80590,VICTORIAN GLASS HANGING T-LIGHT,3,8.86,12305,United Kingdom
536670,SKU_03409,GARDENERS KNEELING PAD CUP OF TEA,10,7.56,12305,United Kingdom
536670,SKU_68307,CHARLOTTE BAG PINK POLKADOT,6,14.11,12305,United Kingdom
536670,SKU_15736,RED HANGING HEART T-LIGHT HOLDER,9,15.38,12305,United Kingdom
536670,SKU_55418,JUMBO BAG PINK POLKADOT,6,13.29,12305,United Kingdom
536671,SKU_93482,SWEETHEART CERAMIC TRINKET BOX,7,12.16,12306,United Kingdom
536671,SKU_77748,STRAWBERRY CERAMIC TRINKET BOX,12,4.87,12306,United Kingdom
536671,SKU_64311,CERAMIC STRAWBERRY CAKE STAND,8,7.63,12306,United Kingdom
536672,SKU_65048,PINK REGENCY TEACUP AND SAUCER,5,1.34,12307,United Kingdom
536672,SKU_85409,REGENCY TEAPOT,4,4.31,12307,United Kingdom
536672,SKU_94290,GREEN REGENCY TEACUP AND SAUCER,6,1.56,12307,United Kingdom
536672,SKU_74486,REGENCY CAKESTAND 3 TIER,12,12.97,12307,United Kingdom
536673,SKU_38752,ALARM CLOCK BAKELIKE GREEN,12,5.88,12308,United Kingdom
536673,SKU_59297,POPCORN HOLDER,8,3.71,12308,United Kingdom
536673,SKU_86048,SET OF 6 SPICE TINS PANTRY DESIGN,12,11.27,12308,United Kingdom
536673,SKU_85409,REGENCY TEAPOT,2,9.73,12308,United Kingdom
536673,SKU_44719,JUMBO BAG RED RETROSPOT,5,1.78,12308,United Kingdom
536673,SKU_68307,CHARLOTTE BAG PINK POLKADOT,10,6.69,12308,United Kingdom
536673,SKU_92886,ALARM CLOCK BAKELIKE RED,1,14.39,12308,United Kingdom
536674,SKU_93482,SWEETHEART CERAMIC TRINKET BOX,7,2.02,12309,United Kingdom
536674,SKU_77748,STRAWBERRY CERAMIC TRINKET BOX,9,1.84,12309,United Kingdom
536674,SKU_31997,DOLLY GIRL LUNCH BOX,9,9.3,12309,United Kingdom
536674,SKU_64311,CERAMIC STRAWBERRY CAKE STAND,6,8.41,12309,United Kingdom
536675,SKU_85409,REGENCY TEAPOT,3,6.04,12310,United Kingdom
536675,SKU_38659,ROSES REGENCY TEACUP AND SAUCER,8,9.39,12310,United Kingdom
536675,SKU_44719,JUMBO BAG RED RETROSPOT,1,9.06,12310,United Kingdom
536675,SKU_94290,GREEN REGENCY TEACUP AND SAUCER,5,2.46,12310,United Kingdom
536675,SKU_74486,REGENCY CAKESTAND 3 TIER,9,7.44,12310,United Kingdom
536675,SKU_65048,PINK REGENCY TEACUP AND SAUCER,12,3.11,12310,United Kingdom
536676,SKU_59570,GARDENERS KNEELING PAD KEEP CALM,9,10.03,12311,United Kingdom
536676,SKU_29474,RETROSPOT GARDEN WATERING CAN,12,8.72,12311,United Kingdom
536676,SKU_20773,LUNCH BAG RED RETROSPOT,4,2.27,12311,United Kingdom
536677,SKU_59297,POPCORN HOLDER,11,6.58,12312,United Kingdom
536677,SKU_20773,LUNCH BAG RED RETROSPOT,12,13.4,12312,United Kingdom
536677,SKU_10696,VINTAGE HEADS AND HORNS WALL ART,2,11.79,12312,United Kingdom
536677,SKU_93482,SWEETHEART CERAMIC TRINKET BOX,4,14.77,12312,United Kingdom
536677,SKU_02417,ALARM CLOCK BAKELIKE PINK,3,13.63,12312,United Kingdom
536677,SKU_23059,PARTY BUNTING,5,1.45,12312,United Kingdom
536677,SKU_25782,WOODLAND CHARLOTTE BAG,12,12.71,12312,United Kingdom
536677,SKU_89820,SET OF 3 CAKE TINS PANTRY DESIGN,5,7.66,12312,United Kingdom
536678,SKU_86048,SET OF 6 SPICE TINS PANTRY DESIGN,1,4.89,12313,United Kingdom
536678,SKU_38659,ROSES REGENCY TEACUP AND SAUCER,1,5.3,12313,United Kingdom
536678,SKU_87304,SPACEBOY LUNCH BOX,12,10.06,12313,United Kingdom
536678,SKU_44719,JUMBO BAG RED RETROSPOT,1,7.88,12313,United Kingdom
536678,SKU_89820,SET OF 3 CAKE TINS PANTRY DESIGN,1,2.2,12313,United Kingdom
536678,SKU_72894,DOORMAT KEEP CALM AND COME IN,11,5.12,12313,United Kingdom
536679,SKU_15736,RED HANGING HEART T-LIGHT HOLDER,1,5.42,12314,United Kingdom
536680,SKU_15736,RED HANGING HEART T-LIGHT HOLDER,2,3.91,12315,United Kingdom
536680,SKU_93482,SWEETHEART CERAMIC TRINKET BOX,9,15.03,12315,United Kingdom
536680,SKU_29474,RETROSPOT GARDEN WATERING CAN,9,14.45,12315,United Kingdom
536680,SKU_49885,ASSORTED COLOUR BIRD ORNAMENT,1,1.82,12315,United Kingdom
536681,SKU_10322,PAPER CHAIN KIT VINTAGE CHRISTMAS,11,5.56,12316,United Kingdom
536681,SKU_29474,RETROSPOT GARDEN WATERING CAN,9,5.18,12316,United Kingdom
536681,SKU_55418,JUMBO BAG PINK POLKADOT,1,10.17,12316,United Kingdom
536682,SKU_10322,PAPER CHAIN KIT VINTAGE CHRISTMAS,11,3.21,12317,United Kingdom
536682,SKU_38659,ROSES REGENCY TEACUP AND SAUCER,12,6.7,12317,United Kingdom
536682,SKU_92886,ALARM CLOCK BAKELIKE RED,11,9.98,12317,United Kingdom
536683,SKU_86048,SET OF 6 SPICE TINS PANTRY DESIGN,3,4.2,12318,United Kingdom
536683,SKU_09699,RECIPE BOX PANTRY DESIGN,3,9.53,12318,United Kingdom
536683,SKU_23059,PARTY BUNTING,11,12.65,12318,United Kingdom
536683,SKU_89820,SET OF 3 CAKE TINS PANTRY DESIGN,3,5.65,12318,United Kingdom
536683,SKU_49885,ASSORTED COLOUR BIRD ORNAMENT,12,14.06,12318,United Kingdom
536684,SKU_59297,POPCORN HOLDER,2,3.87,12319,United Kingdom
536684,SKU_26130,PAPER CHAIN KIT 50S CHRISTMAS,3,11.61,12319,United Kingdom
536684,SKU_29474,RETROSPOT GARDEN WATERING CAN,6,13.79,12319,United Kingdom
536684,SKU_44719,JUMBO BAG RED RETROSPOT,7,14.95,12319,United Kingdom
536685,SKU_85409,REGENCY TEAPOT,10,4.56,12320,United Kingdom
536685,SKU_02417,ALARM CLOCK BAKELIKE PINK,11,1.62,12320,United Kingdom
536685,SKU_23059,PARTY BUNTING,2,11.06,12320,United Kingdom
536685,SKU_92886,ALARM CLOCK BAKELIKE RED,8,3.16,12320,United Kingdom
536685,SKU_89820,SET OF 3 CAKE TINS PANTRY DESIGN,10,7.93,12320,United Kingdom
536686,SKU_51010,LUNCH BAG PINK POLKADOT,4,1.71,12321,United Kingdom
536686,SKU_20773,LUNCH BAG RED RETROSPOT,1,14.44,12321,United Kingdom
536686,SKU_22758,JUMBO BAG WOODLAND ANIMALS,7,4.42,12321,United Kingdom
536686,SKU_44719,JUMBO BAG RED RETROSPOT,11,15.33,12321,United Kingdom
536686,SKU_55418,JUMBO BAG PINK POLKADOT,4,2.19,12321,United Kingdom
536687,SKU_87304,SPACEBOY LUNCH BOX,10,11.73,12322,United Kingdom
536687,SKU_26130,PAPER CHAIN KIT 50S CHRISTMAS,7,11.51,12322,United Kingdom
536687,SKU_86048,SET OF 6 SPICE TINS PANTRY DESIGN,7,9.96,12322,United Kingdom
536687,SKU_94290,GREEN REGENCY TEACUP AND SAUCER,12,9.4,12322,United Kingdom
536688,SKU_65048,PINK REGENCY TEACUP AND SAUCER,4,8.64,12323,United Kingdom
536688,SKU_85409,REGENCY TEAPOT,7,15.27,12323,United Kingdom
536688,SKU_94290,GREEN REGENCY TEACUP AND SAUCER,1,9.2,12323,United Kingdom
536689,SKU_65048,PINK REGENCY TEACUP AND SAUCER,5,12.27,12324,United Kingdom
536689,SKU_94290,GREEN REGENCY TEACUP AND SAUCER,5,7.82,12324,United Kingdom
536689,SKU_38659,ROSES REGENCY TEACUP AND SAUCER,7,5.45,12324,United Kingdom
536690,SKU_03409,GARDENERS KNEELING PAD CUP OF TEA,7,7.14,12325,United Kingdom
536690,SKU_13714,HAND WARMER BIRD NEST,8,1.6,12325,United Kingdom
536690,SKU_06213,CHILLI LIGHTS,8,9.66,12325,United Kingdom
536690,SKU_44719,JUMBO BAG RED RETROSPOT,12,14.02,12325,United Kingdom
536691,SKU_10696,VINTAGE HEADS AND HORNS WALL ART,12,11.7,12326,United Kingdom
536691,SKU_55418,JUMBO BAG PINK POLKADOT,2,2.88,12326,United Kingdom
536692,SKU_10696,VINTAGE HEADS AND HORNS WALL ART,7,9.09,12327,United Kingdom
536692,SKU_10322,PAPER CHAIN KIT VINTAGE CHRISTMAS,1,12.2,12327,United Kingdom
536692,SKU_13714,HAND WARMER BIRD NEST,6,9.31,12327,United Kingdom
536692,SKU_55418,JUMBO BAG PINK POLKADOT,11,13.54,12327,United Kingdom
536693,SKU_29474,RETROSPOT GARDEN WATERING CAN,9,12.76,12328,United Kingdom
536693,SKU_20773,LUNCH BAG RED RETROSPOT,10,13.83,12328,United Kingdom
536693,SKU_44719,JUMBO BAG RED RETROSPOT,4,4.34,12328,United Kingdom
536693,SKU_92886,ALARM CLOCK BAKELIKE RED,11,8.03,12328,United Kingdom
536693,SKU_25782,WOODLAND CHARLOTTE BAG,7,7.55,12328,United Kingdom
536693,SKU_55418,JUMBO BAG PINK POLKADOT,10,9.8,12328,United Kingdom
536694,SKU_85409,REGENCY TEAPOT,6,14.37,12329,United Kingdom
536694,SKU_29474,RETROSPOT GARDEN WATERING CAN,1,2.8,12329,United Kingdom
536694,SKU_03409,GARDENERS KNEELING PAD CUP OF TEA,3,3.55,12329,United Kingdom
536694,SKU_94290,GREEN REGENCY TEACUP AND SAUCER,5,9.96,12329,United Kingdom
536694,SKU_59570,GARDENERS KNEELING PAD KEEP CALM,12,11.22,12329,United Kingdom
536694,SKU_02417,ALARM CLOCK BAKELIKE PINK,10,12.47,12329,United Kingdom
536695,SKU_85409,REGENCY TEAPOT,5,7.96,12330,United Kingdom
536695,SKU_93482,SWEETHEART CERAMIC TRINKET BOX,2,11.15,12330,United Kingdom
536695,SKU_16078,CHARLOTTE BAG SUKI DESIGN,5,5.94,12330,United Kingdom
536695,SKU_68307,CHARLOTTE BAG PINK POLKADOT,7,8.73,12330,United Kingdom
536695,SKU_25782,WOODLAND CHARLOTTE BAG,12,4.23,12330,United Kingdom
536696,SKU_29474,RETROSPOT GARDEN WATERING CAN,10,4.57,12331,United Kingdom
536696,SKU_22758,JUMBO BAG WOODLAND ANIMALS,5,15.2,12331,United Kingdom
536696,SKU_26130,PAPER CHAIN KIT 50S CHRISTMAS,1,2.93,12331,United Kingdom
536696,SKU_59570,GARDENERS KNEELING PAD KEEP CALM,8,10.16,12331,United Kingdom
536696,SKU_31997,DOLLY GIRL LUNCH BOX,2,11.76,12331,United Kingdom
536697,SKU_93482,SWEETHEART CERAMIC TRINKET BOX,4,1.41,12332,United Kingdom
536697,SKU_77748,STRAWBERRY CERAMIC TRINKET BOX,4,11.08,12332,United Kingdom
536697,SKU_31997,DOLLY GIRL LUNCH BOX,5,12.51,12332,United Kingdom
536697,SKU_64311,CERAMIC STRAWBERRY CAKE STAND,5,5.53,12332,United Kingdom
536698,SKU_85409,REGENCY TEAPOT,7,11.57,12333,United Kingdom
536698,SKU_94290,GREEN REGENCY TEACUP AND SAUCER,10,14.93,12333,United Kingdom
536699,SKU_10696,VINTAGE HEADS AND HORNS WALL ART,8,14.31,12334,United Kingdom
536700,SKU_03409,GARDENERS KNEELING PAD CUP OF TEA,12,2.05,12335,United Kingdom
536700,SKU_59570,GARDENERS KNEELING PAD KEEP CALM,9,5.52,12335,United Kingdom
536700,SKU_16078,CHARLOTTE BAG SUKI DESIGN,12,10.91,12335,United Kingdom
536700,SKU_25782,WOODLAND CHARLOTTE BAG,9,8.89,12335,United Kingdom
536701,SKU_10696,VINTAGE HEADS AND HORNS WALL ART,9,13.25,12336,United Kingdom
536701,SKU_10322,PAPER CHAIN KIT VINTAGE CHRISTMAS,10,9.88,12336,United Kingdom
536701,SKU_26130,PAPER CHAIN KIT 50S CHRISTMAS,3,9.73,12336,United Kingdom
536701,SKU_31997,DOLLY GIRL LUNCH BOX,5,11.3,12336,United Kingdom
536702,SKU_85409,REGENCY TEAPOT,4,8.73,12337,United Kingdom
536702,SKU_38659,ROSES REGENCY TEACUP AND SAUCER,3,2.85,12337,United Kingdom
536702,SKU_02417,ALARM CLOCK BAKELIKE PINK,1,12.33,12337,United Kingdom
536702,SKU_74486,REGENCY CAKESTAND 3 TIER,2,7.57,12337,United Kingdom
536702,SKU_65048,PINK REGENCY TEACUP AND SAUCER,1,12.64,12337,United Kingdom
536703,SKU_26130,PAPER CHAIN KIT 50S CHRISTMAS,3,12.22,12338,United Kingdom
536703,SKU_10322,PAPER CHAIN KIT VINTAGE CHRISTMAS,2,12.97,12338,United Kingdom
536703,SKU_72894,DOORMAT KEEP CALM AND COME IN,9,10.89,12338,United Kingdom
536704,SKU_85409,REGENCY TEAPOT,11,13.34,12339,United Kingdom
536704,SKU_38659,ROSES REGENCY TEACUP AND SAUCER,2,6.0,12339,United Kingdom
536704,SKU_94290,GREEN REGENCY TEACUP AND SAUCER,1,2.72,12339,United Kingdom
536704,SKU_74486,REGENCY CAKESTAND 3 TIER,11,11.87,12339,United Kingdom
536704,SKU_65048,PINK REGENCY TEACUP AND SAUCER,1,9.48,12339,United Kingdom
536705,SKU_86048,SET OF 6 SPICE TINS PANTRY DESIGN,5,8.83,12340,United Kingdom
536705,SKU_09699,RECIPE BOX PANTRY DESIGN,8,10.81,12340,United Kingdom
536705,SKU_89820,SET OF 3 CAKE TINS PANTRY DESIGN,5,3.38,12340,United Kingdom
536706,SKU_94290,GREEN REGENCY TEACUP AND SAUCER,3,14.69,12341,United Kingdom
536706,SKU_38659,ROSES REGENCY TEACUP AND SAUCER,5,9.43,12341,United Kingdom
536706,SKU_92886,ALARM CLOCK BAKELIKE RED,3,2.27,12341,United Kingdom
536707,SKU_10696,VINTAGE HEADS AND HORNS WALL ART,7,6.83,12342,United Kingdom
536707,SKU_10322,PAPER CHAIN KIT VINTAGE CHRISTMAS,12,9.74,12342,United Kingdom
536707,SKU_26130,PAPER CHAIN KIT 50S CHRISTMAS,10,10.22,12342,United Kingdom
536707,SKU_74486,REGENCY CAKESTAND 3 TIER,12,11.22,12342,United Kingdom
536707,SKU_65048,PINK REGENCY TEACUP AND SAUCER,10,6.32,12342,United Kingdom
536708,SKU_86048,SET OF 6 SPICE TINS PANTRY DESIGN,7,3.86,12343,United Kingdom
536708,SKU_38752,ALARM CLOCK BAKELIKE GREEN,11,5.96,12343,United Kingdom
536708,SKU_06213,CHILLI LIGHTS,6,7.71,12343,United Kingdom
536708,SKU_16078,CHARLOTTE BAG SUKI DESIGN,1,2.18,12343,United Kingdom
536708,SKU_03409,GARDENERS KNEELING PAD CUP OF TEA,2,6.26,12343,United Kingdom
536708,SKU_89820,SET OF 3 CAKE TINS PANTRY DESIGN,8,13.3,12343,United Kingdom
536709,SKU_10696,VINTAGE HEADS AND HORNS WALL ART,2,12.54,12344,United Kingdom
536709,SKU_26130,PAPER CHAIN KIT 50S CHRISTMAS,9,7.82,12344,United Kingdom
536709,SKU_15736,RED HANGING HEART T-LIGHT HOLDER,10,7.14,12344,United Kingdom
536709,SKU_06213,CHILLI LIGHTS,10,4.72,12344,United Kingdom
536710,SKU_68307,CHARLOTTE BAG PINK POLKADOT,12,9.67,12345,United Kingdom
536710,SKU_25782,WOODLAND CHARLOTTE BAG,7,9.33,12345,United Kingdom
536710,SKU_16078,CHARLOTTE BAG SUKI DESIGN,6,9.01,12345,United Kingdom
536711,SKU_11920,HEART OF WICKER SMALL,3,5.64,12346,United Kingdom
536711,SKU_53682,WHITE HANGING HEART T-LIGHT HOLDER,7,2.24,12346,United Kingdom
536711,SKU_32339,HEART OF WICKER LARGE,2,11.02,12346,United Kingdom
536711,SKU_25782,WOODLAND CHARLOTTE BAG,10,12.24,12346,United Kingdom
536711,SKU_15736,RED HANGING HEART T-LIGHT HOLDER,7,5.92,12346,United Kingdom
536712,SKU_85409,REGENCY TEAPOT,10,9.49,12347,United Kingdom
536712,SKU_38659,ROSES REGENCY TEACUP AND SAUCER,4,4.18,12347,United Kingdom
536712,SKU_93482,SWEETHEART CERAMIC TRINKET BOX,6,5.52,12347,United Kingdom
536712,SKU_44719,JUMBO BAG RED RETROSPOT,11,5.59,12347,United Kingdom
536712,SKU_25782,WOODLAND CHARLOTTE BAG,7,11.48,12347,United Kingdom
536712,SKU_31997,DOLLY GIRL LUNCH BOX,6,15.36,12347,United Kingdom
536713,SKU_03409,GARDENERS KNEELING PAD CUP OF TEA,6,14.09,12348,United Kingdom
536713,SKU_59570,GARDENERS KNEELING PAD KEEP CALM,1,1.26,12348,United Kingdom
536713,SKU_29474,RETROSPOT GARDEN WATERING CAN,9,12.95,12348,United Kingdom
536714,SKU_38752,ALARM CLOCK BAKELIKE GREEN,11,5.78,12349,United Kingdom
536714,SKU_92886,ALARM CLOCK BAKELIKE RED,7,7.04,12349,United Kingdom
536714,SKU_64311,CERAMIC STRAWBERRY CAKE STAND,7,9.02,12349,United Kingdom
536715,SKU_68307,CHARLOTTE BAG PINK POLKADOT,7,3.45,12000,United Kingdom
536715,SKU_77748,STRAWBERRY CERAMIC TRINKET BOX,11,3.04,12000,United Kingdom
536715,SKU_16078,CHARLOTTE BAG SUKI DESIGN,1,2.27,12000,United Kingdom
536716,SKU_87304,SPACEBOY LUNCH BOX,3,7.73,12001,United Kingdom
536716,SKU_16078,CHARLOTTE BAG SUKI DESIGN,7,9.12,12001,United Kingdom
536716,SKU_68307,CHARLOTTE BAG PINK POLKADOT,8,6.73,12001,United Kingdom
536716,SKU_23059,PARTY BUNTING,4,3.9,12001,United Kingdom
536716,SKU_25782,WOODLAND CHARLOTTE BAG,10,1.36,12001,United Kingdom
536717,SKU_86048,SET OF 6 SPICE TINS PANTRY DESIGN,8,8.62,12002,United Kingdom
536717,SKU_59297,POPCORN HOLDER,9,13.93,12002,United Kingdom
536717,SKU_09699,RECIPE BOX PANTRY DESIGN,2,4.74,12002,United Kingdom
536717,SKU_59570,GARDENERS KNEELING PAD KEEP CALM,11,11.82,12002,United Kingdom
536717,SKU_77748,STRAWBERRY CERAMIC TRINKET BOX,11,2.36,12002,United Kingdom
536717,SKU_25782,WOODLAND CHARLOTTE BAG,11,8.93,12002,United Kingdom
536717,SKU_89820,SET OF 3 CAKE TINS PANTRY DESIGN,10,5.7,12002,United Kingdom
536718,SKU_38752,ALARM CLOCK BAKELIKE GREEN,3,9.41,12003,United Kingdom
536718,SKU_85409,REGENCY TEAPOT,11,15.36,12003,United Kingdom
536718,SKU_59297,POPCORN HOLDER,12,10.15,12003,United Kingdom
536718,SKU_10696,VINTAGE HEADS AND HORNS WALL ART,5,8.16,12003,United Kingdom
536718,SKU_10322,PAPER CHAIN KIT VINTAGE CHRISTMAS,3,8.45,12003,United Kingdom
536718,SKU_59570,GARDENERS KNEELING PAD KEEP CALM,5,4.84,12003,United Kingdom
536718,SKU_25782,WOODLAND CHARLOTTE BAG,10,5.25,12003,United Kingdom
536719,SKU_15736,RED HANGING HEART T-LIGHT HOLDER,3,4.97,12004,United Kingdom
536719,SKU_77748,STRAWBERRY CERAMIC TRINKET BOX,12,4.62,12004,United Kingdom
536719,SKU_44719,JUMBO BAG RED RETROSPOT,3,12.64,12004,United Kingdom
536720,SKU_86048,SET OF 6 SPICE TINS PANTRY DESIGN,11,5.02,12005,United Kingdom
536720,SKU_16078,CHARLOTTE BAG SUKI DESIGN,2,2.0,12005,United Kingdom
536720,SKU_44719,JUMBO BAG RED RETROSPOT,8,6.93,12005,United Kingdom
536720,SKU_53682,WHITE HANGING HEART T-LIGHT HOLDER,5,8.04,12005,United Kingdom
536720,SKU_23059,PARTY BUNTING,9,4.58,12005,United Kingdom
536720,SKU_26130,PAPER CHAIN KIT 50S CHRISTMAS,11,11.3,12005,United Kingdom
536720,SKU_31997,DOLLY GIRL LUNCH BOX,8,4.99,12005,United Kingdom
536721,SKU_26130,PAPER CHAIN KIT 50S CHRISTMAS,2,14.33,12006,United Kingdom
536721,SKU_93482,SWEETHEART CERAMIC TRINKET BOX,11,6.29,12006,United Kingdom
536721,SKU_94290,GREEN REGENCY TEACUP AND SAUCER,7,9.95,12006,United Kingdom
536721,SKU_64311,CERAMIC STRAWBERRY CAKE STAND,11,13.48,12006,United Kingdom
536722,SKU_38752,ALARM CLOCK BAKELIKE GREEN,8,12.27,12007,United Kingdom
536722,SKU_02417,ALARM CLOCK BAKELIKE PINK,12,4.7,12007,United Kingdom
536723,SKU_86048,SET OF 6 SPICE TINS PANTRY DESIGN,2,11.02,12008,United Kingdom
536723,SKU_09699,RECIPE BOX PANTRY DESIGN,6,4.38,12008,United Kingdom
536723,SKU_74486,REGENCY CAKESTAND 3 TIER,5,4.84,12008,United Kingdom
536723,SKU_89820,SET OF 3 CAKE TINS PANTRY DESIGN,1,1.59,12008,United Kingdom
536723,SKU_72894,DOORMAT KEEP CALM AND COME IN,2,2.06,12008,United Kingdom
536724,SKU_09699,RECIPE BOX PANTRY DESIGN,11,12.13,12009,United Kingdom
536724,SKU_89820,SET OF 3 CAKE TINS PANTRY DESIGN,11,9.32,12009,United Kingdom
536724,SKU_20773,LUNCH BAG RED RETROSPOT,3,14.02,12009,United Kingdom
536725,SKU_38752,ALARM CLOCK BAKELIKE GREEN,5,12.21,12010,United Kingdom
536725,SKU_02417,ALARM CLOCK BAKELIKE PINK,12,14.12,12010,United Kingdom
536725,SKU_92886,ALARM CLOCK BAKELIKE RED,6,4.92,12010,United Kingdom
536726,SKU_65048,PINK REGENCY TEACUP AND SAUCER,8,2.24,12011,United Kingdom
536726,SKU_92886,ALARM CLOCK BAKELIKE RED,4,9.95,12011,United Kingdom
536727,SKU_68307,CHARLOTTE BAG PINK POLKADOT,4,10.0,12012,United Kingdom
536727,SKU_16078,CHARLOTTE BAG SUKI DESIGN,2,14.25,12012,United Kingdom
536728,SKU_38659,ROSES REGENCY TEACUP AND SAUCER,8,3.37,12013,United Kingdom
536728,SKU_53682,WHITE HANGING HEART T-LIGHT HOLDER,11,1.26,12013,United Kingdom
536728,SKU_32339,HEART OF WICKER LARGE,1,10.72,12013,United Kingdom
536728,SKU_09699,RECIPE BOX PANTRY DESIGN,5,3.41,12013,United Kingdom
536729,SKU_93482,SWEETHEART CERAMIC TRINKET BOX,8,7.46,12014,United Kingdom
536729,SKU_64311,CERAMIC STRAWBERRY CAKE STAND,12,12.38,12014,United Kingdom
536730,SKU_02417,ALARM CLOCK BAKELIKE PINK,11,2.54,12015,United Kingdom
536730,SKU_59570,GARDENERS KNEELING PAD KEEP CALM,9,13.41,12015,United Kingdom
536730,SKU_31997,DOLLY GIRL LUNCH BOX,6,2.4,12015,United Kingdom
536730,SKU_74486,REGENCY CAKESTAND 3 TIER,8,12.09,12015,United Kingdom
536731,SKU_77748,STRAWBERRY CERAMIC TRINKET BOX,11,11.07,12016,United Kingdom
536731,SKU_09699,RECIPE BOX PANTRY DESIGN,8,2.46,12016,United Kingdom
536731,SKU_89820,SET OF 3 CAKE TINS PANTRY DESIGN,11,7.49,12016,United Kingdom
536731,SKU_20773,LUNCH BAG RED RETROSPOT,4,3.24,12016,United Kingdom
536732,SKU_86048,SET OF 6 SPICE TINS PANTRY DESIGN,1,1.78,12017,United Kingdom
536732,SKU_09699,RECIPE BOX PANTRY DESIGN,1,6.06,12017,United Kingdom
536732,SKU_89820,SET OF 3 CAKE TINS PANTRY DESIGN,12,1.86,12017,United Kingdom
536732,SKU_25782,WOODLAND CHARLOTTE BAG,2,4.27,12017,United Kingdom
536733,SKU_03409,GARDENERS KNEELING PAD CUP OF TEA,2,1.78,12018,United Kingdom
536733,SKU_29474,RETROSPOT GARDEN WATERING CAN,3,8.22,12018,United Kingdom
536733,SKU_59570,GARDENERS KNEELING PAD KEEP CALM,1,7.96,12018,United Kingdom
536734,SKU_94290,GREEN REGENCY TEACUP AND SAUCER,2,7.75,12019,United Kingdom
536734,SKU_44719,JUMBO BAG RED RETROSPOT,3,13.15,12019,United Kingdom
536735,SKU_11920,HEART OF WICKER SMALL,2,12.71,12020,United Kingdom
536735,SKU_32339,HEART OF WICKER LARGE,7,6.06,12020,United Kingdom
536735,SKU_89820,SET OF 3 CAKE TINS PANTRY DESIGN,12,10.92,12020,United Kingdom
536736,SKU_03409,GARDENERS KNEELING PAD CUP OF TEA,1,9.7,12021,United Kingdom
536736,SKU_59570,GARDENERS KNEELING PAD KEEP CALM,6,2.15,12021,United Kingdom
536737,SKU_38659,ROSES REGENCY TEACUP AND SAUCER,1,13.78,12022,United Kingdom
536737,SKU_93482,SWEETHEART CERAMIC TRINKET BOX,2,1.34,12022,United Kingdom
536737,SKU_77748,STRAWBERRY CERAMIC TRINKET BOX,3,14.45,12022,United Kingdom
536737,SKU_25782,WOODLAND CHARLOTTE BAG,12,10.54,12022,United Kingdom
536737,SKU_64311,CERAMIC STRAWBERRY CAKE STAND,5,7.18,12022,United Kingdom
536738,SKU_86048,SET OF 6 SPICE TINS PANTRY DESIGN,3,9.95,12023,United Kingdom
536738,SKU_02417,ALARM CLOCK BAKELIKE PINK,1,9.75,12023,United Kingdom
536738,SKU_32339,HEART OF WICKER LARGE,12,8.37,12023,United Kingdom
536739,SKU_02417,ALARM CLOCK BAKELIKE PINK,2,15.31,12024,United Kingdom
536739,SKU_20773,LUNCH BAG RED RETROSPOT,2,10.07,12024,United Kingdom
536739,SKU_74486,REGENCY CAKESTAND 3 TIER,9,8.48,12024,United Kingdom
536740,SKU_86048,SET OF 6 SPICE TINS PANTRY DESIGN,1,10.44,12025,United Kingdom
536740,SKU_09699,RECIPE BOX PANTRY DESIGN,5,4.24,12025,United Kingdom
536740,SKU_59570,GARDENERS KNEELING PAD KEEP CALM,5,6.01,12025,United Kingdom
536740,SKU_94290,GREEN REGENCY TEACUP AND SAUCER,8,1.87,12025,United Kingdom
536740,SKU_55418,JUMBO BAG PINK POLKADOT,12,2.0,12025,United Kingdom
536740,SKU_89820,SET OF 3 CAKE TINS PANTRY DESIGN,9,3.76,12025,United Kingdom
536741,SKU_11920,HEART OF WICKER SMALL,12,10.9,12026,United Kingdom
536741,SKU_20773,LUNCH BAG RED RETROSPOT,6,4.53,12026,United Kingdom
536741,SKU_09699,RECIPE BOX PANTRY DESIGN,2,5.9,12026,United Kingdom
536741,SKU_04128,MINI PAINT SET VINTAGE,2,4.63,12026,United Kingdom
536742,SKU_86048,SET OF 6 SPICE TINS PANTRY DESIGN,10,8.15,12027,United Kingdom
536742,SKU_09699,RECIPE BOX PANTRY DESIGN,7,3.32,12027,United Kingdom
536742,SKU_89820,SET OF 3 CAKE TINS PANTRY DESIGN,10,7.73,12027,United Kingdom
536743,SKU_51010,LUNCH BAG PINK POLKADOT,3,1.71,12028,United Kingdom
536743,SKU_20773,LUNCH BAG RED RETROSPOT,10,2.1,12028,United Kingdom
536743,SKU_22758,JUMBO BAG WOODLAND ANIMALS,3,2.83,12028,United Kingdom
536743,SKU_44719,JUMBO BAG RED RETROSPOT,8,7.78,12028,United Kingdom
536743,SKU_55418,JUMBO BAG PINK POLKADOT,3,12.08,12028,United Kingdom
536744,SKU_02417,ALARM CLOCK BAKELIKE PINK,7,13.46,12029,United Kingdom
536744,SKU_53682,WHITE HANGING HEART T-LIGHT HOLDER,8,13.54,12029,United Kingdom
536744,SKU_80590,VICTORIAN GLASS HANGING T-LIGHT,4,9.68,12029,United Kingdom
536744,SKU_92886,ALARM CLOCK BAKELIKE RED,8,5.23,12029,United Kingdom
536745,SKU_86048,SET OF 6 SPICE TINS PANTRY DESIGN,4,5.91,12030,United Kingdom
536746,SKU_20773,LUNCH BAG RED RETROSPOT,1,15.38,12031,United Kingdom
536746,SKU_44719,JUMBO BAG RED RETROSPOT,12,12.2,12031,United Kingdom
536747,SKU_03409,GARDENERS KNEELING PAD CUP OF TEA,8,4.68,12032,United Kingdom
536747,SKU_59570,GARDENERS KNEELING PAD KEEP CALM,9,11.98,12032,United Kingdom
536747,SKU_29474,RETROSPOT GARDEN WATERING CAN,12,11.68,12032,United Kingdom
536748,SKU_59297,POPCORN HOLDER,3,13.71,12033,United Kingdom
536748,SKU_38659,ROSES REGENCY TEACUP AND SAUCER,7,3.89,12033,United Kingdom
536748,SKU_03409,GARDENERS KNEELING PAD CUP OF TEA,6,10.18,12033,United Kingdom
536748,SKU_53682,WHITE HANGING HEART T-LIGHT HOLDER,12,10.28,12033,United Kingdom
536748,SKU_92886,ALARM CLOCK BAKELIKE RED,11,2.26,12033,United Kingdom
536749,SKU_02417,ALARM CLOCK BAKELIKE PINK,10,8.98,12034,United Kingdom
536749,SKU_94290,GREEN REGENCY TEACUP AND SAUCER,4,12.47,12034,United Kingdom
536750,SKU_10696,VINTAGE HEADS AND HORNS WALL ART,7,6.46,12035,United Kingdom
536750,SKU_10322,PAPER CHAIN KIT VINTAGE CHRISTMAS,10,1.83,12035,United Kingdom
536750,SKU_11920,HEART OF WICKER SMALL,6,3.75,12035,United Kingdom
536751,SKU_15736,RED HANGING HEART T-LIGHT HOLDER,9,2.87,12036,United Kingdom
536751,SKU_53682,WHITE HANGING HEART T-LIGHT HOLDER,8,11.76,12036,United Kingdom
536751,SKU_32339,HEART OF WICKER LARGE,10,13.66,12036,United Kingdom
536751,SKU_11920,HEART OF WICKER SMALL,12,4.24,12036,United Kingdom
536752,SKU_11920,HEART OF WICKER SMALL,6,7.7,12037,United Kingdom
536752,SKU_10322,PAPER CHAIN KIT VINTAGE CHRISTMAS,9,8.76,12037,United Kingdom
536752,SKU_68307,CHARLOTTE BAG PINK POLKADOT,2,7.95,12037,United Kingdom
536753,SKU_03409,GARDENERS KNEELING PAD CUP OF TEA,4,13.96,12038,United Kingdom
536753,SKU_59570,GARDENERS KNEELING PAD KEEP CALM,8,2.49,12038,United Kingdom
536753,SKU_29474,RETROSPOT GARDEN WATERING CAN,7,14.05,12038,United Kingdom
536754,SKU_15736,RED HANGING HEART T-LIGHT HOLDER,11,1.57,12039,United Kingdom
536754,SKU_32339,HEART OF WICKER LARGE,7,15.07,12039,United Kingdom
536754,SKU_20773,LUNCH BAG RED RETROSPOT,9,14.53,12039,United Kingdom
536754,SKU_09699,RECIPE BOX PANTRY DESIGN,8,6.19,12039,United Kingdom
536755,SKU_38659,ROSES REGENCY TEACUP AND SAUCER,8,5.58,12040,United Kingdom
536755,SKU_06213,CHILLI LIGHTS,3,14.05,12040,United Kingdom
536755,SKU_16078,CHARLOTTE BAG SUKI DESIGN,5,3.7,12040,United Kingdom
536755,SKU_94290,GREEN REGENCY TEACUP AND SAUCER,5,4.48,12040,United Kingdom
536755,SKU_26130,PAPER CHAIN KIT 50S CHRISTMAS,6,15.08,12040,United Kingdom
536755,SKU_74486,REGENCY CAKESTAND 3 TIER,1,3.36,12040,United Kingdom
536755,SKU_25782,WOODLAND CHARLOTTE BAG,5,7.75,12040,United Kingdom
536755,SKU_65048,PINK REGENCY TEACUP AND SAUCER,3,10.07,12040,United Kingdom
536755,SKU_72894,DOORMAT KEEP CALM AND COME IN,3,11.39,12040,United Kingdom
536756,SKU_10696,VINTAGE HEADS AND HORNS WALL ART,3,7.53,12041,United Kingdom
536756,SKU_51010,LUNCH BAG PINK POLKADOT,6,3.88,12041,United Kingdom
536756,SKU_55418,JUMBO BAG PINK POLKADOT,9,11.33,12041,United Kingdom
536756,SKU_44719,JUMBO BAG RED RETROSPOT,11,5.77,12041,United Kingdom
536757,SKU_10696,VINTAGE HEADS AND HORNS WALL ART,8,12.2,12042,United Kingdom
536757,SKU_10322,PAPER CHAIN KIT VINTAGE CHRISTMAS,8,14.47,12042,United Kingdom
536757,SKU_26130,PAPER CHAIN KIT 50S CHRISTMAS,3,1.31,12042,United Kingdom
536757,SKU_65048,PINK REGENCY TEACUP AND SAUCER,12,9.03,12042,United Kingdom
536758,SKU_38752,ALARM CLOCK BAKELIKE GREEN,5,1.6,12043,United Kingdom
536758,SKU_11920,HEART OF WICKER SMALL,10,13.23,12043,United Kingdom
536758,SKU_02417,ALARM CLOCK BAKELIKE PINK,8,6.34,12043,United Kingdom
536758,SKU_94290,GREEN REGENCY TEACUP AND SAUCER,6,2.03,12043,United Kingdom
536758,SKU_03409,GARDENERS KNEELING PAD CUP OF TEA,11,4.03,12043,United Kingdom
536758,SKU_92886,ALARM CLOCK BAKELIKE RED,9,4.42,12043,United Kingdom
536759,SKU_10696,VINTAGE HEADS AND HORNS WALL ART,6,6.75,12044,United Kingdom
536759,SKU_64311,CERAMIC STRAWBERRY CAKE STAND,1,5.31,12044,United Kingdom
536759,SKU_53682,WHITE HANGING HEART T-LIGHT HOLDER,6,5.64,12044,United Kingdom
536759,SKU_68307,CHARLOTTE BAG PINK POLKADOT,8,13.71,12044,United Kingdom
536759,SKU_77748,STRAWBERRY CERAMIC TRINKET BOX,2,4.32,12044,United Kingdom
536759,SKU_25782,WOODLAND CHARLOTTE BAG,8,11.82,12044,United Kingdom
536759,SKU_74486,REGENCY CAKESTAND 3 TIER,7,12.7,12044,United Kingdom
536759,SKU_65048,PINK REGENCY TEACUP AND SAUCER,5,3.58,12044,United Kingdom
536760,SKU_15736,RED HANGING HEART T-LIGHT HOLDER,6,2.19,12045,United Kingdom
536760,SKU_25782,WOODLAND CHARLOTTE BAG,10,12.02,12045,United Kingdom
536760,SKU_16078,CHARLOTTE BAG SUKI DESIGN,2,1.34,12045,United Kingdom
536761,SKU_38752,ALARM CLOCK BAKELIKE GREEN,4,3.9,12046,United Kingdom
536761,SKU_02417,ALARM CLOCK BAKELIKE PINK,7,5.37,12046,United Kingdom
536761,SKU_92886,ALARM CLOCK BAKELIKE RED,8,1.85,12046,United Kingdom
536762,SKU_38752,ALARM CLOCK BAKELIKE GREEN,12,10.44,12047,United Kingdom
536762,SKU_29474,RETROSPOT GARDEN WATERING CAN,1,2.95,12047,United Kingdom
536762,SKU_38659,ROSES REGENCY TEACUP AND SAUCER,5,8.28,12047,United Kingdom
536762,SKU_16078,CHARLOTTE BAG SUKI DESIGN,2,9.78,12047,United Kingdom
536762,SKU_02417,ALARM CLOCK BAKELIKE PINK,6,9.53,12047,United Kingdom
536762,SKU_03409,GARDENERS KNEELING PAD CUP OF TEA,10,7.46,12047,United Kingdom
536763,SKU_16078,CHARLOTTE BAG SUKI DESIGN,5,6.4,12048,United Kingdom
536763,SKU_44719,JUMBO BAG RED RETROSPOT,11,14.25,12048,United Kingdom
536763,SKU_32339,HEART OF WICKER LARGE,6,1.94,12048,United Kingdom
536763,SKU_68307,CHARLOTTE BAG PINK POLKADOT,5,8.8,12048,United Kingdom
536763,SKU_65048,PINK REGENCY TEACUP AND SAUCER,2,8.57,12048,United Kingdom
536763,SKU_55418,JUMBO BAG PINK POLKADOT,11,3.86,12048,United Kingdom
536764,SKU_51010,LUNCH BAG PINK POLKADOT,2,8.87,12049,United Kingdom
536764,SKU_55418,JUMBO BAG PINK POLKADOT,6,12.98,12049,United Kingdom
536764,SKU_20773,LUNCH BAG RED RETROSPOT,1,3.2,12049,United Kingdom
536764,SKU_22758,JUMBO BAG WOODLAND ANIMALS,5,6.57,12049,United Kingdom
536765,SKU_10696,VINTAGE HEADS AND HORNS WALL ART,9,9.99,12050,United Kingdom
536765,SKU_26130,PAPER CHAIN KIT 50S CHRISTMAS,9,13.31,12050,United Kingdom
536765,SKU_89820,SET OF 3 CAKE TINS PANTRY DESIGN,12,9.1,12050,United Kingdom
536766,SKU_16078,CHARLOTTE BAG SUKI DESIGN,9,12.13,12051,United Kingdom
536766,SKU_44719,JUMBO BAG RED RETROSPOT,6,3.7,12051,United Kingdom
536766,SKU_02417,ALARM CLOCK BAKELIKE PINK,5,1.66,12051,United Kingdom
536766,SKU_32339,HEART OF WICKER LARGE,2,4.42,12051,United Kingdom
536766,SKU_23059,PARTY BUNTING,12,3.28,12051,United Kingdom
536767,SKU_11920,HEART OF WICKER SMALL,2,1.52,12052,United Kingdom
536767,SKU_51010,LUNCH BAG PINK POLKADOT,8,12.04,12052,United Kingdom
536767,SKU_55418,JUMBO BAG PINK POLKADOT,1,4.05,12052,United Kingdom
536767,SKU_44719,JUMBO BAG RED RETROSPOT,1,12.55,12052,United Kingdom
536768,SKU_85409,REGENCY TEAPOT,11,1.4,12053,United Kingdom
536768,SKU_38659,ROSES REGENCY TEACUP AND SAUCER,2,12.4,12053,United Kingdom
536768,SKU_94290,GREEN REGENCY TEACUP AND SAUCER,10,4.18,12053,United Kingdom
536768,SKU_74486,REGENCY CAKESTAND 3 TIER,4,3.88,12053,United Kingdom
536768,SKU_65048,PINK REGENCY TEACUP AND SAUCER,6,1.67,12053,United Kingdom
536769,SKU_38752,ALARM CLOCK BAKELIKE GREEN,2,12.93,12054,United Kingdom
536769,SKU_02417,ALARM CLOCK BAKELIKE PINK,1,8.79,12054,United Kingdom
536769,SKU_92886,ALARM CLOCK BAKELIKE RED,12,3.98,12054,United Kingdom
536769,SKU_85409,REGENCY TEAPOT,5,3.7,12054,United Kingdom
536770,SKU_04128,MINI PAINT SET VINTAGE,12,5.36,12055,United Kingdom
536770,SKU_93482,SWEETHEART CERAMIC TRINKET BOX,12,1.83,12055,United Kingdom
536770,SKU_11920,HEART OF WICKER SMALL,6,8.29,12055,United Kingdom
536770,SKU_59570,GARDENERS KNEELING PAD KEEP CALM,7,5.29,12055,United Kingdom
536770,SKU_13714,HAND WARMER BIRD NEST,10,11.74,12055,United Kingdom
536770,SKU_77748,STRAWBERRY CERAMIC TRINKET BOX,11,15.16,12055,United Kingdom
536770,SKU_15736,RED HANGING HEART T-LIGHT HOLDER,8,4.47,12055,United Kingdom
536771,SKU_93482,SWEETHEART CERAMIC TRINKET BOX,2,6.9,12056,United Kingdom
536771,SKU_77748,STRAWBERRY CERAMIC TRINKET BOX,9,10.63,12056,United Kingdom
536771,SKU_25782,WOODLAND CHARLOTTE BAG,2,2.95,12056,United Kingdom
536772,SKU_15736,RED HANGING HEART T-LIGHT HOLDER,6,4.1,12057,United Kingdom
536772,SKU_53682,WHITE HANGING HEART T-LIGHT HOLDER,7,3.0,12057,United Kingdom
536772,SKU_32339,HEART OF WICKER LARGE,7,11.58,12057,United Kingdom
536772,SKU_11920,HEART OF WICKER SMALL,5,12.15,12057,United Kingdom
536773,SKU_10696,VINTAGE HEADS AND HORNS WALL ART,7,15.32,12058,United Kingdom
536773,SKU_23059,PARTY BUNTING,9,5.22,12058,United Kingdom
536773,SKU_06213,CHILLI LIGHTS,8,2.79,12058,United Kingdom
536774,SKU_38659,ROSES REGENCY TEACUP AND SAUCER,3,5.56,12059,United Kingdom
536774,SKU_93482,SWEETHEART CERAMIC TRINKET BOX,10,2.62,12059,United Kingdom
536774,SKU_16078,CHARLOTTE BAG SUKI DESIGN,2,10.67,12059,United Kingdom
536774,SKU_26130,PAPER CHAIN KIT 50S CHRISTMAS,9,12.19,12059,United Kingdom
536774,SKU_74486,REGENCY CAKESTAND 3 TIER,8,4.13,12059,United Kingdom
536774,SKU_25782,WOODLAND CHARLOTTE BAG,11,8.35,12059,United Kingdom
536775,SKU_03409,GARDENERS KNEELING PAD CUP OF TEA,7,13.79,12060,United Kingdom
536775,SKU_29474,RETROSPOT GARDEN WATERING CAN,2,6.72,12060,United Kingdom
536775,SKU_59570,GARDENERS KNEELING PAD KEEP CALM,6,13.4,12060,United Kingdom
536776,SKU_38659,ROSES REGENCY TEACUP AND SAUCER,10,10.87,12061,United Kingdom
536776,SKU_93482,SWEETHEART CERAMIC TRINKET BOX,11,9.14,12061,United Kingdom
536776,SKU_11920,HEART OF WICKER SMALL,9,9.4,12061,United Kingdom
536776,SKU_94290,GREEN REGENCY TEACUP AND SAUCER,8,9.26,12061,United Kingdom
536776,SKU_32339,HEART OF WICKER LARGE,3,8.47,12061,United Kingdom
536776,SKU_55418,JUMBO BAG PINK POLKADOT,7,5.0,12061,United Kingdom
536777,SKU_93482,SWEETHEART CERAMIC TRINKET BOX,1,9.66,12062,United Kingdom
536777,SKU_77748,STRAWBERRY CERAMIC TRINKET BOX,3,13.18,12062,United Kingdom
536777,SKU_64311,CERAMIC STRAWBERRY CAKE STAND,6,12.79,12062,United Kingdom
536778,SKU_86048,SET OF 6 SPICE TINS PANTRY DESIGN,2,6.06,12063,United Kingdom
536778,SKU_10696,VINTAGE HEADS AND HORNS WALL ART,1,8.92,12063,United Kingdom
536778,SKU_16078,CHARLOTTE BAG SUKI DESIGN,1,7.82,12063,United Kingdom
536778,SKU_11920,HEART OF WICKER SMALL,7,9.34,12063,United Kingdom
536778,SKU_02417,ALARM CLOCK BAKELIKE PINK,7,5.05,12063,United Kingdom
536778,SKU_10322,PAPER CHAIN KIT VINTAGE CHRISTMAS,12,7.94,12063,United Kingdom
536778,SKU_26130,PAPER CHAIN KIT 50S CHRISTMAS,1,15.3,12063,United Kingdom
536779,SKU_86048,SET OF 6 SPICE TINS PANTRY DESIGN,8,8.41,12064,United Kingdom
536779,SKU_93482,SWEETHEART CERAMIC TRINKET BOX,11,6.09,12064,United Kingdom
536779,SKU_77748,STRAWBERRY CERAMIC TRINKET BOX,10,5.52,12064,United Kingdom
536779,SKU_64311,CERAMIC STRAWBERRY CAKE STAND,7,4.13,12064,United Kingdom
536780,SKU_15736,RED HANGING HEART T-LIGHT HOLDER,5,15.45,12065,United Kingdom
536780,SKU_53682,WHITE HANGING HEART T-LIGHT HOLDER,7,12.72,12065,United Kingdom
536780,SKU_32339,HEART OF WICKER LARGE,10,11.84,12065,United Kingdom
536780,SKU_11920,HEART OF WICKER SMALL,2,11.48,12065,United Kingdom
536781,SKU_10696,VINTAGE HEADS AND HORNS WALL ART,4,6.2,12066,United Kingdom
536781,SKU_10322,PAPER CHAIN KIT VINTAGE CHRISTMAS,2,10.53,12066,United Kingdom
536781,SKU_26130,PAPER CHAIN KIT 50S CHRISTMAS,5,8.44,12066,United Kingdom
536782,SKU_85409,REGENCY TEAPOT,3,9.47,12067,United Kingdom
536782,SKU_29474,RETROSPOT GARDEN WATERING CAN,4,10.67,12067,United Kingdom
536782,SKU_80590,VICTORIAN GLASS HANGING T-LIGHT,12,14.62,12067,United Kingdom
536782,SKU_03409,GARDENERS KNEELING PAD CUP OF TEA,5,14.6,12067,United Kingdom
536782,SKU_59570,GARDENERS KNEELING PAD KEEP CALM,9,12.78,12067,United Kingdom
536783,SKU_86048,SET OF 6 SPICE TINS PANTRY DESIGN,7,5.79,12068,United Kingdom
536783,SKU_59297,POPCORN HOLDER,2,10.28,12068,United Kingdom
536783,SKU_38752,ALARM CLOCK BAKELIKE GREEN,7,5.05,12068,United Kingdom
536783,SKU_77748,STRAWBERRY CERAMIC TRINKET BOX,5,10.46,12068,United Kingdom
536783,SKU_65048,PINK REGENCY TEACUP AND SAUCER,5,11.04,12068,United Kingdom
536784,SKU_09699,RECIPE BOX PANTRY DESIGN,1,4.75,12069,United Kingdom
536784,SKU_89820,SET OF 3 CAKE TINS PANTRY DESIGN,5,7.86,12069,United Kingdom
536785,SKU_93482,SWEETHEART CERAMIC TRINKET BOX,9,3.76,12070,United Kingdom
536785,SKU_44719,JUMBO BAG RED RETROSPOT,1,14.98,12070,United Kingdom
536785,SKU_02417,ALARM CLOCK BAKELIKE PINK,8,12.4,12070,United Kingdom
536785,SKU_77748,STRAWBERRY CERAMIC TRINKET BOX,1,13.5,12070,United Kingdom
536785,SKU_64311,CERAMIC STRAWBERRY CAKE STAND,2,5.72,12070,United Kingdom
536786,SKU_04128,MINI PAINT SET VINTAGE,9,4.84,12071,United Kingdom
536786,SKU_11920,HEART OF WICKER SMALL,2,4.64,12071,United Kingdom
536786,SKU_03409,GARDENERS KNEELING PAD CUP OF TEA,2,12.27,12071,United Kingdom
536786,SKU_53682,WHITE HANGING HEART T-LIGHT HOLDER,6,5.94,12071,United Kingdom
536786,SKU_32339,HEART OF WICKER LARGE,10,11.76,12071,United Kingdom
536787,SKU_68307,CHARLOTTE BAG PINK POLKADOT,4,3.31,12072,United Kingdom
536788,SKU_38752,ALARM CLOCK BAKELIKE GREEN,8,8.85,12073,United Kingdom
536788,SKU_02417,ALARM CLOCK BAKELIKE PINK,12,14.77,12073,United Kingdom
536788,SKU_92886,ALARM CLOCK BAKELIKE RED,6,9.03,12073,United Kingdom
536789,SKU_86048,SET OF 6 SPICE TINS PANTRY DESIGN,1,10.45,12074,United Kingdom
536789,SKU_02417,ALARM CLOCK BAKELIKE PINK,10,1.75,12074,United Kingdom
536789,SKU_09699,RECIPE BOX PANTRY DESIGN,12,10.69,12074,United Kingdom
536789,SKU_89820,SET OF 3 CAKE TINS PANTRY DESIGN,1,11.09,12074,United Kingdom
536790,SKU_59570,GARDENERS KNEELING PAD KEEP CALM,5,10.36,12075,United Kingdom
536791,SKU_15736,RED HANGING HEART T-LIGHT HOLDER,7,14.47,12076,United Kingdom
536791,SKU_53682,WHITE HANGING HEART T-LIGHT HOLDER,5,5.54,12076,United Kingdom
536791,SKU_32339,HEART OF WICKER LARGE,4,5.49,12076,United Kingdom
536791,SKU_11920,HEART OF WICKER SMALL,3,14.3,12076,United Kingdom
536792,SKU_29474,RETROSPOT GARDEN WATERING CAN,6,11.47,12077,United Kingdom
536792,SKU_93482,SWEETHEART CERAMIC TRINKET BOX,2,13.0,12077,United Kingdom
536792,SKU_77748,STRAWBERRY CERAMIC TRINKET BOX,12,4.97,12077,United Kingdom
536792,SKU_16078,CHARLOTTE BAG SUKI DESIGN,2,6.26,12077,United Kingdom
536793,SKU_03409,GARDENERS KNEELING PAD CUP OF TEA,11,7.57,12078,United Kingdom
536793,SKU_59570,GARDENERS KNEELING PAD KEEP CALM,11,3.19,12078,United Kingdom
536793,SKU_29474,RETROSPOT GARDEN WATERING CAN,7,4.1,12078,United Kingdom
536793,SKU_22758,JUMBO BAG WOODLAND ANIMALS,5,5.72,12078,United Kingdom
536794,SKU_26130,PAPER CHAIN KIT 50S CHRISTMAS,8,8.07,12079,United Kingdom
536794,SKU_51010,LUNCH BAG PINK POLKADOT,12,3.15,12079,United Kingdom
536794,SKU_55418,JUMBO BAG PINK POLKADOT,3,11.05,12079,United Kingdom
536794,SKU_22758,JUMBO BAG WOODLAND ANIMALS,6,12.64,12079,United Kingdom
536795,SKU_85409,REGENCY TEAPOT,11,9.97,12080,United Kingdom
536795,SKU_59297,POPCORN HOLDER,4,14.17,12080,United Kingdom
536795,SKU_93482,SWEETHEART CERAMIC TRINKET BOX,8,4.08,12080,United Kingdom
536795,SKU_77748,STRAWBERRY CERAMIC TRINKET BOX,12,13.39,12080,United Kingdom
536795,SKU_64311,CERAMIC STRAWBERRY CAKE STAND,1,6.96,12080,United Kingdom
536796,SKU_38752,ALARM CLOCK BAKELIKE GREEN,3,14.75,12081,United Kingdom
536796,SKU_92886,ALARM CLOCK BAKELIKE RED,2,1.45,12081,United Kingdom
536797,SKU_38752,ALARM CLOCK BAKELIKE GREEN,12,8.29,12082,United Kingdom
536797,SKU_68307,CHARLOTTE BAG PINK POLKADOT,3,7.4,12082,United Kingdom
536797,SKU_25782,WOODLAND CHARLOTTE BAG,4,9.8,12082,United Kingdom
536797,SKU_16078,CHARLOTTE BAG SUKI DESIGN,5,11.61,12082,United Kingdom
536798,SKU_51010,LUNCH BAG PINK POLKADOT,10,7.68,12083,United Kingdom
536798,SKU_20773,LUNCH BAG RED RETROSPOT,4,6.52,12083,United Kingdom
536798,SKU_22758,JUMBO BAG WOODLAND ANIMALS,11,10.47,12083,United Kingdom
536798,SKU_44719,JUMBO BAG RED RETROSPOT,2,1.4,12083,United Kingdom
536798,SKU_55418,JUMBO BAG PINK POLKADOT,3,13.67,12083,United Kingdom
536799,SKU_51010,LUNCH BAG PINK POLKADOT,2,2.61,12084,United Kingdom
536799,SKU_68307,CHARLOTTE BAG PINK POLKADOT,1,1.99,12084,United Kingdom
536799,SKU_09699,RECIPE BOX PANTRY DESIGN,4,7.96,12084,United Kingdom
536800,SKU_80590,VICTORIAN GLASS HANGING T-LIGHT,1,9.52,12085,United Kingdom
536800,SKU_94290,GREEN REGENCY TEACUP AND SAUCER,5,3.67,12085,United Kingdom
536800,SKU_32339,HEART OF WICKER LARGE,8,14.51,12085,United Kingdom
536800,SKU_64311,CERAMIC STRAWBERRY CAKE STAND,8,3.13,12085,United Kingdom
536800,SKU_65048,PINK REGENCY TEACUP AND SAUCER,6,11.37,12085,United Kingdom
536801,SKU_38752,ALARM CLOCK BAKELIKE GREEN,5,11.91,12086,United Kingdom
536801,SKU_29474,RETROSPOT GARDEN WATERING CAN,7,5.28,12086,United Kingdom
536801,SKU_92886,ALARM CLOCK BAKELIKE RED,5,9.98,12086,United Kingdom
536802,SKU_26130,PAPER CHAIN KIT 50S CHRISTMAS,3,9.17,12087,United Kingdom
536802,SKU_10322,PAPER CHAIN KIT VINTAGE CHRISTMAS,11,10.32,12087,United Kingdom
536802,SKU_29474,RETROSPOT GARDEN WATERING CAN,8,2.01,12087,United Kingdom
536803,SKU_86048,SET OF 6 SPICE TINS PANTRY DESIGN,2,15.43,12088,United Kingdom
536803,SKU_68307,CHARLOTTE BAG PINK POLKADOT,8,1.83,12088,United Kingdom
536803,SKU_89820,SET OF 3 CAKE TINS PANTRY DESIGN,6,15.34,12088,United Kingdom
536804,SKU_51010,LUNCH BAG PINK POLKADOT,3,11.94,12089,United Kingdom
536804,SKU_22758,JUMBO BAG WOODLAND ANIMALS,5,9.28,12089,United Kingdom
536804,SKU_16078,CHARLOTTE BAG SUKI DESIGN,11,9.6,12089,United Kingdom
536804,SKU_68307,CHARLOTTE BAG PINK POLKADOT,10,15.47,12089,United Kingdom
536804,SKU_25782,WOODLAND CHARLOTTE BAG,1,8.75,12089,United Kingdom
536805,SKU_93482,SWEETHEART CERAMIC TRINKET BOX,6,3.44,12090,United Kingdom
536805,SKU_10322,PAPER CHAIN KIT VINTAGE CHRISTMAS,2,7.81,12090,United Kingdom
536805,SKU_32339,HEART OF WICKER LARGE,12,10.65,12090,United Kingdom
536805,SKU_77748,STRAWBERRY CERAMIC TRINKET BOX,8,10.2,12090,United Kingdom
536805,SKU_15736,RED HANGING HEART T-LIGHT HOLDER,5,9.72,12090,United Kingdom
536806,SKU_85409,REGENCY TEAPOT,6,12.62,12091,United Kingdom
536806,SKU_38659,ROSES REGENCY TEACUP AND SAUCER,12,2.26,12091,United Kingdom
536806,SKU_94290,GREEN REGENCY TEACUP AND SAUCER,10,6.68,12091,United Kingdom
536806,SKU_74486,REGENCY CAKESTAND 3 TIER,7,4.89,12091,United Kingdom
536806,SKU_65048,PINK REGENCY TEACUP AND SAUCER,4,15.0,12091,United Kingdom
536807,SKU_02417,ALARM CLOCK BAKELIKE PINK,11,9.85,12092,United Kingdom
536807,SKU_44719,JUMBO BAG RED RETROSPOT,6,10.73,12092,United Kingdom
536807,SKU_89820,SET OF 3 CAKE TINS PANTRY DESIGN,6,8.56,12092,United Kingdom
536807,SKU_64311,CERAMIC STRAWBERRY CAKE STAND,8,7.6,12092,United Kingdom
536808,SKU_38752,ALARM CLOCK BAKELIKE GREEN,1,8.57,12093,United Kingdom
536808,SKU_02417,ALARM CLOCK BAKELIKE PINK,8,10.89,12093,United Kingdom
536808,SKU_53682,WHITE HANGING HEART T-LIGHT HOLDER,11,11.03,12093,United Kingdom
536808,SKU_68307,CHARLOTTE BAG PINK POLKADOT,3,14.51,12093,United Kingdom
536808,SKU_92886,ALARM CLOCK BAKELIKE RED,9,10.22,12093,United Kingdom
536809,SKU_38752,ALARM CLOCK BAKELIKE GREEN,1,9.1,12094,United Kingdom
536809,SKU_59297,POPCORN HOLDER,1,8.57,12094,United Kingdom
536809,SKU_02417,ALARM CLOCK BAKELIKE PINK,9,7.31,12094,United Kingdom
536809,SKU_32339,HEART OF WICKER LARGE,2,7.87,12094,United Kingdom
536809,SKU_92886,ALARM CLOCK BAKELIKE RED,12,9.35,12094,United Kingdom
536809,SKU_72894,DOORMAT KEEP CALM AND COME IN,5,6.32,12094,United Kingdom
536810,SKU_09699,RECIPE BOX PANTRY DESIGN,4,3.89,12095,United Kingdom
536810,SKU_20773,LUNCH BAG RED RETROSPOT,12,15.25,12095,United Kingdom
536810,SKU_22758,JUMBO BAG WOODLAND ANIMALS,5,13.67,12095,United Kingdom
536810,SKU_03409,GARDENERS KNEELING PAD CUP OF TEA,2,7.43,12095,United Kingdom
536810,SKU_59570,GARDENERS KNEELING PAD KEEP CALM,1,1.33,12095,United Kingdom
536810,SKU_25782,WOODLAND CHARLOTTE BAG,2,1.44,12095,United Kingdom
536810,SKU_64311,CERAMIC STRAWBERRY CAKE STAND,11,8.05,12095,United Kingdom
536811,SKU_68307,CHARLOTTE BAG PINK POLKADOT,5,2.5,12096,United Kingdom
536811,SKU_16078,CHARLOTTE BAG SUKI DESIGN,3,1.45,12096,United Kingdom
536811,SKU_25782,WOODLAND CHARLOTTE BAG,2,12.88,12096,United Kingdom
536812,SKU_86048,SET OF 6 SPICE TINS PANTRY DESIGN,4,7.46,12097,United Kingdom
536812,SKU_89820,SET OF 3 CAKE TINS PANTRY DESIGN,11,13.48,12097,United Kingdom
536812,SKU_06213,CHILLI LIGHTS,9,3.97,12097,United Kingdom
536813,SKU_29474,RETROSPOT GARDEN WATERING CAN,12,9.5,12098,United Kingdom
536813,SKU_02417,ALARM CLOCK BAKELIKE PINK,12,9.15,12098,United Kingdom
536813,SKU_59570,GARDENERS KNEELING PAD KEEP CALM,5,1.78,12098,United Kingdom
536813,SKU_68307,CHARLOTTE BAG PINK POLKADOT,7,8.18,12098,United Kingdom
536813,SKU_25782,WOODLAND CHARLOTTE BAG,10,11.58,12098,United Kingdom
536813,SKU_64311,CERAMIC STRAWBERRY CAKE STAND,11,14.15,12098,United Kingdom
536813,SKU_74486,REGENCY CAKESTAND 3 TIER,8,4.55,12098,United Kingdom
536813,SKU_55418,JUMBO BAG PINK POLKADOT,1,8.78,12098,United Kingdom
536814,SKU_10696,VINTAGE HEADS AND HORNS WALL ART,8,10.12,12099,United Kingdom
536814,SKU_10322,PAPER CHAIN KIT VINTAGE CHRISTMAS,11,6.19,12099,United Kingdom
536814,SKU_11920,HEART OF WICKER SMALL,12,7.47,12099,United Kingdom
536815,SKU_86048,SET OF 6 SPICE TINS PANTRY DESIGN,11,6.08,12100,United Kingdom
536815,SKU_09699,RECIPE BOX PANTRY DESIGN,10,13.41,12100,United Kingdom
536815,SKU_89820,SET OF 3 CAKE TINS PANTRY DESIGN,12,10.61,12100,United Kingdom
536815,SKU_04128,MINI PAINT SET VINTAGE,3,13.84,12100,United Kingdom
536816,SKU_38752,ALARM CLOCK BAKELIKE GREEN,11,8.13,12101,United Kingdom
536816,SKU_06213,CHILLI LIGHTS,3,4.09,12101,United Kingdom
536816,SKU_16078,CHARLOTTE BAG SUKI DESIGN,10,8.26,12101,United Kingdom
536816,SKU_59570,GARDENERS KNEELING PAD KEEP CALM,7,14.69,12101,United Kingdom
536816,SKU_53682,WHITE HANGING HEART T-LIGHT HOLDER,8,5.58,12101,United Kingdom
536816,SKU_55418,JUMBO BAG PINK POLKADOT,4,9.18,12101,United Kingdom
536817,SKU_09699,RECIPE BOX PANTRY DESIGN,9,5.06,12102,United Kingdom
536817,SKU_87304,SPACEBOY LUNCH BOX,3,13.41,12102,United Kingdom
536817,SKU_03409,GARDENERS KNEELING PAD CUP OF TEA,9,9.86,12102,United Kingdom
536817,SKU_10322,PAPER CHAIN KIT VINTAGE CHRISTMAS,2,11.32,12102,United Kingdom
536817,SKU_94290,GREEN REGENCY TEACUP AND SAUCER,8,12.64,12102,United Kingdom
536817,SKU_55418,JUMBO BAG PINK POLKADOT,2,15.14,12102,United Kingdom
536818,SKU_15736,RED HANGING HEART T-LIGHT HOLDER,11,2.93,12103,United Kingdom
536818,SKU_94290,GREEN REGENCY TEACUP AND SAUCER,4,14.23,12103,United Kingdom
536818,SKU_55418,JUMBO BAG PINK POLKADOT,3,11.63,12103,United Kingdom
536819,SKU_03409,GARDENERS KNEELING PAD CUP OF TEA,11,6.43,12104,United Kingdom
536819,SKU_29474,RETROSPOT GARDEN WATERING CAN,3,3.0,12104,United Kingdom
536819,SKU_59570,GARDENERS KNEELING PAD KEEP CALM,4,7.51,12104,United Kingdom
536820,SKU_86048,SET OF 6 SPICE TINS PANTRY DESIGN,3,11.98,12105,United Kingdom
536820,SKU_38659,ROSES REGENCY TEACUP AND SAUCER,9,7.26,12105,United Kingdom
536820,SKU_93482,SWEETHEART CERAMIC TRINKET BOX,4,3.22,12105,United Kingdom
536820,SKU_94290,GREEN REGENCY TEACUP AND SAUCER,7,7.14,12105,United Kingdom
536820,SKU_53682,WHITE HANGING HEART T-LIGHT HOLDER,7,14.05,12105,United Kingdom
536820,SKU_65048,PINK REGENCY TEACUP AND SAUCER,9,12.57,12105,United Kingdom
536821,SKU_85409,REGENCY TEAPOT,6,5.74,12106,United Kingdom
536821,SKU_38659,ROSES REGENCY TEACUP AND SAUCER,3,7.44,12106,United Kingdom
536821,SKU_94290,GREEN REGENCY TEACUP AND SAUCER,7,12.07,12106,United Kingdom
536821,SKU_74486,REGENCY CAKESTAND 3 TIER,11,14.4,12106,United Kingdom
536821,SKU_65048,PINK REGENCY TEACUP AND SAUCER,3,14.11,12106,United Kingdom
536822,SKU_03409,GARDENERS KNEELING PAD CUP OF TEA,12,11.83,12107,United Kingdom
536822,SKU_59570,GARDENERS KNEELING PAD KEEP CALM,6,1.36,12107,United Kingdom
536822,SKU_29474,RETROSPOT GARDEN WATERING CAN,5,14.08,12107,United Kingdom
536823,SKU_51010,LUNCH BAG PINK POLKADOT,11,7.01,12108,United Kingdom
536823,SKU_20773,LUNCH BAG RED RETROSPOT,4,13.8,12108,United Kingdom
536823,SKU_22758,JUMBO BAG WOODLAND ANIMALS,2,1.78,12108,United Kingdom
536823,SKU_44719,JUMBO BAG RED RETROSPOT,6,6.81,12108,United Kingdom
536823,SKU_55418,JUMBO BAG PINK POLKADOT,12,11.8,12108,United Kingdom
536824,SKU_03409,GARDENERS KNEELING PAD CUP OF TEA,9,6.11,12109,United Kingdom
536824,SKU_29474,RETROSPOT GARDEN WATERING CAN,11,3.53,12109,United Kingdom
536824,SKU_59570,GARDENERS KNEELING PAD KEEP CALM,1,13.94,12109,United Kingdom
536825,SKU_38752,ALARM CLOCK BAKELIKE GREEN,6,15.26,12110,United Kingdom
536825,SKU_11920,HEART OF WICKER SMALL,12,15.34,12110,United Kingdom
536825,SKU_02417,ALARM CLOCK BAKELIKE PINK,10,11.43,12110,United Kingdom
536825,SKU_59570,GARDENERS KNEELING PAD KEEP CALM,11,10.73,12110,United Kingdom
536825,SKU_32339,HEART OF WICKER LARGE,10,4.58,12110,United Kingdom
536825,SKU_77748,STRAWBERRY CERAMIC TRINKET BOX,5,5.3,12110,United Kingdom
536825,SKU_65048,PINK REGENCY TEACUP AND SAUCER,12,9.41,12110,United Kingdom
536826,SKU_93482,SWEETHEART CERAMIC TRINKET BOX,12,7.32,12111,United Kingdom
536826,SKU_77748,STRAWBERRY CERAMIC TRINKET BOX,7,2.42,12111,United Kingdom
536826,SKU_20773,LUNCH BAG RED RETROSPOT,1,7.3,12111,United Kingdom
536826,SKU_44719,JUMBO BAG RED RETROSPOT,3,8.04,12111,United Kingdom
536827,SKU_10696,VINTAGE HEADS AND HORNS WALL ART,12,14.52,12112,United Kingdom
536827,SKU_26130,PAPER CHAIN KIT 50S CHRISTMAS,8,11.68,12112,United Kingdom
536827,SKU_10322,PAPER CHAIN KIT VINTAGE CHRISTMAS,7,12.99,12112,United Kingdom
536827,SKU_25782,WOODLAND CHARLOTTE BAG,3,8.46,12112,United Kingdom
536827,SKU_31997,DOLLY GIRL LUNCH BOX,8,11.38,12112,United Kingdom
536828,SKU_03409,GARDENERS KNEELING PAD CUP OF TEA,8,8.0,12113,United Kingdom
536828,SKU_29474,RETROSPOT GARDEN WATERING CAN,12,3.48,12113,United Kingdom
536829,SKU_29474,RETROSPOT GARDEN WATERING CAN,10,7.26,12114,United Kingdom
536829,SKU_11920,HEART OF WICKER SMALL,5,13.92,12114,United Kingdom
536829,SKU_53682,WHITE HANGING HEART T-LIGHT HOLDER,4,3.86,12114,United Kingdom
536829,SKU_32339,HEART OF WICKER LARGE,12,8.22,12114,United Kingdom
536829,SKU_94290,GREEN REGENCY TEACUP AND SAUCER,2,9.05,12114,United Kingdom
536829,SKU_77748,STRAWBERRY CERAMIC TRINKET BOX,2,13.65,12114,United Kingdom
536829,SKU_15736,RED HANGING HEART T-LIGHT HOLDER,7,8.11,12114,United Kingdom
536829,SKU_55418,JUMBO BAG PINK POLKADOT,5,9.31,12114,United Kingdom
536830,SKU_51010,LUNCH BAG PINK POLKADOT,2,12.65,12115,United Kingdom
536830,SKU_44719,JUMBO BAG RED RETROSPOT,11,10.14,12115,United Kingdom
536830,SKU_59570,GARDENERS KNEELING PAD KEEP CALM,7,4.57,12115,United Kingdom
536830,SKU_23059,PARTY BUNTING,7,6.08,12115,United Kingdom
536830,SKU_26130,PAPER CHAIN KIT 50S CHRISTMAS,1,14.9,12115,United Kingdom
536830,SKU_25782,WOODLAND CHARLOTTE BAG,8,11.74,12115,United Kingdom
536831,SKU_11920,HEART OF WICKER SMALL,11,9.22,12116,United Kingdom
536831,SKU_51010,LUNCH BAG PINK POLKADOT,4,14.86,12116,United Kingdom
536831,SKU_22758,JUMBO BAG WOODLAND ANIMALS,9,9.47,12116,United Kingdom
536832,SKU_03409,GARDENERS KNEELING PAD CUP OF TEA,2,10.63,12117,United Kingdom
536832,SKU_59570,GARDENERS KNEELING PAD KEEP CALM,9,3.81,12117,United Kingdom
536833,SKU_86048,SET OF 6 SPICE TINS PANTRY DESIGN,1,8.25,12118,United Kingdom
536833,SKU_29474,RETROSPOT GARDEN WATERING CAN,1,6.09,12118,United Kingdom
536833,SKU_09699,RECIPE BOX PANTRY DESIGN,3,7.16,12118,United Kingdom
536833,SKU_04128,MINI PAINT SET VINTAGE,9,5.77,12118,United Kingdom
536834,SKU_15736,RED HANGING HEART T-LIGHT HOLDER,3,2.09,12119,United Kingdom
536834,SKU_32339,HEART OF WICKER LARGE,6,3.84,12119,United Kingdom
536834,SKU_92886,ALARM CLOCK BAKELIKE RED,12,2.08,12119,United Kingdom
536834,SKU_64311,CERAMIC STRAWBERRY CAKE STAND,7,2.66,12119,United Kingdom
536835,SKU_10696,VINTAGE HEADS AND HORNS WALL ART,4,4.66,12120,United Kingdom
536835,SKU_26130,PAPER CHAIN KIT 50S CHRISTMAS,10,9.6,12120,United Kingdom
536835,SKU_10322,PAPER CHAIN KIT VINTAGE CHRISTMAS,8,8.5,12120,United Kingdom
536836,SKU_15736,RED HANGING HEART T-LIGHT HOLDER,9,7.05,12121,United Kingdom
536836,SKU_53682,WHITE HANGING HEART T-LIGHT HOLDER,8,1.66,12121,United Kingdom
536836,SKU_11920,HEART OF WICKER SMALL,11,4.58,12121,United Kingdom
536837,SKU_15736,RED HANGING HEART T-LIGHT HOLDER,2,13.31,12122,United Kingdom
536837,SKU_02417,ALARM CLOCK BAKELIKE PINK,9,4.15,12122,United Kingdom
536837,SKU_06213,CHILLI LIGHTS,3,6.57,12122,United Kingdom
536837,SKU_25782,WOODLAND CHARLOTTE BAG,3,12.39,12122,United Kingdom
536838,SKU_93482,SWEETHEART CERAMIC TRINKET BOX,10,5.37,12123,United Kingdom
536838,SKU_77748,STRAWBERRY CERAMIC TRINKET BOX,3,1.26,12123,United Kingdom
536838,SKU_64311,CERAMIC STRAWBERRY CAKE STAND,8,5.14,12123,United Kingdom
536839,SKU_29474,RETROSPOT GARDEN WATERING CAN,10,8.44,12124,United Kingdom
536839,SKU_51010,LUNCH BAG PINK POLKADOT,6,13.85,12124,United Kingdom
536839,SKU_93482,SWEETHEART CERAMIC TRINKET BOX,6,10.3,12124,United Kingdom
536839,SKU_32339,HEART OF WICKER LARGE,12,7.7,12124,United Kingdom
536839,SKU_77748,STRAWBERRY CERAMIC TRINKET BOX,4,10.69,12124,United Kingdom
536839,SKU_92886,ALARM CLOCK BAKELIKE RED,6,6.12,12124,United Kingdom
536839,SKU_64311,CERAMIC STRAWBERRY CAKE STAND,8,14.92,12124,United Kingdom
536840,SKU_51010,LUNCH BAG PINK POLKADOT,11,3.01,12125,United Kingdom
536840,SKU_38659,ROSES REGENCY TEACUP AND SAUCER,7,13.04,12125,United Kingdom
536840,SKU_29474,RETROSPOT GARDEN WATERING CAN,6,6.76,12125,United Kingdom
536840,SKU_20773,LUNCH BAG RED RETROSPOT,12,15.27,12125,United Kingdom
536840,SKU_53682,WHITE HANGING HEART T-LIGHT HOLDER,2,7.84,12125,United Kingdom
536840,SKU_25782,WOODLAND CHARLOTTE BAG,4,7.59,12125,United Kingdom
536840,SKU_49885,ASSORTED COLOUR BIRD ORNAMENT,4,11.84,12125,United Kingdom
536841,SKU_10696,VINTAGE HEADS AND HORNS WALL ART,1,5.25,12126,United Kingdom
536841,SKU_02417,ALARM CLOCK BAKELIKE PINK,12,11.32,12126,United Kingdom
536841,SKU_68307,CHARLOTTE BAG PINK POLKADOT,4,1.35,12126,United Kingdom
536842,SKU_59297,POPCORN HOLDER,4,13.33,12127,United Kingdom
536842,SKU_85409,REGENCY TEAPOT,1,15.39,12127,United Kingdom
536842,SKU_09699,RECIPE BOX PANTRY DESIGN,12,10.91,12127,United Kingdom
536842,SKU_11920,HEART OF WICKER SMALL,10,4.85,12127,United Kingdom
536842,SKU_23059,PARTY BUNTING,9,13.83,12127,United Kingdom
536842,SKU_92886,ALARM CLOCK BAKELIKE RED,1,14.61,12127,United Kingdom
536842,SKU_55418,JUMBO BAG PINK POLKADOT,11,10.84,12127,United Kingdom
536843,SKU_10696,VINTAGE HEADS AND HORNS WALL ART,11,8.64,12128,United Kingdom
536843,SKU_26130,PAPER CHAIN KIT 50S CHRISTMAS,8,6.4,12128,United Kingdom
536843,SKU_10322,PAPER CHAIN KIT VINTAGE CHRISTMAS,1,13.84,12128,United Kingdom
536844,SKU_38752,ALARM CLOCK BAKELIKE GREEN,1,6.83,12129,United Kingdom
536844,SKU_02417,ALARM CLOCK BAKELIKE PINK,6,2.42,12129,United Kingdom
536844,SKU_92886,ALARM CLOCK BAKELIKE RED,10,12.76,12129,United Kingdom
536845,SKU_77748,STRAWBERRY CERAMIC TRINKET BOX,11,10.16,12130,United Kingdom
536845,SKU_20773,LUNCH BAG RED RETROSPOT,1,8.09,12130,United Kingdom
536845,SKU_92886,ALARM CLOCK BAKELIKE RED,1,9.69,12130,United Kingdom
536846,SKU_10696,VINTAGE HEADS AND HORNS WALL ART,4,14.91,12131,United Kingdom
536846,SKU_10322,PAPER CHAIN KIT VINTAGE CHRISTMAS,1,12.96,12131,United Kingdom
536846,SKU_26130,PAPER CHAIN KIT 50S CHRISTMAS,9,12.57,12131,United Kingdom
536847,SKU_87304,SPACEBOY LUNCH BOX,11,7.61,12132,United Kingdom
536847,SKU_15736,RED HANGING HEART T-LIGHT HOLDER,2,2.47,12132,United Kingdom
536848,SKU_85409,REGENCY TEAPOT,1,5.55,12133,United Kingdom
536848,SKU_38659,ROSES REGENCY TEACUP AND SAUCER,11,7.4,12133,United Kingdom
536848,SKU_94290,GREEN REGENCY TEACUP AND SAUCER,2,10.91,12133,United Kingdom
536848,SKU_74486,REGENCY CAKESTAND 3 TIER,9,1.99,12133,United Kingdom
536848,SKU_65048,PINK REGENCY TEACUP AND SAUCER,7,6.97,12133,United Kingdom
536849,SKU_77748,STRAWBERRY CERAMIC TRINKET BOX,8,6.72,12134,United Kingdom
536849,SKU_64311,CERAMIC STRAWBERRY CAKE STAND,7,13.79,12134,United Kingdom
536850,SKU_10696,VINTAGE HEADS AND HORNS WALL ART,2,1.43,12135,United Kingdom
536850,SKU_10322,PAPER CHAIN KIT VINTAGE CHRISTMAS,12,2.21,12135,United Kingdom
536850,SKU_15736,RED HANGING HEART T-LIGHT HOLDER,4,14.14,12135,United Kingdom
536851,SKU_03409,GARDENERS KNEELING PAD CUP OF TEA,3,4.71,12136,United Kingdom
536851,SKU_59570,GARDENERS KNEELING PAD KEEP CALM,1,2.11,12136,United Kingdom
536851,SKU_29474,RETROSPOT GARDEN WATERING CAN,5,9.58,12136,United Kingdom
536851,SKU_25782,WOODLAND CHARLOTTE BAG,9,14.93,12136,United Kingdom
536852,SKU_23059,PARTY BUNTING,6,5.4,12137,United Kingdom
536852,SKU_49885,ASSORTED COLOUR BIRD ORNAMENT,1,8.63,12137,United Kingdom
536852,SKU_44719,JUMBO BAG RED RETROSPOT,11,10.92,12137,United Kingdom
536853,SKU_85409,REGENCY TEAPOT,10,11.12,12138,United Kingdom
536853,SKU_29474,RETROSPOT GARDEN WATERING CAN,10,9.32,12138,United Kingdom
536853,SKU_09699,RECIPE BOX PANTRY DESIGN,6,10.03,12138,United Kingdom
536853,SKU_03409,GARDENERS KNEELING PAD CUP OF TEA,7,5.93,12138,United Kingdom
536853,SKU_59570,GARDENERS KNEELING PAD KEEP CALM,2,7.72,12138,United Kingdom
536854,SKU_51010,LUNCH BAG PINK POLKADOT,9,2.89,12139,United Kingdom
536854,SKU_10696,VINTAGE HEADS AND HORNS WALL ART,5,7.53,12139,United Kingdom
536854,SKU_94290,GREEN REGENCY TEACUP AND SAUCER,11,9.6,12139,United Kingdom
536854,SKU_26130,PAPER CHAIN KIT 50S CHRISTMAS,6,1.88,12139,United Kingdom
536854,SKU_64311,CERAMIC STRAWBERRY CAKE STAND,1,4.09,12139,United Kingdom
536854,SKU_89820,SET OF 3 CAKE TINS PANTRY DESIGN,5,3.73,12139,United Kingdom
536855,SKU_86048,SET OF 6 SPICE TINS PANTRY DESIGN,5,14.23,12140,United Kingdom
536855,SKU_10322,PAPER CHAIN KIT VINTAGE CHRISTMAS,1,13.1,12140,United Kingdom
536855,SKU_38659,ROSES REGENCY TEACUP AND SAUCER,3,6.65,12140,United Kingdom
536856,SKU_86048,SET OF 6 SPICE TINS PANTRY DESIGN,6,10.67,12141,United Kingdom
536856,SKU_77748,STRAWBERRY CERAMIC TRINKET BOX,9,15.17,12141,United Kingdom
536857,SKU_85409,REGENCY TEAPOT,6,5.78,12142,United Kingdom
536857,SKU_55418,JUMBO BAG PINK POLKADOT,7,15.17,12142,United Kingdom
536857,SKU_64311,CERAMIC STRAWBERRY CAKE STAND,4,14.37,12142,United Kingdom
536858,SKU_49885,ASSORTED COLOUR BIRD ORNAMENT,9,15.05,12143,United Kingdom
536858,SKU_22758,JUMBO BAG WOODLAND ANIMALS,8,4.23,12143,United Kingdom
536858,SKU_92886,ALARM CLOCK BAKELIKE RED,2,12.43,12143,United Kingdom
536859,SKU_55418,JUMBO BAG PINK POLKADOT,9,6.58,12144,United Kingdom
536859,SKU_06213,CHILLI LIGHTS,9,7.87,12144,United Kingdom
536860,SKU_10696,VINTAGE HEADS AND HORNS WALL ART,5,9.53,12145,United Kingdom
536860,SKU_26130,PAPER CHAIN KIT 50S CHRISTMAS,11,14.38,12145,United Kingdom
536860,SKU_10322,PAPER CHAIN KIT VINTAGE CHRISTMAS,10,10.51,12145,United Kingdom
536861,SKU_86048,SET OF 6 SPICE TINS PANTRY DESIGN,5,7.31,12146,United Kingdom
536861,SKU_09699,RECIPE BOX PANTRY DESIGN,7,9.39,12146,United Kingdom
536861,SKU_89820,SET OF 3 CAKE TINS PANTRY DESIGN,6,4.88,12146,United Kingdom
536862,SKU_15736,RED HANGING HEART T-LIGHT HOLDER,8,5.77,12147,United Kingdom
536862,SKU_11920,HEART OF WICKER SMALL,7,1.6,12147,United Kingdom
536862,SKU_03409,GARDENERS KNEELING PAD CUP OF TEA,8,4.58,12147,United Kingdom
536862,SKU_10322,PAPER CHAIN KIT VINTAGE CHRISTMAS,11,2.33,12147,United Kingdom
536862,SKU_32339,HEART OF WICKER LARGE,2,5.45,12147,United Kingdom
536862,SKU_77748,STRAWBERRY CERAMIC TRINKET BOX,9,8.56,12147,United Kingdom
536862,SKU_65048,PINK REGENCY TEACUP AND SAUCER,11,2.36,12147,United Kingdom
536863,SKU_09699,RECIPE BOX PANTRY DESIGN,6,1.8,12148,United Kingdom
536863,SKU_89820,SET OF 3 CAKE TINS PANTRY DESIGN,4,6.01,12148,United Kingdom
536864,SKU_38752,ALARM CLOCK BAKELIKE GREEN,12,11.79,12149,United Kingdom
536864,SKU_02417,ALARM CLOCK BAKELIKE PINK,5,1.37,12149,United Kingdom
536864,SKU_32339,HEART OF WICKER LARGE,5,5.27,12149,United Kingdom
536864,SKU_92886,ALARM CLOCK BAKELIKE RED,6,12.41,12149,United Kingdom
536865,SKU_93482,SWEETHEART CERAMIC TRINKET BOX,4,11.56,12150,United Kingdom
536865,SKU_89820,SET OF 3 CAKE TINS PANTRY DESIGN,4,8.01,12150,United Kingdom
536865,SKU_77748,STRAWBERRY CERAMIC TRINKET BOX,9,9.61,12150,United Kingdom
536866,SKU_51010,LUNCH BAG PINK POLKADOT,8,12.8,12151,United Kingdom
536866,SKU_16078,CHARLOTTE BAG SUKI DESIGN,6,6.09,12151,United Kingdom
536866,SKU_02417,ALARM CLOCK BAKELIKE PINK,7,7.32,12151,United Kingdom
536866,SKU_68307,CHARLOTTE BAG PINK POLKADOT,7,12.12,12151,United Kingdom
536866,SKU_25782,WOODLAND CHARLOTTE BAG,12,8.91,12151,United Kingdom
536866,SKU_74486,REGENCY CAKESTAND 3 TIER,6,9.61,12151,United Kingdom
536867,SKU_59297,POPCORN HOLDER,8,2.8,12152,United Kingdom
536867,SKU_38659,ROSES REGENCY TEACUP AND SAUCER,10,14.96,12152,United Kingdom
536867,SKU_20773,LUNCH BAG RED RETROSPOT,11,14.0,12152,United Kingdom
536867,SKU_93482,SWEETHEART CERAMIC TRINKET BOX,2,3.69,12152,United Kingdom
536867,SKU_94290,GREEN REGENCY TEACUP AND SAUCER,11,9.13,12152,United Kingdom
536867,SKU_23059,PARTY BUNTING,1,13.03,12152,United Kingdom
536867,SKU_77748,STRAWBERRY CERAMIC TRINKET BOX,10,8.21,12152,United Kingdom
536867,SKU_65048,PINK REGENCY TEACUP AND SAUCER,3,4.09,12152,United Kingdom
536868,SKU_51010,LUNCH BAG PINK POLKADOT,7,3.49,12153,United Kingdom
536868,SKU_16078,CHARLOTTE BAG SUKI DESIGN,2,3.09,12153,United Kingdom
536868,SKU_03409,GARDENERS KNEELING PAD CUP OF TEA,7,8.07,12153,United Kingdom
536868,SKU_77748,STRAWBERRY CERAMIC TRINKET BOX,2,6.79,12153,United Kingdom
536868,SKU_55418,JUMBO BAG PINK POLKADOT,4,3.1,12153,United Kingdom
536869,SKU_93482,SWEETHEART CERAMIC TRINKET BOX,9,11.46,12154,United Kingdom
536869,SKU_77748,STRAWBERRY CERAMIC TRINKET BOX,8,5.18,12154,United Kingdom
536869,SKU_64311,CERAMIC STRAWBERRY CAKE STAND,1,15.37,12154,United Kingdom
536870,SKU_93482,SWEETHEART CERAMIC TRINKET BOX,10,13.78,12155,United Kingdom
536870,SKU_64311,CERAMIC STRAWBERRY CAKE STAND,8,7.84,12155,United Kingdom
536871,SKU_15736,RED HANGING HEART T-LIGHT HOLDER,7,9.99,12156,United Kingdom
536871,SKU_32339,HEART OF WICKER LARGE,3,7.16,12156,United Kingdom
536871,SKU_11920,HEART OF WICKER SMALL,3,14.07,12156,United Kingdom
536872,SKU_15736,RED HANGING HEART T-LIGHT HOLDER,5,10.75,12157,United Kingdom
536872,SKU_94290,GREEN REGENCY TEACUP AND SAUCER,2,11.2,12157,United Kingdom
536872,SKU_49885,ASSORTED COLOUR BIRD ORNAMENT,12,14.11,12157,United Kingdom
536872,SKU_22758,JUMBO BAG WOODLAND ANIMALS,8,7.11,12157,United Kingdom
536873,SKU_55418,JUMBO BAG PINK POLKADOT,8,1.63,12158,United Kingdom
536873,SKU_03409,GARDENERS KNEELING PAD CUP OF TEA,11,11.15,12158,United Kingdom
536873,SKU_26130,PAPER CHAIN KIT 50S CHRISTMAS,12,7.83,12158,United Kingdom
536873,SKU_13714,HAND WARMER BIRD NEST,6,11.88,12158,United Kingdom
536874,SKU_74486,REGENCY CAKESTAND 3 TIER,5,2.88,12159,United Kingdom
536875,SKU_85409,REGENCY TEAPOT,8,3.25,12160,United Kingdom
536875,SKU_03409,GARDENERS KNEELING PAD CUP OF TEA,5,13.24,12160,United Kingdom
536875,SKU_09699,RECIPE BOX PANTRY DESIGN,3,13.2,12160,United Kingdom
536876,SKU_51010,LUNCH BAG PINK POLKADOT,11,12.13,12161,United Kingdom
536876,SKU_20773,LUNCH BAG RED RETROSPOT,11,5.14,12161,United Kingdom
536876,SKU_22758,JUMBO BAG WOODLAND ANIMALS,8,6.35,12161,United Kingdom
536876,SKU_44719,JUMBO BAG RED RETROSPOT,4,11.43,12161,United Kingdom
536877,SKU_25782,WOODLAND CHARLOTTE BAG,12,1.93,12162,United Kingdom
536878,SKU_77748,STRAWBERRY CERAMIC TRINKET BOX,4,6.59,12163,United Kingdom
536878,SKU_59570,GARDENERS KNEELING PAD KEEP CALM,4,4.1,12163,United Kingdom
536878,SKU_23059,PARTY BUNTING,1,7.26,12163,United Kingdom
536878,SKU_29474,RETROSPOT GARDEN WATERING CAN,1,6.05,12163,United Kingdom
536879,SKU_20773,LUNCH BAG RED RETROSPOT,2,4.56,12164,United Kingdom
536879,SKU_44719,JUMBO BAG RED RETROSPOT,2,6.33,12164,United Kingdom
536879,SKU_11920,HEART OF WICKER SMALL,3,1.46,12164,United Kingdom
536879,SKU_26130,PAPER CHAIN KIT 50S CHRISTMAS,11,5.76,12164,United Kingdom
536879,SKU_53682,WHITE HANGING HEART T-LIGHT HOLDER,7,4.28,12164,United Kingdom
536879,SKU_68307,CHARLOTTE BAG PINK POLKADOT,4,2.19,12164,United Kingdom
536879,SKU_15736,RED HANGING HEART T-LIGHT HOLDER,5,10.51,12164,United Kingdom
536879,SKU_49885,ASSORTED COLOUR BIRD ORNAMENT,6,1.88,12164,United Kingdom
536880,SKU_15736,RED HANGING HEART T-LIGHT HOLDER,3,4.84,12165,United Kingdom
536880,SKU_59297,POPCORN HOLDER,2,9.8,12165,United Kingdom
536880,SKU_23059,PARTY BUNTING,11,11.17,12165,United Kingdom
536881,SKU_85409,REGENCY TEAPOT,7,8.53,12166,United Kingdom
536881,SKU_51010,LUNCH BAG PINK POLKADOT,12,4.56,12166,United Kingdom
536881,SKU_20773,LUNCH BAG RED RETROSPOT,10,11.29,12166,United Kingdom
536881,SKU_22758,JUMBO BAG WOODLAND ANIMALS,1,4.56,12166,United Kingdom
536881,SKU_25782,WOODLAND CHARLOTTE BAG,10,12.06,12166,United Kingdom
536881,SKU_55418,JUMBO BAG PINK POLKADOT,2,5.65,12166,United Kingdom
536882,SKU_87304,SPACEBOY LUNCH BOX,2,2.1,12167,United Kingdom
536883,SKU_38752,ALARM CLOCK BAKELIKE GREEN,8,11.78,12168,United Kingdom
536883,SKU_38659,ROSES REGENCY TEACUP AND SAUCER,6,3.16,12168,United Kingdom
536883,SKU_23059,PARTY BUNTING,6,10.42,12168,United Kingdom
536883,SKU_92886,ALARM CLOCK BAKELIKE RED,1,8.67,12168,United Kingdom
536884,SKU_38752,ALARM CLOCK BAKELIKE GREEN,9,2.02,12169,United Kingdom
536884,SKU_51010,LUNCH BAG PINK POLKADOT,11,15.33,12169,United Kingdom
536884,SKU_10322,PAPER CHAIN KIT VINTAGE CHRISTMAS,11,11.17,12169,United Kingdom
536884,SKU_89820,SET OF 3 CAKE TINS PANTRY DESIGN,4,9.91,12169,United Kingdom
536885,SKU_16078,CHARLOTTE BAG SUKI DESIGN,2,3.72,12170,United Kingdom
536885,SKU_44719,JUMBO BAG RED RETROSPOT,9,13.09,12170,United Kingdom
536885,SKU_26130,PAPER CHAIN KIT 50S CHRISTMAS,4,4.62,12170,United Kingdom
536885,SKU_10322,PAPER CHAIN KIT VINTAGE CHRISTMAS,2,7.32,12170,United Kingdom
536885,SKU_32339,HEART OF WICKER LARGE,8,5.69,12170,United Kingdom
536885,SKU_65048,PINK REGENCY TEACUP AND SAUCER,12,4.06,12170,United Kingdom
536886,SKU_86048,SET OF 6 SPICE TINS PANTRY DESIGN,5,13.54,12171,United Kingdom
536886,SKU_09699,RECIPE BOX PANTRY DESIGN,8,2.39,12171,United Kingdom
536886,SKU_89820,SET OF 3 CAKE TINS PANTRY DESIGN,6,6.92,12171,United Kingdom
536887,SKU_93482,SWEETHEART CERAMIC TRINKET BOX,10,8.91,12172,United Kingdom
536887,SKU_16078,CHARLOTTE BAG SUKI DESIGN,9,11.6,12172,United Kingdom
536887,SKU_02417,ALARM CLOCK BAKELIKE PINK,5,6.67,12172,United Kingdom
536887,SKU_59570,GARDENERS KNEELING PAD KEEP CALM,5,7.71,12172,United Kingdom
536887,SKU_68307,CHARLOTTE BAG PINK POLKADOT,7,9.26,12172,United Kingdom
536887,SKU_25782,WOODLAND CHARLOTTE BAG,8,2.28,12172,United Kingdom
536888,SKU_29474,RETROSPOT GARDEN WATERING CAN,12,6.58,12173,United Kingdom
536888,SKU_25782,WOODLAND CHARLOTTE BAG,7,14.44,12173,United Kingdom
536888,SKU_16078,CHARLOTTE BAG SUKI DESIGN,7,15.08,12173,United Kingdom
536889,SKU_59297,POPCORN HOLDER,3,4.02,12174,United Kingdom
536889,SKU_16078,CHARLOTTE BAG SUKI DESIGN,7,14.89,12174,United Kingdom
536889,SKU_11920,HEART OF WICKER SMALL,12,6.22,12174,United Kingdom
536889,SKU_68307,CHARLOTTE BAG PINK POLKADOT,12,8.21,12174,United Kingdom
536889,SKU_25782,WOODLAND CHARLOTTE BAG,12,6.5,12174,United Kingdom
536890,SKU_38659,ROSES REGENCY TEACUP AND SAUCER,3,4.87,12175,United Kingdom
536890,SKU_06213,CHILLI LIGHTS,10,9.49,12175,United Kingdom
536890,SKU_93482,SWEETHEART CERAMIC TRINKET BOX,11,13.24,12175,United Kingdom
536890,SKU_77748,STRAWBERRY CERAMIC TRINKET BOX,1,2.91,12175,United Kingdom
536890,SKU_25782,WOODLAND CHARLOTTE BAG,2,10.43,12175,United Kingdom
536890,SKU_64311,CERAMIC STRAWBERRY CAKE STAND,7,6.92,12175,United Kingdom
536891,SKU_93482,SWEETHEART CERAMIC TRINKET BOX,12,13.64,12176,United Kingdom
536891,SKU_16078,CHARLOTTE BAG SUKI DESIGN,2,10.32,12176,United Kingdom
536891,SKU_11920,HEART OF WICKER SMALL,6,12.85,12176,United Kingdom
536891,SKU_02417,ALARM CLOCK BAKELIKE PINK,5,11.92,12176,United Kingdom
536891,SKU_53682,WHITE HANGING HEART T-LIGHT HOLDER,12,6.92,12176,United Kingdom
536891,SKU_32339,HEART OF WICKER LARGE,5,1.34,12176,United Kingdom
536891,SKU_15736,RED HANGING HEART T-LIGHT HOLDER,3,12.88,12176,United Kingdom
536892,SKU_11920,HEART OF WICKER SMALL,3,6.59,12177,United Kingdom
536892,SKU_53682,WHITE HANGING HEART T-LIGHT HOLDER,12,3.16,12177,United Kingdom
536892,SKU_32339,HEART OF WICKER LARGE,8,3.84,12177,United Kingdom
536892,SKU_15736,RED HANGING HEART T-LIGHT HOLDER,2,7.67,12177,United Kingdom
536892,SKU_55418,JUMBO BAG PINK POLKADOT,4,3.9,12177,United Kingdom
536893,SKU_87304,SPACEBOY LUNCH BOX,2,13.62,12178,United Kingdom
536893,SKU_55418,JUMBO BAG PINK POLKADOT,3,2.39,12178,United Kingdom
536893,SKU_20773,LUNCH BAG RED RETROSPOT,2,6.63,12178,United Kingdom
536893,SKU_22758,JUMBO BAG WOODLAND ANIMALS,5,2.17,12178,United Kingdom
536894,SKU_86048,SET OF 6 SPICE TINS PANTRY DESIGN,2,4.26,12179,United Kingdom
536894,SKU_85409,REGENCY TEAPOT,1,6.6,12179,United Kingdom
536894,SKU_09699,RECIPE BOX PANTRY DESIGN,9,15.31,12179,United Kingdom
536894,SKU_94290,GREEN REGENCY TEACUP AND SAUCER,5,14.53,12179,United Kingdom
536894,SKU_89820,SET OF 3 CAKE TINS PANTRY DESIGN,8,12.04,12179,United Kingdom
536895,SKU_10696,VINTAGE HEADS AND HORNS WALL ART,11,6.93,12180,United Kingdom
536895,SKU_26130,PAPER CHAIN KIT 50S CHRISTMAS,10,2.07,12180,United Kingdom
536895,SKU_10322,PAPER CHAIN KIT VINTAGE CHRISTMAS,6,13.69,12180,United Kingdom
536895,SKU_77748,STRAWBERRY CERAMIC TRINKET BOX,2,1.29,12180,United Kingdom
536896,SKU_11920,HEART OF WICKER SMALL,11,10.64,12181,United Kingdom
536896,SKU_32339,HEART OF WICKER LARGE,8,8.59,12181,United Kingdom
536896,SKU_87304,SPACEBOY LUNCH BOX,11,3.93,12181,United Kingdom
536896,SKU_86048,SET OF 6 SPICE TINS PANTRY DESIGN,11,14.9,12181,United Kingdom
536897,SKU_26130,PAPER CHAIN KIT 50S CHRISTMAS,12,5.89,12182,United Kingdom
536898,SKU_59570,GARDENERS KNEELING PAD KEEP CALM,11,13.46,12183,United Kingdom
536898,SKU_16078,CHARLOTTE BAG SUKI DESIGN,2,11.71,12183,United Kingdom
536898,SKU_68307,CHARLOTTE BAG PINK POLKADOT,5,9.9,12183,United Kingdom
536898,SKU_25782,WOODLAND CHARLOTTE BAG,12,3.29,12183,United Kingdom
536899,SKU_16078,CHARLOTTE BAG SUKI DESIGN,11,11.22,12184,United Kingdom
536899,SKU_80590,VICTORIAN GLASS HANGING T-LIGHT,2,7.45,12184,United Kingdom
536899,SKU_02417,ALARM CLOCK BAKELIKE PINK,12,1.67,12184,United Kingdom
536899,SKU_03409,GARDENERS KNEELING PAD CUP OF TEA,6,14.11,12184,United Kingdom
536899,SKU_59570,GARDENERS KNEELING PAD KEEP CALM,5,4.39,12184,United Kingdom
536899,SKU_89820,SET OF 3 CAKE TINS PANTRY DESIGN,5,10.74,12184,United Kingdom
536899,SKU_49885,ASSORTED COLOUR BIRD ORNAMENT,11,3.0,12184,United Kingdom
536900,SKU_03409,GARDENERS KNEELING PAD CUP OF TEA,2,10.43,12185,United Kingdom
536900,SKU_59570,GARDENERS KNEELING PAD KEEP CALM,7,14.22,12185,United Kingdom
536900,SKU_23059,PARTY BUNTING,12,11.74,12185,United Kingdom
536900,SKU_29474,RETROSPOT GARDEN WATERING CAN,7,10.57,12185,United Kingdom
536901,SKU_68307,CHARLOTTE BAG PINK POLKADOT,5,2.9,12186,United Kingdom
536901,SKU_89820,SET OF 3 CAKE TINS PANTRY DESIGN,2,2.84,12186,United Kingdom
536902,SKU_86048,SET OF 6 SPICE TINS PANTRY DESIGN,5,2.13,12187,United Kingdom
536902,SKU_10322,PAPER CHAIN KIT VINTAGE CHRISTMAS,9,3.96,12187,United Kingdom
536902,SKU_09699,RECIPE BOX PANTRY DESIGN,7,15.21,12187,United Kingdom
536902,SKU_74486,REGENCY CAKESTAND 3 TIER,6,12.24,12187,United Kingdom
536903,SKU_15736,RED HANGING HEART T-LIGHT HOLDER,7,1.38,12188,United Kingdom
536903,SKU_32339,HEART OF WICKER LARGE,8,5.75,12188,United Kingdom
536903,SKU_23059,PARTY BUNTING,5,13.18,12188,United Kingdom
536904,SKU_85409,REGENCY TEAPOT,6,5.65,12189,United Kingdom
536904,SKU_68307,CHARLOTTE BAG PINK POLKADOT,12,3.01,12189,United Kingdom
536904,SKU_25782,WOODLAND CHARLOTTE BAG,12,9.43,12189,United Kingdom
536905,SKU_86048,SET OF 6 SPICE TINS PANTRY DESIGN,6,3.43,12190,United Kingdom
536905,SKU_09699,RECIPE BOX PANTRY DESIGN,12,4.25,12190,United Kingdom
536905,SKU_89820,SET OF 3 CAKE TINS PANTRY DESIGN,12,14.57,12190,United Kingdom
536906,SKU_65048,PINK REGENCY TEACUP AND SAUCER,1,9.06,12191,United Kingdom
536906,SKU_85409,REGENCY TEAPOT,6,7.27,12191,United Kingdom
536906,SKU_55418,JUMBO BAG PINK POLKADOT,8,15.36,12191,United Kingdom
536906,SKU_38659,ROSES REGENCY TEACUP AND SAUCER,7,6.82,12191,United Kingdom
536907,SKU_38752,ALARM CLOCK BAKELIKE GREEN,1,13.36,12192,United Kingdom
536907,SKU_02417,ALARM CLOCK BAKELIKE PINK,12,5.58,12192,United Kingdom
536907,SKU_92886,ALARM CLOCK BAKELIKE RED,11,3.58,12192,United Kingdom
536907,SKU_10696,VINTAGE HEADS AND HORNS WALL ART,3,7.55,12192,United Kingdom
536908,SKU_51010,LUNCH BAG PINK POLKADOT,12,13.45,12193,United Kingdom
536908,SKU_55418,JUMBO BAG PINK POLKADOT,2,10.92,12193,United Kingdom
536908,SKU_77748,STRAWBERRY CERAMIC TRINKET BOX,3,6.62,12193,United Kingdom
536908,SKU_22758,JUMBO BAG WOODLAND ANIMALS,7,10.93,12193,United Kingdom
536909,SKU_06213,CHILLI LIGHTS,3,10.18,12194,United Kingdom
536909,SKU_94290,GREEN REGENCY TEACUP AND SAUCER,7,4.74,12194,United Kingdom
536909,SKU_68307,CHARLOTTE BAG PINK POLKADOT,2,4.68,12194,United Kingdom
536909,SKU_74486,REGENCY CAKESTAND 3 TIER,8,5.56,12194,United Kingdom
536909,SKU_65048,PINK REGENCY TEACUP AND SAUCER,10,14.85,12194,United Kingdom
536910,SKU_22758,JUMBO BAG WOODLAND ANIMALS,7,8.15,12195,United Kingdom
536910,SKU_93482,SWEETHEART CERAMIC TRINKET BOX,11,11.26,12195,United Kingdom
536910,SKU_03409,GARDENERS KNEELING PAD CUP OF TEA,5,9.39,12195,United Kingdom
536910,SKU_53682,WHITE HANGING HEART T-LIGHT HOLDER,2,5.88,12195,United Kingdom
536910,SKU_68307,CHARLOTTE BAG PINK POLKADOT,12,14.2,12195,United Kingdom
536910,SKU_64311,CERAMIC STRAWBERRY CAKE STAND,9,3.88,12195,United Kingdom
536910,SKU_15736,RED HANGING HEART T-LIGHT HOLDER,12,1.53,12195,United Kingdom
536911,SKU_11920,HEART OF WICKER SMALL,3,13.53,12196,United Kingdom
536911,SKU_03409,GARDENERS KNEELING PAD CUP OF TEA,12,3.81,12196,United Kingdom
536911,SKU_29474,RETROSPOT GARDEN WATERING CAN,9,7.62,12196,United Kingdom
536911,SKU_59570,GARDENERS KNEELING PAD KEEP CALM,6,3.0,12196,United Kingdom
536912,SKU_86048,SET OF 6 SPICE TINS PANTRY DESIGN,2,15.21,12197,United Kingdom
536912,SKU_94290,GREEN REGENCY TEACUP AND SAUCER,9,5.5,12197,United Kingdom
536912,SKU_89820,SET OF 3 CAKE TINS PANTRY DESIGN,9,3.7,12197,United Kingdom
536913,SKU_86048,SET OF 6 SPICE TINS PANTRY DESIGN,5,1.91,12198,United Kingdom
536914,SKU_38752,ALARM CLOCK BAKELIKE GREEN,3,9.47,12199,United Kingdom
536914,SKU_25782,WOODLAND CHARLOTTE BAG,12,5.71,12199,United Kingdom
536915,SKU_51010,LUNCH BAG PINK POLKADOT,4,1.77,12200,United Kingdom
536915,SKU_23059,PARTY BUNTING,3,5.52,12200,United Kingdom
536915,SKU_94290,GREEN REGENCY TEACUP AND SAUCER,4,14.89,12200,United Kingdom
536916,SKU_86048,SET OF 6 SPICE TINS PANTRY DESIGN,2,9.09,12201,United Kingdom
536916,SKU_09699,RECIPE BOX PANTRY DESIGN,5,6.69,12201,United Kingdom
536916,SKU_89820,SET OF 3 CAKE TINS PANTRY DESIGN,3,6.95,12201,United Kingdom
536917,SKU_38752,ALARM CLOCK BAKELIKE GREEN,12,6.55,12202,United Kingdom
536917,SKU_02417,ALARM CLOCK BAKELIKE PINK,11,10.48,12202,United Kingdom
536917,SKU_20773,LUNCH BAG RED RETROSPOT,9,9.87,12202,United Kingdom
536917,SKU_92886,ALARM CLOCK BAKELIKE RED,7,12.96,12202,United Kingdom
536918,SKU_93482,SWEETHEART CERAMIC TRINKET BOX,2,5.94,12203,United Kingdom
536918,SKU_16078,CHARLOTTE BAG SUKI DESIGN,2,6.42,12203,United Kingdom
536918,SKU_03409,GARDENERS KNEELING PAD CUP OF TEA,6,12.34,12203,United Kingdom
536918,SKU_77748,STRAWBERRY CERAMIC TRINKET BOX,3,13.63,12203,United Kingdom
536918,SKU_64311,CERAMIC STRAWBERRY CAKE STAND,4,5.15,12203,United Kingdom
536919,SKU_86048,SET OF 6 SPICE TINS PANTRY DESIGN,2,8.79,12204,United Kingdom
536919,SKU_29474,RETROSPOT GARDEN WATERING CAN,12,9.4,12204,United Kingdom
536919,SKU_09699,RECIPE BOX PANTRY DESIGN,5,9.11,12204,United Kingdom
536919,SKU_02417,ALARM CLOCK BAKELIKE PINK,10,2.66,12204,United Kingdom
536919,SKU_89820,SET OF 3 CAKE TINS PANTRY DESIGN,1,3.68,12204,United Kingdom
536920,SKU_29474,RETROSPOT GARDEN WATERING CAN,1,14.34,12205,United Kingdom
536920,SKU_10696,VINTAGE HEADS AND HORNS WALL ART,11,15.14,12205,United Kingdom
536920,SKU_32339,HEART OF WICKER LARGE,12,12.33,12205,United Kingdom
536920,SKU_92886,ALARM CLOCK BAKELIKE RED,11,9.92,12205,United Kingdom
536920,SKU_64311,CERAMIC STRAWBERRY CAKE STAND,12,7.77,12205,United Kingdom
536920,SKU_55418,JUMBO BAG PINK POLKADOT,8,15.3,12205,United Kingdom
536920,SKU_49885,ASSORTED COLOUR BIRD ORNAMENT,8,8.41,12205,United Kingdom
536921,SKU_93482,SWEETHEART CERAMIC TRINKET BOX,6,13.29,12206,United Kingdom
536921,SKU_77748,STRAWBERRY CERAMIC TRINKET BOX,11,2.38,12206,United Kingdom
536921,SKU_16078,CHARLOTTE BAG SUKI DESIGN,12,4.67,12206,United Kingdom
536922,SKU_94290,GREEN REGENCY TEACUP AND SAUCER,8,8.34,12207,United Kingdom
536922,SKU_68307,CHARLOTTE BAG PINK POLKADOT,11,15.47,12207,United Kingdom
536922,SKU_32339,HEART OF WICKER LARGE,9,11.19,12207,United Kingdom
536922,SKU_74486,REGENCY CAKESTAND 3 TIER,7,1.45,12207,United Kingdom
536922,SKU_65048,PINK REGENCY TEACUP AND SAUCER,4,14.23,12207,United Kingdom
536923,SKU_86048,SET OF 6 SPICE TINS PANTRY DESIGN,12,10.67,12208,United Kingdom
536923,SKU_49885,ASSORTED COLOUR BIRD ORNAMENT,9,11.0,12208,United Kingdom
536924,SKU_93482,SWEETHEART CERAMIC TRINKET BOX,11,4.81,12209,United Kingdom
536924,SKU_16078,CHARLOTTE BAG SUKI DESIGN,9,13.37,12209,United Kingdom
536924,SKU_11920,HEART OF WICKER SMALL,2,5.38,12209,United Kingdom
536924,SKU_26130,PAPER CHAIN KIT 50S CHRISTMAS,8,5.43,12209,United Kingdom
536924,SKU_25782,WOODLAND CHARLOTTE BAG,4,1.28,12209,United Kingdom
536924,SKU_65048,PINK REGENCY TEACUP AND SAUCER,11,9.36,12209,United Kingdom
536925,SKU_38752,ALARM CLOCK BAKELIKE GREEN,7,6.3,12210,United Kingdom
536925,SKU_85409,REGENCY TEAPOT,2,7.39,12210,United Kingdom
536925,SKU_22758,JUMBO BAG WOODLAND ANIMALS,4,2.46,12210,United Kingdom
536925,SKU_02417,ALARM CLOCK BAKELIKE PINK,9,14.05,12210,United Kingdom
536925,SKU_74486,REGENCY CAKESTAND 3 TIER,7,3.01,12210,United Kingdom
536926,SKU_51010,LUNCH BAG PINK POLKADOT,2,15.35,12211,United Kingdom
536926,SKU_20773,LUNCH BAG RED RETROSPOT,11,13.21,12211,United Kingdom
536926,SKU_22758,JUMBO BAG WOODLAND ANIMALS,3,3.24,12211,United Kingdom
536926,SKU_77748,STRAWBERRY CERAMIC TRINKET BOX,12,7.43,12211,United Kingdom
536926,SKU_92886,ALARM CLOCK BAKELIKE RED,6,13.84,12211,United Kingdom
536926,SKU_55418,JUMBO BAG PINK POLKADOT,12,4.08,12211,United Kingdom
536927,SKU_65048,PINK REGENCY TEACUP AND SAUCER,6,14.09,12212,United Kingdom
536927,SKU_85409,REGENCY TEAPOT,3,10.74,12212,United Kingdom
536927,SKU_94290,GREEN REGENCY TEACUP AND SAUCER,8,14.93,12212,United Kingdom
536928,SKU_32339,HEART OF WICKER LARGE,6,11.95,12213,United Kingdom
536928,SKU_25782,WOODLAND CHARLOTTE BAG,7,8.4,12213,United Kingdom
536929,SKU_93482,SWEETHEART CERAMIC TRINKET BOX,3,2.81,12214,United Kingdom
536930,SKU_65048,PINK REGENCY TEACUP AND SAUCER,1,12.19,12215,United Kingdom
536930,SKU_94290,GREEN REGENCY TEACUP AND SAUCER,4,1.99,12215,United Kingdom
536930,SKU_38659,ROSES REGENCY TEACUP AND SAUCER,6,7.37,12215,United Kingdom
536931,SKU_85409,REGENCY TEAPOT,7,4.78,12216,United Kingdom
536931,SKU_38659,ROSES REGENCY TEACUP AND SAUCER,3,11.64,12216,United Kingdom
536931,SKU_94290,GREEN REGENCY TEACUP AND SAUCER,3,4.8,12216,United Kingdom
536931,SKU_74486,REGENCY CAKESTAND 3 TIER,2,13.56,12216,United Kingdom
536931,SKU_65048,PINK REGENCY TEACUP AND SAUCER,12,4.77,12216,United Kingdom
536932,SKU_15736,RED HANGING HEART T-LIGHT HOLDER,2,3.14,12217,United Kingdom
536932,SKU_55418,JUMBO BAG PINK POLKADOT,1,5.15,12217,United Kingdom
536933,SKU_51010,LUNCH BAG PINK POLKADOT,4,6.04,12218,United Kingdom
536933,SKU_20773,LUNCH BAG RED RETROSPOT,8,2.12,12218,United Kingdom
536933,SKU_22758,JUMBO BAG WOODLAND ANIMALS,7,10.43,12218,United Kingdom
536933,SKU_44719,JUMBO BAG RED RETROSPOT,5,2.82,12218,United Kingdom
536933,SKU_02417,ALARM CLOCK BAKELIKE PINK,6,5.25,12218,United Kingdom
536933,SKU_55418,JUMBO BAG PINK POLKADOT,6,11.39,12218,United Kingdom
536933,SKU_89820,SET OF 3 CAKE TINS PANTRY DESIGN,4,5.81,12218,United Kingdom
536934,SKU_94290,GREEN REGENCY TEACUP AND SAUCER,4,5.32,12219,United Kingdom
536934,SKU_74486,REGENCY CAKESTAND 3 TIER,5,14.2,12219,United Kingdom
536935,SKU_51010,LUNCH BAG PINK POLKADOT,2,2.63,12220,United Kingdom
536935,SKU_55418,JUMBO BAG PINK POLKADOT,1,10.98,12220,United Kingdom
536935,SKU_20773,LUNCH BAG RED RETROSPOT,3,5.97,12220,United Kingdom
536935,SKU_22758,JUMBO BAG WOODLAND ANIMALS,12,12.79,12220,United Kingdom
536936,SKU_23059,PARTY BUNTING,6,4.65,12221,United Kingdom
536937,SKU_89820,SET OF 3 CAKE TINS PANTRY DESIGN,12,7.6,12222,United Kingdom
536937,SKU_23059,PARTY BUNTING,2,2.32,12222,United Kingdom
536937,SKU_77748,STRAWBERRY CERAMIC TRINKET BOX,9,10.07,12222,United Kingdom
536937,SKU_64311,CERAMIC STRAWBERRY CAKE STAND,5,11.59,12222,United Kingdom
536938,SKU_44719,JUMBO BAG RED RETROSPOT,3,3.98,12223,United Kingdom
536939,SKU_38752,ALARM CLOCK BAKELIKE GREEN,8,7.22,12224,United Kingdom
536939,SKU_02417,ALARM CLOCK BAKELIKE PINK,9,12.52,12224,United Kingdom
536939,SKU_92886,ALARM CLOCK BAKELIKE RED,3,9.79,12224,United Kingdom
536939,SKU_85409,REGENCY TEAPOT,12,15.04,12224,United Kingdom
536940,SKU_85409,REGENCY TEAPOT,7,9.9,12225,United Kingdom
536940,SKU_93482,SWEETHEART CERAMIC TRINKET BOX,4,3.87,12225,United Kingdom
536940,SKU_94290,GREEN REGENCY TEACUP AND SAUCER,3,9.4,12225,United Kingdom
536940,SKU_13714,HAND WARMER BIRD NEST,10,11.18,12225,United Kingdom
536940,SKU_65048,PINK REGENCY TEACUP AND SAUCER,9,7.74,12225,United Kingdom
536940,SKU_55418,JUMBO BAG PINK POLKADOT,12,11.52,12225,United Kingdom
536941,SKU_86048,SET OF 6 SPICE TINS PANTRY DESIGN,3,4.44,12226,United Kingdom
536941,SKU_09699,RECIPE BOX PANTRY DESIGN,9,4.64,12226,United Kingdom
536941,SKU_89820,SET OF 3 CAKE TINS PANTRY DESIGN,1,10.36,12226,United Kingdom
536942,SKU_65048,PINK REGENCY TEACUP AND SAUCER,9,2.91,12227,United Kingdom
536942,SKU_51010,LUNCH BAG PINK POLKADOT,11,6.2,12227,United Kingdom
536942,SKU_22758,JUMBO BAG WOODLAND ANIMALS,10,15.1,12227,United Kingdom
536942,SKU_86048,SET OF 6 SPICE TINS PANTRY DESIGN,6,2.44,12227,United Kingdom
536943,SKU_38752,ALARM CLOCK BAKELIKE GREEN,6,15.29,12228,United Kingdom
536943,SKU_03409,GARDENERS KNEELING PAD CUP OF TEA,11,12.88,12228,United Kingdom
536943,SKU_29474,RETROSPOT GARDEN WATERING CAN,6,4.37,12228,United Kingdom
536943,SKU_59570,GARDENERS KNEELING PAD KEEP CALM,5,3.77,12228,United Kingdom
536944,SKU_04128,MINI PAINT SET VINTAGE,5,13.65,12229,United Kingdom
536944,SKU_64311,CERAMIC STRAWBERRY CAKE STAND,11,9.86,12229,United Kingdom
536945,SKU_20773,LUNCH BAG RED RETROSPOT,3,12.87,12230,United Kingdom
536945,SKU_59570,GARDENERS KNEELING PAD KEEP CALM,3,3.94,12230,United Kingdom
536945,SKU_68307,CHARLOTTE BAG PINK POLKADOT,8,14.69,12230,United Kingdom
536945,SKU_77748,STRAWBERRY CERAMIC TRINKET BOX,3,10.48,12230,United Kingdom
536945,SKU_25782,WOODLAND CHARLOTTE BAG,1,5.67,12230,United Kingdom
536946,SKU_64311,CERAMIC STRAWBERRY CAKE STAND,2,11.57,12231,United Kingdom
536946,SKU_03409,GARDENERS KNEELING PAD CUP OF TEA,3,11.61,12231,United Kingdom
536946,SKU_23059,PARTY BUNTING,1,9.85,12231,United Kingdom
536946,SKU_44719,JUMBO BAG RED RETROSPOT,7,6.72,12231,United Kingdom
536947,SKU_85409,REGENCY TEAPOT,2,8.98,12232,United Kingdom
536947,SKU_74486,REGENCY CAKESTAND 3 TIER,6,13.4,12232,United Kingdom
536947,SKU_38659,ROSES REGENCY TEACUP AND SAUCER,2,4.13,12232,United Kingdom
536947,SKU_92886,ALARM CLOCK BAKELIKE RED,8,12.08,12232,United Kingdom
536948,SKU_02417,ALARM CLOCK BAKELIKE PINK,6,8.07,12233,United Kingdom
536949,SKU_15736,RED HANGING HEART T-LIGHT HOLDER,9,5.48,12234,United Kingdom
536949,SKU_03409,GARDENERS KNEELING PAD CUP OF TEA,9,13.88,12234,United Kingdom
536949,SKU_29474,RETROSPOT GARDEN WATERING CAN,7,3.27,12234,United Kingdom
536949,SKU_59570,GARDENERS KNEELING PAD KEEP CALM,4,1.59,12234,United Kingdom
536950,SKU_51010,LUNCH BAG PINK POLKADOT,11,13.85,12235,United Kingdom
536950,SKU_55418,JUMBO BAG PINK POLKADOT,2,8.26,12235,United Kingdom
536950,SKU_20773,LUNCH BAG RED RETROSPOT,2,4.45,12235,United Kingdom
536950,SKU_22758,JUMBO BAG WOODLAND ANIMALS,5,6.34,12235,United Kingdom
536951,SKU_11920,HEART OF WICKER SMALL,3,13.98,12236,United Kingdom
536951,SKU_53682,WHITE HANGING HEART T-LIGHT HOLDER,11,5.55,12236,United Kingdom
536951,SKU_32339,HEART OF WICKER LARGE,5,6.21,12236,United Kingdom
536951,SKU_68307,CHARLOTTE BAG PINK POLKADOT,2,5.11,12236,United Kingdom
536951,SKU_59570,GARDENERS KNEELING PAD KEEP CALM,8,10.68,12236,United Kingdom
536952,SKU_85409,REGENCY TEAPOT,11,3.34,12237,United Kingdom
536952,SKU_44719,JUMBO BAG RED RETROSPOT,3,6.82,12237,United Kingdom
536953,SKU_93482,SWEETHEART CERAMIC TRINKET BOX,6,8.29,12238,United Kingdom
536953,SKU_11920,HEART OF WICKER SMALL,8,11.13,12238,United Kingdom
536953,SKU_26130,PAPER CHAIN KIT 50S CHRISTMAS,7,9.82,12238,United Kingdom
536953,SKU_59570,GARDENERS KNEELING PAD KEEP CALM,11,6.0,12238,United Kingdom
536953,SKU_92886,ALARM CLOCK BAKELIKE RED,11,14.38,12238,United Kingdom
536954,SKU_04128,MINI PAINT SET VINTAGE,6,1.29,12239,United Kingdom
536954,SKU_86048,SET OF 6 SPICE TINS PANTRY DESIGN,1,6.41,12239,United Kingdom
536954,SKU_29474,RETROSPOT GARDEN WATERING CAN,8,14.9,12239,United Kingdom
536954,SKU_03409,GARDENERS KNEELING PAD CUP OF TEA,2,2.1,12239,United Kingdom
536954,SKU_59570,GARDENERS KNEELING PAD KEEP CALM,6,6.39,12239,United Kingdom
536954,SKU_89820,SET OF 3 CAKE TINS PANTRY DESIGN,3,5.45,12239,United Kingdom
536954,SKU_72894,DOORMAT KEEP CALM AND COME IN,3,13.15,12239,United Kingdom
536955,SKU_77748,STRAWBERRY CERAMIC TRINKET BOX,1,11.89,12240,United Kingdom
536955,SKU_64311,CERAMIC STRAWBERRY CAKE STAND,2,14.96,12240,United Kingdom
536956,SKU_85409,REGENCY TEAPOT,12,14.77,12241,United Kingdom
536956,SKU_38659,ROSES REGENCY TEACUP AND SAUCER,8,7.11,12241,United Kingdom
536956,SKU_20773,LUNCH BAG RED RETROSPOT,6,7.58,12241,United Kingdom
536956,SKU_93482,SWEETHEART CERAMIC TRINKET BOX,11,11.16,12241,United Kingdom
536956,SKU_16078,CHARLOTTE BAG SUKI DESIGN,5,2.84,12241,United Kingdom
536956,SKU_44719,JUMBO BAG RED RETROSPOT,1,13.81,12241,United Kingdom
536956,SKU_23059,PARTY BUNTING,1,9.86,12241,United Kingdom
536956,SKU_64311,CERAMIC STRAWBERRY CAKE STAND,3,8.42,12241,United Kingdom
536956,SKU_15736,RED HANGING HEART T-LIGHT HOLDER,1,6.9,12241,United Kingdom
536956,SKU_72894,DOORMAT KEEP CALM AND COME IN,7,10.94,12241,United Kingdom
536957,SKU_09699,RECIPE BOX PANTRY DESIGN,3,11.84,12242,United Kingdom
536957,SKU_13714,HAND WARMER BIRD NEST,7,10.07,12242,United Kingdom
536957,SKU_32339,HEART OF WICKER LARGE,4,6.84,12242,United Kingdom
536957,SKU_55418,JUMBO BAG PINK POLKADOT,12,15.16,12242,United Kingdom
536957,SKU_89820,SET OF 3 CAKE TINS PANTRY DESIGN,10,13.24,12242,United Kingdom
536958,SKU_26130,PAPER CHAIN KIT 50S CHRISTMAS,1,12.7,12243,United Kingdom
536958,SKU_55418,JUMBO BAG PINK POLKADOT,11,7.3,12243,United Kingdom
536958,SKU_64311,CERAMIC STRAWBERRY CAKE STAND,5,2.79,12243,United Kingdom
536959,SKU_10322,PAPER CHAIN KIT VINTAGE CHRISTMAS,3,8.97,12244,United Kingdom
536959,SKU_26130,PAPER CHAIN KIT 50S CHRISTMAS,2,4.27,12244,United Kingdom
536960,SKU_02417,ALARM CLOCK BAKELIKE PINK,10,15.31,12245,United Kingdom
536960,SKU_94290,GREEN REGENCY TEACUP AND SAUCER,8,1.9,12245,United Kingdom
536960,SKU_53682,WHITE HANGING HEART T-LIGHT HOLDER,6,2.58,12245,United Kingdom
536960,SKU_92886,ALARM CLOCK BAKELIKE RED,5,1.37,12245,United Kingdom
536961,SKU_38752,ALARM CLOCK BAKELIKE GREEN,7,11.59,12246,United Kingdom
536961,SKU_02417,ALARM CLOCK BAKELIKE PINK,3,11.26,12246,United Kingdom
536961,SKU_92886,ALARM CLOCK BAKELIKE RED,2,5.97,12246,United Kingdom
536962,SKU_13714,HAND WARMER BIRD NEST,3,1.59,12247,United Kingdom
536963,SKU_15736,RED HANGING HEART T-LIGHT HOLDER,4,12.76,12248,United Kingdom
536963,SKU_94290,GREEN REGENCY TEACUP AND SAUCER,11,3.26,12248,United Kingdom
536963,SKU_20773,LUNCH BAG RED RETROSPOT,12,3.54,12248,United Kingdom
536964,SKU_10322,PAPER CHAIN KIT VINTAGE CHRISTMAS,6,5.39,12249,United Kingdom
536964,SKU_23059,PARTY BUNTING,10,13.45,12249,United Kingdom
536964,SKU_32339,HEART OF WICKER LARGE,7,1.82,12249,United Kingdom
536965,SKU_59297,POPCORN HOLDER,8,2.59,12250,United Kingdom
536965,SKU_29474,RETROSPOT GARDEN WATERING CAN,6,3.67,12250,United Kingdom
536965,SKU_38659,ROSES REGENCY TEACUP AND SAUCER,5,3.55,12250,United Kingdom
536965,SKU_02417,ALARM CLOCK BAKELIKE PINK,5,9.47,12250,United Kingdom
536965,SKU_53682,WHITE HANGING HEART T-LIGHT HOLDER,6,2.52,12250,United Kingdom
536965,SKU_77748,STRAWBERRY CERAMIC TRINKET BOX,3,11.38,12250,United Kingdom
536965,SKU_64311,CERAMIC STRAWBERRY CAKE STAND,8,4.93,12250,United Kingdom
536966,SKU_38752,ALARM CLOCK BAKELIKE GREEN,11,3.09,12251,United Kingdom
536966,SKU_29474,RETROSPOT GARDEN WATERING CAN,6,8.55,12251,United Kingdom
536966,SKU_87304,SPACEBOY LUNCH BOX,10,14.82,12251,United Kingdom
536966,SKU_02417,ALARM CLOCK BAKELIKE PINK,6,2.44,12251,United Kingdom
536966,SKU_92886,ALARM CLOCK BAKELIKE RED,7,8.46,12251,United Kingdom
536967,SKU_38659,ROSES REGENCY TEACUP AND SAUCER,3,13.41,12252,United Kingdom
536967,SKU_74486,REGENCY CAKESTAND 3 TIER,5,6.61,12252,United Kingdom
536968,SKU_15736,RED HANGING HEART T-LIGHT HOLDER,11,2.58,12253,United Kingdom
536968,SKU_32339,HEART OF WICKER LARGE,8,7.93,12253,United Kingdom
536969,SKU_25782,WOODLAND CHARLOTTE BAG,12,2.79,12254,United Kingdom
536969,SKU_16078,CHARLOTTE BAG SUKI DESIGN,7,12.2,12254,United Kingdom
536970,SKU_85409,REGENCY TEAPOT,10,1.7,12255,United Kingdom
536970,SKU_29474,RETROSPOT GARDEN WATERING CAN,10,12.28,12255,United Kingdom
536970,SKU_10696,VINTAGE HEADS AND HORNS WALL ART,1,14.59,12255,United Kingdom
536970,SKU_16078,CHARLOTTE BAG SUKI DESIGN,6,12.5,12255,United Kingdom
536970,SKU_10322,PAPER CHAIN KIT VINTAGE CHRISTMAS,8,4.29,12255,United Kingdom
536970,SKU_26130,PAPER CHAIN KIT 50S CHRISTMAS,4,13.62,12255,United Kingdom
536971,SKU_38752,ALARM CLOCK BAKELIKE GREEN,3,4.08,12256,United Kingdom
536971,SKU_09699,RECIPE BOX PANTRY DESIGN,7,8.11,12256,United Kingdom
536971,SKU_44719,JUMBO BAG RED RETROSPOT,9,11.07,12256,United Kingdom
536971,SKU_02417,ALARM CLOCK BAKELIKE PINK,3,15.01,12256,United Kingdom
536971,SKU_68307,CHARLOTTE BAG PINK POLKADOT,7,6.3,12256,United Kingdom
536971,SKU_92886,ALARM CLOCK BAKELIKE RED,12,9.38,12256,United Kingdom
536971,SKU_74486,REGENCY CAKESTAND 3 TIER,1,9.24,12256,United Kingdom
536972,SKU_93482,SWEETHEART CERAMIC TRINKET BOX,9,11.54,12257,United Kingdom
536972,SKU_26130,PAPER CHAIN KIT 50S CHRISTMAS,8,14.69,12257,United Kingdom
536972,SKU_16078,CHARLOTTE BAG SUKI DESIGN,3,10.29,12257,United Kingdom
536972,SKU_22758,JUMBO BAG WOODLAND ANIMALS,11,15.06,12257,United Kingdom
536973,SKU_86048,SET OF 6 SPICE TINS PANTRY DESIGN,6,4.24,12258,United Kingdom
536973,SKU_51010,LUNCH BAG PINK POLKADOT,4,15.1,12258,United Kingdom
536973,SKU_89820,SET OF 3 CAKE TINS PANTRY DESIGN,10,14.86,12258,United Kingdom
536974,SKU_10696,VINTAGE HEADS AND HORNS WALL ART,12,8.36,12259,United Kingdom
536974,SKU_10322,PAPER CHAIN KIT VINTAGE CHRISTMAS,8,7.15,12259,United Kingdom
536974,SKU_11920,HEART OF WICKER SMALL,6,6.27,12259,United Kingdom
536975,SKU_29474,RETROSPOT GARDEN WATERING CAN,5,13.29,12260,United Kingdom
536975,SKU_22758,JUMBO BAG WOODLAND ANIMALS,12,10.94,12260,United Kingdom
536975,SKU_93482,SWEETHEART CERAMIC TRINKET BOX,11,5.29,12260,United Kingdom
536975,SKU_03409,GARDENERS KNEELING PAD CUP OF TEA,10,14.62,12260,United Kingdom
536975,SKU_59570,GARDENERS KNEELING PAD KEEP CALM,2,15.43,12260,United Kingdom
536975,SKU_55418,JUMBO BAG PINK POLKADOT,2,2.53,12260,United Kingdom
536976,SKU_13714,HAND WARMER BIRD NEST,11,5.38,12261,United Kingdom
536976,SKU_93482,SWEETHEART CERAMIC TRINKET BOX,7,4.27,12261,United Kingdom
536976,SKU_77748,STRAWBERRY CERAMIC TRINKET BOX,8,9.11,12261,United Kingdom
536976,SKU_94290,GREEN REGENCY TEACUP AND SAUCER,2,4.04,12261,United Kingdom
536977,SKU_15736,RED HANGING HEART T-LIGHT HOLDER,1,14.64,12262,United Kingdom
536977,SKU_32339,HEART OF WICKER LARGE,4,8.48,12262,United Kingdom
536977,SKU_11920,HEART OF WICKER SMALL,5,13.78,12262,United Kingdom
536978,SKU_93482,SWEETHEART CERAMIC TRINKET BOX,1,1.47,12263,United Kingdom
536978,SKU_77748,STRAWBERRY CERAMIC TRINKET BOX,3,12.51,12263,United Kingdom
536979,SKU_55418,JUMBO BAG PINK POLKADOT,4,9.17,12264,United Kingdom
536979,SKU_23059,PARTY BUNTING,7,4.0,12264,United Kingdom
536979,SKU_68307,CHARLOTTE BAG PINK POLKADOT,11,6.85,12264,United Kingdom
536980,SKU_93482,SWEETHEART CERAMIC TRINKET BOX,12,3.73,12265,United Kingdom
536980,SKU_64311,CERAMIC STRAWBERRY CAKE STAND,6,8.62,12265,United Kingdom
536981,SKU_80590,VICTORIAN GLASS HANGING T-LIGHT,2,2.58,12266,United Kingdom
536981,SKU_11920,HEART OF WICKER SMALL,7,1.41,12266,United Kingdom
536981,SKU_53682,WHITE HANGING HEART T-LIGHT HOLDER,10,3.43,12266,United Kingdom
536981,SKU_32339,HEART OF WICKER LARGE,10,11.33,12266,United Kingdom
536981,SKU_26130,PAPER CHAIN KIT 50S CHRISTMAS,2,9.4,12266,United Kingdom
536981,SKU_15736,RED HANGING HEART T-LIGHT HOLDER,1,11.83,12266,United Kingdom
536981,SKU_31997,DOLLY GIRL LUNCH BOX,3,15.26,12266,United Kingdom
536982,SKU_10696,VINTAGE HEADS AND HORNS WALL ART,5,10.64,12267,United Kingdom
536982,SKU_03409,GARDENERS KNEELING PAD CUP OF TEA,5,2.43,12267,United Kingdom
536982,SKU_26130,PAPER CHAIN KIT 50S CHRISTMAS,3,10.19,12267,United Kingdom
536982,SKU_93482,SWEETHEART CERAMIC TRINKET BOX,11,15.28,12267,United Kingdom
536983,SKU_51010,LUNCH BAG PINK POLKADOT,11,7.23,12268,United Kingdom
536983,SKU_29474,RETROSPOT GARDEN WATERING CAN,6,10.28,12268,United Kingdom
536983,SKU_16078,CHARLOTTE BAG SUKI DESIGN,8,12.77,12268,United Kingdom
536983,SKU_53682,WHITE HANGING HEART T-LIGHT HOLDER,3,5.51,12268,United Kingdom
536983,SKU_68307,CHARLOTTE BAG PINK POLKADOT,3,10.65,12268,United Kingdom
536983,SKU_92886,ALARM CLOCK BAKELIKE RED,11,9.89,12268,United Kingdom
536983,SKU_15736,RED HANGING HEART T-LIGHT HOLDER,1,2.92,12268,United Kingdom
536984,SKU_09699,RECIPE BOX PANTRY DESIGN,1,8.63,12269,United Kingdom
536984,SKU_20773,LUNCH BAG RED RETROSPOT,3,4.33,12269,United Kingdom
536984,SKU_10696,VINTAGE HEADS AND HORNS WALL ART,6,2.89,12269,United Kingdom
536984,SKU_10322,PAPER CHAIN KIT VINTAGE CHRISTMAS,4,1.67,12269,United Kingdom
536984,SKU_26130,PAPER CHAIN KIT 50S CHRISTMAS,3,4.38,12269,United Kingdom
536984,SKU_49885,ASSORTED COLOUR BIRD ORNAMENT,12,11.11,12269,United Kingdom
536985,SKU_38752,ALARM CLOCK BAKELIKE GREEN,9,14.74,12270,United Kingdom
536985,SKU_06213,CHILLI LIGHTS,4,4.81,12270,United Kingdom
536985,SKU_02417,ALARM CLOCK BAKELIKE PINK,4,11.04,12270,United Kingdom
536985,SKU_68307,CHARLOTTE BAG PINK POLKADOT,12,5.26,12270,United Kingdom
536985,SKU_92886,ALARM CLOCK BAKELIKE RED,7,2.72,12270,United Kingdom
536986,SKU_29474,RETROSPOT GARDEN WATERING CAN,11,12.93,12271,United Kingdom
536986,SKU_87304,SPACEBOY LUNCH BOX,8,3.63,12271,United Kingdom
536986,SKU_93482,SWEETHEART CERAMIC TRINKET BOX,1,14.9,12271,United Kingdom
536986,SKU_10322,PAPER CHAIN KIT VINTAGE CHRISTMAS,5,9.61,12271,United Kingdom
536986,SKU_25782,WOODLAND CHARLOTTE BAG,5,9.86,12271,United Kingdom
536986,SKU_92886,ALARM CLOCK BAKELIKE RED,11,14.79,12271,United Kingdom
536986,SKU_55418,JUMBO BAG PINK POLKADOT,9,6.27,12271,United Kingdom
536987,SKU_51010,LUNCH BAG PINK POLKADOT,1,5.79,12272,United Kingdom
536987,SKU_20773,LUNCH BAG RED RETROSPOT,1,11.46,12272,United Kingdom
536987,SKU_44719,JUMBO BAG RED RETROSPOT,4,7.88,12272,United Kingdom
536987,SKU_10322,PAPER CHAIN KIT VINTAGE CHRISTMAS,6,14.06,12272,United Kingdom
536987,SKU_26130,PAPER CHAIN KIT 50S CHRISTMAS,9,2.19,12272,United Kingdom
536987,SKU_55418,JUMBO BAG PINK POLKADOT,5,9.83,12272,United Kingdom
536988,SKU_65048,PINK REGENCY TEACUP AND SAUCER,7,2.95,12273,United Kingdom
536988,SKU_11920,HEART OF WICKER SMALL,8,3.69,12273,United Kingdom
536988,SKU_53682,WHITE HANGING HEART T-LIGHT HOLDER,6,9.67,12273,United Kingdom
536988,SKU_32339,HEART OF WICKER LARGE,4,9.46,12273,United Kingdom
536988,SKU_68307,CHARLOTTE BAG PINK POLKADOT,5,1.5,12273,United Kingdom
536988,SKU_26130,PAPER CHAIN KIT 50S CHRISTMAS,10,15.33,12273,United Kingdom
536988,SKU_92886,ALARM CLOCK BAKELIKE RED,8,5.3,12273,United Kingdom
536988,SKU_15736,RED HANGING HEART T-LIGHT HOLDER,7,1.78,12273,United Kingdom
536989,SKU_03409,GARDENERS KNEELING PAD CUP OF TEA,6,11.99,12274,United Kingdom
536989,SKU_59570,GARDENERS KNEELING PAD KEEP CALM,7,2.39,12274,United Kingdom
536989,SKU_32339,HEART OF WICKER LARGE,6,8.29,12274,United Kingdom
536989,SKU_92886,ALARM CLOCK BAKELIKE RED,1,6.85,12274,United Kingdom
536990,SKU_16078,CHARLOTTE BAG SUKI DESIGN,10,2.71,12275,United Kingdom
536990,SKU_68307,CHARLOTTE BAG PINK POLKADOT,4,1.93,12275,United Kingdom
536990,SKU_25782,WOODLAND CHARLOTTE BAG,1,3.23,12275,United Kingdom
536991,SKU_68307,CHARLOTTE BAG PINK POLKADOT,4,3.68,12276,United Kingdom
536992,SKU_10696,VINTAGE HEADS AND HORNS WALL ART,10,7.81,12277,United Kingdom
536992,SKU_93482,SWEETHEART CERAMIC TRINKET BOX,3,5.8,12277,United Kingdom
536992,SKU_26130,PAPER CHAIN KIT 50S CHRISTMAS,3,11.98,12277,United Kingdom
536992,SKU_32339,HEART OF WICKER LARGE,7,10.33,12277,United Kingdom
536992,SKU_74486,REGENCY CAKESTAND 3 TIER,11,2.99,12277,United Kingdom
536992,SKU_92886,ALARM CLOCK BAKELIKE RED,9,4.68,12277,United Kingdom
536993,SKU_68307,CHARLOTTE BAG PINK POLKADOT,2,5.01,12278,United Kingdom
536993,SKU_16078,CHARLOTTE BAG SUKI DESIGN,5,11.39,12278,United Kingdom
536993,SKU_25782,WOODLAND CHARLOTTE BAG,6,9.21,12278,United Kingdom
536994,SKU_86048,SET OF 6 SPICE TINS PANTRY DESIGN,8,2.74,12279,United Kingdom
536994,SKU_85409,REGENCY TEAPOT,4,12.85,12279,United Kingdom
536994,SKU_51010,LUNCH BAG PINK POLKADOT,9,8.57,12279,United Kingdom
536994,SKU_20773,LUNCH BAG RED RETROSPOT,6,12.09,12279,United Kingdom
536994,SKU_65048,PINK REGENCY TEACUP AND SAUCER,5,11.35,12279,United Kingdom
536995,SKU_93482,SWEETHEART CERAMIC TRINKET BOX,8,13.62,12280,United Kingdom
536995,SKU_03409,GARDENERS KNEELING PAD CUP OF TEA,9,4.14,12280,United Kingdom
536995,SKU_29474,RETROSPOT GARDEN WATERING CAN,7,3.93,12280,United Kingdom
536996,SKU_51010,LUNCH BAG PINK POLKADOT,5,2.94,12281,United Kingdom
536996,SKU_20773,LUNCH BAG RED RETROSPOT,9,2.45,12281,United Kingdom
536996,SKU_10696,VINTAGE HEADS AND HORNS WALL ART,7,4.27,12281,United Kingdom
536996,SKU_16078,CHARLOTTE BAG SUKI DESIGN,7,8.41,12281,United Kingdom
536996,SKU_44719,JUMBO BAG RED RETROSPOT,9,6.01,12281,United Kingdom
536996,SKU_11920,HEART OF WICKER SMALL,8,5.13,12281,United Kingdom
536996,SKU_25782,WOODLAND CHARLOTTE BAG,2,1.95,12281,United Kingdom
536996,SKU_55418,JUMBO BAG PINK POLKADOT,7,11.68,12281,United Kingdom
536997,SKU_38752,ALARM CLOCK BAKELIKE GREEN,10,5.18,12282,United Kingdom
536997,SKU_92886,ALARM CLOCK BAKELIKE RED,10,8.28,12282,United Kingdom
536998,SKU_85409,REGENCY TEAPOT,1,14.0,12283,United Kingdom
536998,SKU_38659,ROSES REGENCY TEACUP AND SAUCER,10,5.04,12283,United Kingdom
536998,SKU_74486,REGENCY CAKESTAND 3 TIER,2,8.83,12283,United Kingdom
536999,SKU_93482,SWEETHEART CERAMIC TRINKET BOX,12,12.99,12284,United Kingdom
536999,SKU_77748,STRAWBERRY CERAMIC TRINKET BOX,12,5.07,12284,United Kingdom
536999,SKU_64311,CERAMIC STRAWBERRY CAKE STAND,4,3.69,12284,United Kingdom
537000,SKU_38752,ALARM CLOCK BAKELIKE GREEN,5,13.4,12285,United Kingdom
537000,SKU_02417,ALARM CLOCK BAKELIKE PINK,12,4.65,12285,United Kingdom
537000,SKU_25782,WOODLAND CHARLOTTE BAG,6,10.96,12285,United Kingdom
537000,SKU_92886,ALARM CLOCK BAKELIKE RED,3,3.92,12285,United Kingdom
537001,SKU_65048,PINK REGENCY TEACUP AND SAUCER,7,6.01,12286,United Kingdom
537002,SKU_85409,REGENCY TEAPOT,11,15.36,12287,United Kingdom
537002,SKU_29474,RETROSPOT GARDEN WATERING CAN,4,8.74,12287,United Kingdom
537002,SKU_02417,ALARM CLOCK BAKELIKE PINK,3,12.01,12287,United Kingdom
537002,SKU_59570,GARDENERS KNEELING PAD KEEP CALM,2,2.67,12287,United Kingdom
537002,SKU_92886,ALARM CLOCK BAKELIKE RED,12,6.03,12287,United Kingdom
537003,SKU_10696,VINTAGE HEADS AND HORNS WALL ART,6,7.79,12288,United Kingdom
537003,SKU_26130,PAPER CHAIN KIT 50S CHRISTMAS,6,5.54,12288,United Kingdom
537003,SKU_10322,PAPER CHAIN KIT VINTAGE CHRISTMAS,6,13.95,12288,United Kingdom
537004,SKU_23059,PARTY BUNTING,1,3.36,12289,United Kingdom
537004,SKU_31997,DOLLY GIRL LUNCH BOX,7,13.45,12289,United Kingdom
537004,SKU_92886,ALARM CLOCK BAKELIKE RED,11,15.42,12289,United Kingdom
537005,SKU_65048,PINK REGENCY TEACUP AND SAUCER,4,11.86,12290,United Kingdom
537005,SKU_85409,REGENCY TEAPOT,4,14.37,12290,United Kingdom
537005,SKU_38659,ROSES REGENCY TEACUP AND SAUCER,7,10.35,12290,United Kingdom
537006,SKU_16078,CHARLOTTE BAG SUKI DESIGN,5,5.66,12291,United Kingdom
537006,SKU_10322,PAPER CHAIN KIT VINTAGE CHRISTMAS,1,9.51,12291,United Kingdom
537006,SKU_25782,WOODLAND CHARLOTTE BAG,12,6.14,12291,United Kingdom
537006,SKU_49885,ASSORTED COLOUR BIRD ORNAMENT,10,3.0,12291,United Kingdom
537006,SKU_72894,DOORMAT KEEP CALM AND COME IN,8,9.32,12291,United Kingdom
537007,SKU_11920,HEART OF WICKER SMALL,8,10.95,12292,United Kingdom
537007,SKU_29474,RETROSPOT GARDEN WATERING CAN,9,15.03,12292,United Kingdom
537007,SKU_44719,JUMBO BAG RED RETROSPOT,10,9.2,12292,United Kingdom
537008,SKU_51010,LUNCH BAG PINK POLKADOT,5,13.01,12293,United Kingdom
537008,SKU_68307,CHARLOTTE BAG PINK POLKADOT,2,2.01,12293,United Kingdom
537008,SKU_25782,WOODLAND CHARLOTTE BAG,5,1.32,12293,United Kingdom
537008,SKU_16078,CHARLOTTE BAG SUKI DESIGN,6,10.66,12293,United Kingdom
537009,SKU_38752,ALARM CLOCK BAKELIKE GREEN,9,10.73,12294,United Kingdom
537009,SKU_02417,ALARM CLOCK BAKELIKE PINK,9,3.46,12294,United Kingdom
537010,SKU_02417,ALARM CLOCK BAKELIKE PINK,5,4.37,12295,United Kingdom
537010,SKU_53682,WHITE HANGING HEART T-LIGHT HOLDER,8,14.54,12295,United Kingdom
537010,SKU_92886,ALARM CLOCK BAKELIKE RED,4,12.82,12295,United Kingdom
537011,SKU_93482,SWEETHEART CERAMIC TRINKET BOX,10,5.68,12296,United Kingdom
537011,SKU_77748,STRAWBERRY CERAMIC TRINKET BOX,10,7.46,12296,United Kingdom
537011,SKU_64311,CERAMIC STRAWBERRY CAKE STAND,6,12.71,12296,United Kingdom
537012,SKU_86048,SET OF 6 SPICE TINS PANTRY DESIGN,3,6.61,12297,United Kingdom
537012,SKU_09699,RECIPE BOX PANTRY DESIGN,7,2.62,12297,United Kingdom
537012,SKU_53682,WHITE HANGING HEART T-LIGHT HOLDER,9,7.55,12297,United Kingdom
537012,SKU_25782,WOODLAND CHARLOTTE BAG,6,8.43,12297,United Kingdom
537012,SKU_89820,SET OF 3 CAKE TINS PANTRY DESIGN,11,11.4,12297,United Kingdom
537013,SKU_03409,GARDENERS KNEELING PAD CUP OF TEA,7,2.51,12298,United Kingdom
537013,SKU_93482,SWEETHEART CERAMIC TRINKET BOX,3,10.02,12298,United Kingdom
537013,SKU_77748,STRAWBERRY CERAMIC TRINKET BOX,5,12.46,12298,United Kingdom
537013,SKU_64311,CERAMIC STRAWBERRY CAKE STAND,10,8.55,12298,United Kingdom
537014,SKU_03409,GARDENERS KNEELING PAD CUP OF TEA,8,12.76,12299,United Kingdom
537014,SKU_59570,GARDENERS KNEELING PAD KEEP CALM,9,7.81,12299,United Kingdom
537014,SKU_29474,RETROSPOT GARDEN WATERING CAN,1,2.46,12299,United Kingdom
537014,SKU_74486,REGENCY CAKESTAND 3 TIER,5,13.08,12299,United Kingdom
537015,SKU_10696,VINTAGE HEADS AND HORNS WALL ART,12,2.01,12300,United Kingdom
537015,SKU_29474,RETROSPOT GARDEN WATERING CAN,4,8.61,12300,United Kingdom
537015,SKU_10322,PAPER CHAIN KIT VINTAGE CHRISTMAS,9,11.8,12300,United Kingdom
537015,SKU_65048,PINK REGENCY TEACUP AND SAUCER,8,3.19,12300,United Kingdom
537016,SKU_87304,SPACEBOY LUNCH BOX,2,1.25,12301,United Kingdom
537016,SKU_44719,JUMBO BAG RED RETROSPOT,10,13.79,12301,United Kingdom
537016,SKU_11920,HEART OF WICKER SMALL,9,2.63,12301,United Kingdom
537016,SKU_02417,ALARM CLOCK BAKELIKE PINK,4,2.73,12301,United Kingdom
537016,SKU_74486,REGENCY CAKESTAND 3 TIER,1,13.12,12301,United Kingdom
537017,SKU_65048,PINK REGENCY TEACUP AND SAUCER,4,13.24,12302,United Kingdom
537017,SKU_94290,GREEN REGENCY TEACUP AND SAUCER,9,4.96,12302,United Kingdom
537017,SKU_22758,JUMBO BAG WOODLAND ANIMALS,10,10.96,12302,United Kingdom
537018,SKU_68307,CHARLOTTE BAG PINK POLKADOT,3,10.32,12303,United Kingdom
537019,SKU_38752,ALARM CLOCK BAKELIKE GREEN,6,10.76,12304,United Kingdom
537019,SKU_32339,HEART OF WICKER LARGE,7,6.75,12304,United Kingdom
537019,SKU_09699,RECIPE BOX PANTRY DESIGN,2,7.86,12304,United Kingdom
537019,SKU_89820,SET OF 3 CAKE TINS PANTRY DESIGN,7,3.36,12304,United Kingdom
537020,SKU_15736,RED HANGING HEART T-LIGHT HOLDER,11,10.52,12305,United Kingdom
537020,SKU_53682,WHITE HANGING HEART T-LIGHT HOLDER,11,10.08,12305,United Kingdom
537020,SKU_32339,HEART OF WICKER LARGE,1,14.19,12305,United Kingdom
537020,SKU_11920,HEART OF WICKER SMALL,6,14.97,12305,United Kingdom
537021,SKU_16078,CHARLOTTE BAG SUKI DESIGN,9,2.14,12306,United Kingdom
537021,SKU_13714,HAND WARMER BIRD NEST,11,3.41,12306,United Kingdom
537021,SKU_68307,CHARLOTTE BAG PINK POLKADOT,11,11.5,12306,United Kingdom
537021,SKU_59570,GARDENERS KNEELING PAD KEEP CALM,6,7.8,12306,United Kingdom
537021,SKU_25782,WOODLAND CHARLOTTE BAG,3,5.22,12306,United Kingdom
537022,SKU_68307,CHARLOTTE BAG PINK POLKADOT,11,3.82,12307,United Kingdom
537022,SKU_23059,PARTY BUNTING,12,14.47,12307,United Kingdom
537022,SKU_64311,CERAMIC STRAWBERRY CAKE STAND,11,8.74,12307,United Kingdom
537023,SKU_10696,VINTAGE HEADS AND HORNS WALL ART,1,1.67,12308,United Kingdom
537023,SKU_26130,PAPER CHAIN KIT 50S CHRISTMAS,12,3.52,12308,United Kingdom
537023,SKU_10322,PAPER CHAIN KIT VINTAGE CHRISTMAS,2,10.73,12308,United Kingdom
537024,SKU_68307,CHARLOTTE BAG PINK POLKADOT,3,11.63,12309,United Kingdom
537024,SKU_25782,WOODLAND CHARLOTTE BAG,7,12.02,12309,United Kingdom
537024,SKU_16078,CHARLOTTE BAG SUKI DESIGN,7,14.39,12309,United Kingdom
537025,SKU_02417,ALARM CLOCK BAKELIKE PINK,3,5.83,12310,United Kingdom
537025,SKU_38659,ROSES REGENCY TEACUP AND SAUCER,12,7.66,12310,United Kingdom
537025,SKU_77748,STRAWBERRY CERAMIC TRINKET BOX,3,15.34,12310,United Kingdom
537025,SKU_92886,ALARM CLOCK BAKELIKE RED,10,9.18,12310,United Kingdom
537026,SKU_85409,REGENCY TEAPOT,8,8.39,12311,United Kingdom
537026,SKU_59297,POPCORN HOLDER,6,10.06,12311,United Kingdom
537026,SKU_20773,LUNCH BAG RED RETROSPOT,9,13.41,12311,United Kingdom
537026,SKU_06213,CHILLI LIGHTS,2,7.5,12311,United Kingdom
537026,SKU_16078,CHARLOTTE BAG SUKI DESIGN,11,6.61,12311,United Kingdom
537026,SKU_44719,JUMBO BAG RED RETROSPOT,2,9.36,12311,United Kingdom
537026,SKU_68307,CHARLOTTE BAG PINK POLKADOT,3,12.4,12311,United Kingdom
537026,SKU_74486,REGENCY CAKESTAND 3 TIER,5,2.69,12311,United Kingdom
537026,SKU_25782,WOODLAND CHARLOTTE BAG,8,4.54,12311,United Kingdom
537027,SKU_10322,PAPER CHAIN KIT VINTAGE CHRISTMAS,5,6.81,12312,United Kingdom
537027,SKU_26130,PAPER CHAIN KIT 50S CHRISTMAS,6,2.22,12312,United Kingdom
537028,SKU_86048,SET OF 6 SPICE TINS PANTRY DESIGN,10,7.96,12313,United Kingdom
537028,SKU_85409,REGENCY TEAPOT,5,10.56,12313,United Kingdom
537028,SKU_87304,SPACEBOY LUNCH BOX,1,6.07,12313,United Kingdom
537028,SKU_11920,HEART OF WICKER SMALL,5,4.11,12313,United Kingdom
537028,SKU_64311,CERAMIC STRAWBERRY CAKE STAND,1,3.23,12313,United Kingdom
537028,SKU_49885,ASSORTED COLOUR BIRD ORNAMENT,9,12.89,12313,United Kingdom
537029,SKU_85409,REGENCY TEAPOT,12,9.98,12314,United Kingdom
537029,SKU_94290,GREEN REGENCY TEACUP AND SAUCER,2,13.9,12314,United Kingdom
537029,SKU_23059,PARTY BUNTING,8,14.74,12314,United Kingdom
537029,SKU_74486,REGENCY CAKESTAND 3 TIER,5,11.56,12314,United Kingdom
537029,SKU_65048,PINK REGENCY TEACUP AND SAUCER,2,1.76,12314,United Kingdom
537030,SKU_10696,VINTAGE HEADS AND HORNS WALL ART,1,14.52,12315,United Kingdom
537030,SKU_26130,PAPER CHAIN KIT 50S CHRISTMAS,1,12.27,12315,United Kingdom
537030,SKU_10322,PAPER CHAIN KIT VINTAGE CHRISTMAS,4,8.86,12315,United Kingdom
537031,SKU_65048,PINK REGENCY TEACUP AND SAUCER,12,3.03,12316,United Kingdom
537031,SKU_93482,SWEETHEART CERAMIC TRINKET BOX,12,7.33,12316,United Kingdom
537031,SKU_38659,ROSES REGENCY TEACUP AND SAUCER,3,2.9,12316,United Kingdom
537032,SKU_10696,VINTAGE HEADS AND HORNS WALL ART,1,4.64,12317,United Kingdom
537032,SKU_10322,PAPER CHAIN KIT VINTAGE CHRISTMAS,2,9.64,12317,United Kingdom
537032,SKU_26130,PAPER CHAIN KIT 50S CHRISTMAS,4,7.14,12317,United Kingdom
537033,SKU_86048,SET OF 6 SPICE TINS PANTRY DESIGN,1,3.06,12318,United Kingdom
537033,SKU_85409,REGENCY TEAPOT,3,5.28,12318,United Kingdom
537033,SKU_49885,ASSORTED COLOUR BIRD ORNAMENT,6,6.23,12318,United Kingdom
537033,SKU_74486,REGENCY CAKESTAND 3 TIER,11,13.94,12318,United Kingdom
537034,SKU_85409,REGENCY TEAPOT,8,11.3,12319,United Kingdom
537034,SKU_93482,SWEETHEART CERAMIC TRINKET BOX,6,14.04,12319,United Kingdom
537034,SKU_03409,GARDENERS KNEELING PAD CUP OF TEA,4,7.57,12319,United Kingdom
537035,SKU_10696,VINTAGE HEADS AND HORNS WALL ART,6,11.19,12320,United Kingdom
537035,SKU_10322,PAPER CHAIN KIT VINTAGE CHRISTMAS,9,2.74,12320,United Kingdom
537035,SKU_26130,PAPER CHAIN KIT 50S CHRISTMAS,6,14.08,12320,United Kingdom
537036,SKU_16078,CHARLOTTE BAG SUKI DESIGN,2,6.56,12321,United Kingdom
537036,SKU_03409,GARDENERS KNEELING PAD CUP OF TEA,3,1.76,12321,United Kingdom
537036,SKU_68307,CHARLOTTE BAG PINK POLKADOT,4,11.2,12321,United Kingdom
537036,SKU_25782,WOODLAND CHARLOTTE BAG,11,12.14,12321,United Kingdom
537036,SKU_72894,DOORMAT KEEP CALM AND COME IN,2,1.55,12321,United Kingdom
537037,SKU_93482,SWEETHEART CERAMIC TRINKET BOX,4,6.66,12322,United Kingdom
537037,SKU_53682,WHITE HANGING HEART T-LIGHT HOLDER,11,7.39,12322,United Kingdom
537037,SKU_89820,SET OF 3 CAKE TINS PANTRY DESIGN,1,10.66,12322,United Kingdom
537038,SKU_04128,MINI PAINT SET VINTAGE,7,13.59,12323,United Kingdom
537038,SKU_09699,RECIPE BOX PANTRY DESIGN,12,14.48,12323,United Kingdom
537038,SKU_10696,VINTAGE HEADS AND HORNS WALL ART,1,12.76,12323,United Kingdom
537038,SKU_87304,SPACEBOY LUNCH BOX,9,6.78,12323,United Kingdom
537038,SKU_10322,PAPER CHAIN KIT VINTAGE CHRISTMAS,12,14.54,12323,United Kingdom
537038,SKU_94290,GREEN REGENCY TEACUP AND SAUCER,5,13.48,12323,United Kingdom
537039,SKU_86048,SET OF 6 SPICE TINS PANTRY DESIGN,11,14.8,12324,United Kingdom
537039,SKU_59297,POPCORN HOLDER,2,15.48,12324,United Kingdom
537039,SKU_93482,SWEETHEART CERAMIC TRINKET BOX,9,5.47,12324,United Kingdom
537039,SKU_94290,GREEN REGENCY TEACUP AND SAUCER,10,6.87,12324,United Kingdom
537039,SKU_72894,DOORMAT KEEP CALM AND COME IN,10,5.16,12324,United Kingdom
537040,SKU_38752,ALARM CLOCK BAKELIKE GREEN,5,13.33,12325,United Kingdom
537040,SKU_26130,PAPER CHAIN KIT 50S CHRISTMAS,8,7.84,12325,United Kingdom
537040,SKU_92886,ALARM CLOCK BAKELIKE RED,8,1.38,12325,United Kingdom
537041,SKU_85409,REGENCY TEAPOT,5,4.95,12326,United Kingdom
537041,SKU_09699,RECIPE BOX PANTRY DESIGN,8,3.06,12326,United Kingdom
537041,SKU_10696,VINTAGE HEADS AND HORNS WALL ART,11,3.74,12326,United Kingdom
537041,SKU_80590,VICTORIAN GLASS HANGING T-LIGHT,10,10.6,12326,United Kingdom
537041,SKU_11920,HEART OF WICKER SMALL,4,2.88,12326,United Kingdom
537041,SKU_10322,PAPER CHAIN KIT VINTAGE CHRISTMAS,1,3.88,12326,United Kingdom
537041,SKU_26130,PAPER CHAIN KIT 50S CHRISTMAS,9,13.51,12326,United Kingdom
537042,SKU_94290,GREEN REGENCY TEACUP AND SAUCER,1,10.92,12327,United Kingdom
537042,SKU_38659,ROSES REGENCY TEACUP AND SAUCER,6,8.95,12327,United Kingdom
537042,SKU_74486,REGENCY CAKESTAND 3 TIER,1,9.81,12327,United Kingdom
537043,SKU_11920,HEART OF WICKER SMALL,4,5.89,12328,United Kingdom
537043,SKU_53682,WHITE HANGING HEART T-LIGHT HOLDER,6,13.07,12328,United Kingdom
537043,SKU_32339,HEART OF WICKER LARGE,11,7.18,12328,United Kingdom
537043,SKU_15736,RED HANGING HEART T-LIGHT HOLDER,11,7.33,12328,United Kingdom
537044,SKU_65048,PINK REGENCY TEACUP AND SAUCER,11,6.59,12329,United Kingdom
537044,SKU_85409,REGENCY TEAPOT,5,10.11,12329,United Kingdom
537044,SKU_94290,GREEN REGENCY TEACUP AND SAUCER,3,6.5,12329,United Kingdom
537044,SKU_38659,ROSES REGENCY TEACUP AND SAUCER,5,14.51,12329,United Kingdom
537045,SKU_86048,SET OF 6 SPICE TINS PANTRY DESIGN,10,1.71,12330,United Kingdom
537045,SKU_13714,HAND WARMER BIRD NEST,12,3.39,12330,United Kingdom
537045,SKU_93482,SWEETHEART CERAMIC TRINKET BOX,11,2.37,12330,United Kingdom
537045,SKU_10696,VINTAGE HEADS AND HORNS WALL ART,2,14.91,12330,United Kingdom
537046,SKU_59297,POPCORN HOLDER,11,9.06,12331,United Kingdom
537047,SKU_11920,HEART OF WICKER SMALL,6,5.09,12332,United Kingdom
537047,SKU_53682,WHITE HANGING HEART T-LIGHT HOLDER,10,5.43,12332,United Kingdom
537047,SKU_15736,RED HANGING HEART T-LIGHT HOLDER,4,5.93,12332,United Kingdom
537047,SKU_32339,HEART OF WICKER LARGE,6,4.54,12332,United Kingdom
537048,SKU_15736,RED HANGING HEART T-LIGHT HOLDER,2,6.27,12333,United Kingdom
537048,SKU_53682,WHITE HANGING HEART T-LIGHT HOLDER,9,2.34,12333,United Kingdom
537048,SKU_32339,HEART OF WICKER LARGE,6,10.56,12333,United Kingdom
537048,SKU_11920,HEART OF WICKER SMALL,10,4.53,12333,United Kingdom
537049,SKU_51010,LUNCH BAG PINK POLKADOT,10,10.74,12334,United Kingdom
537049,SKU_64311,CERAMIC STRAWBERRY CAKE STAND,10,4.96,12334,United Kingdom
537050,SKU_10322,PAPER CHAIN KIT VINTAGE CHRISTMAS,7,8.45,12335,United Kingdom
537050,SKU_26130,PAPER CHAIN KIT 50S CHRISTMAS,3,9.46,12335,United Kingdom
537051,SKU_86048,SET OF 6 SPICE TINS PANTRY DESIGN,1,11.08,12336,United Kingdom
537051,SKU_93482,SWEETHEART CERAMIC TRINKET BOX,2,3.14,12336,United Kingdom
537051,SKU_59570,GARDENERS KNEELING PAD KEEP CALM,9,14.34,12336,United Kingdom
537051,SKU_32339,HEART OF WICKER LARGE,7,6.3,12336,United Kingdom
537051,SKU_68307,CHARLOTTE BAG PINK POLKADOT,7,11.18,12336,United Kingdom
537051,SKU_89820,SET OF 3 CAKE TINS PANTRY DESIGN,4,11.4,12336,United Kingdom
537052,SKU_10696,VINTAGE HEADS AND HORNS WALL ART,8,11.8,12337,United Kingdom
537052,SKU_10322,PAPER CHAIN KIT VINTAGE CHRISTMAS,7,5.37,12337,United Kingdom
537052,SKU_26130,PAPER CHAIN KIT 50S CHRISTMAS,8,11.23,12337,United Kingdom
537052,SKU_31997,DOLLY GIRL LUNCH BOX,12,3.86,12337,United Kingdom
537053,SKU_85409,REGENCY TEAPOT,8,3.77,12338,United Kingdom
537053,SKU_13714,HAND WARMER BIRD NEST,12,9.63,12338,United Kingdom
537053,SKU_26130,PAPER CHAIN KIT 50S CHRISTMAS,2,4.56,12338,United Kingdom
537053,SKU_06213,CHILLI LIGHTS,8,6.11,12338,United Kingdom
537054,SKU_03409,GARDENERS KNEELING PAD CUP OF TEA,6,12.04,12339,United Kingdom
537054,SKU_59570,GARDENERS KNEELING PAD KEEP CALM,3,1.85,12339,United Kingdom
537054,SKU_29474,RETROSPOT GARDEN WATERING CAN,12,13.82,12339,United Kingdom
537055,SKU_87304,SPACEBOY LUNCH BOX,5,8.18,12340,United Kingdom
537055,SKU_11920,HEART OF WICKER SMALL,4,13.87,12340,United Kingdom
537055,SKU_92886,ALARM CLOCK BAKELIKE RED,5,14.63,12340,United Kingdom
537055,SKU_10696,VINTAGE HEADS AND HORNS WALL ART,5,15.34,12340,United Kingdom
537056,SKU_92886,ALARM CLOCK BAKELIKE RED,3,2.62,12341,United Kingdom
537057,SKU_03409,GARDENERS KNEELING PAD CUP OF TEA,9,12.64,12342,United Kingdom
537057,SKU_29474,RETROSPOT GARDEN WATERING CAN,1,8.21,12342,United Kingdom
537057,SKU_49885,ASSORTED COLOUR BIRD ORNAMENT,1,6.52,12342,United Kingdom
537058,SKU_93482,SWEETHEART CERAMIC TRINKET BOX,5,14.33,12343,United Kingdom
537058,SKU_77748,STRAWBERRY CERAMIC TRINKET BOX,12,11.32,12343,United Kingdom
537058,SKU_64311,CERAMIC STRAWBERRY CAKE STAND,2,7.58,12343,United Kingdom
537059,SKU_38752,ALARM CLOCK BAKELIKE GREEN,11,12.32,12344,United Kingdom
537059,SKU_11920,HEART OF WICKER SMALL,12,11.05,12344,United Kingdom
537059,SKU_53682,WHITE HANGING HEART T-LIGHT HOLDER,1,7.43,12344,United Kingdom
537059,SKU_26130,PAPER CHAIN KIT 50S CHRISTMAS,12,12.57,12344,United Kingdom
537059,SKU_10322,PAPER CHAIN KIT VINTAGE CHRISTMAS,6,3.96,12344,United Kingdom
537059,SKU_13714,HAND WARMER BIRD NEST,9,10.67,12344,United Kingdom
537059,SKU_92886,ALARM CLOCK BAKELIKE RED,11,1.76,12344,United Kingdom
537059,SKU_89820,SET OF 3 CAKE TINS PANTRY DESIGN,11,10.19,12344,United Kingdom
537060,SKU_29474,RETROSPOT GARDEN WATERING CAN,5,3.13,12345,United Kingdom
537060,SKU_77748,STRAWBERRY CERAMIC TRINKET BOX,11,13.73,12345,United Kingdom
537060,SKU_20773,LUNCH BAG RED RETROSPOT,9,13.46,12345,United Kingdom
537060,SKU_64311,CERAMIC STRAWBERRY CAKE STAND,12,4.3,12345,United Kingdom
537061,SKU_04128,MINI PAINT SET VINTAGE,4,10.34,12346,United Kingdom
537061,SKU_02417,ALARM CLOCK BAKELIKE PINK,8,8.81,12346,United Kingdom
537061,SKU_16078,CHARLOTTE BAG SUKI DESIGN,3,13.76,12346,United Kingdom
537061,SKU_25782,WOODLAND CHARLOTTE BAG,4,13.72,12346,United Kingdom
537062,SKU_68307,CHARLOTTE BAG PINK POLKADOT,5,7.23,12347,United Kingdom
537062,SKU_16078,CHARLOTTE BAG SUKI DESIGN,8,5.89,12347,United Kingdom
537062,SKU_25782,WOODLAND CHARLOTTE BAG,11,7.3,12347,United Kingdom
537062,SKU_89820,SET OF 3 CAKE TINS PANTRY DESIGN,3,7.87,12347,United Kingdom
537063,SKU_11920,HEART OF WICKER SMALL,8,13.22,12348,United Kingdom
537063,SKU_53682,WHITE HANGING HEART T-LIGHT HOLDER,8,9.82,12348,United Kingdom
537063,SKU_32339,HEART OF WICKER LARGE,11,4.6,12348,United Kingdom
537064,SKU_03409,GARDENERS KNEELING PAD CUP OF TEA,7,6.93,12349,United Kingdom
537064,SKU_10322,PAPER CHAIN KIT VINTAGE CHRISTMAS,1,5.07,12349,United Kingdom
537064,SKU_59570,GARDENERS KNEELING PAD KEEP CALM,12,4.37,12349,United Kingdom
537064,SKU_26130,PAPER CHAIN KIT 50S CHRISTMAS,11,12.91,12349,United Kingdom
537064,SKU_25782,WOODLAND CHARLOTTE BAG,5,7.63,12349,United Kingdom
537065,SKU_51010,LUNCH BAG PINK POLKADOT,10,8.94,12000,United Kingdom
537065,SKU_22758,JUMBO BAG WOODLAND ANIMALS,12,1.55,12000,United Kingdom
537065,SKU_44719,JUMBO BAG RED RETROSPOT,7,2.54,12000,United Kingdom
537066,SKU_10696,VINTAGE HEADS AND HORNS WALL ART,12,4.52,12001,United Kingdom
537066,SKU_26130,PAPER CHAIN KIT 50S CHRISTMAS,3,14.23,12001,United Kingdom
537066,SKU_77748,STRAWBERRY CERAMIC TRINKET BOX,6,7.14,12001,United Kingdom
537066,SKU_64311,CERAMIC STRAWBERRY CAKE STAND,9,11.7,12001,United Kingdom
537066,SKU_55418,JUMBO BAG PINK POLKADOT,1,1.76,12001,United Kingdom
537067,SKU_29474,RETROSPOT GARDEN WATERING CAN,3,5.28,12002,United Kingdom
537067,SKU_94290,GREEN REGENCY TEACUP AND SAUCER,1,4.53,12002,United Kingdom
537067,SKU_59570,GARDENERS KNEELING PAD KEEP CALM,12,4.77,12002,United Kingdom
537068,SKU_15736,RED HANGING HEART T-LIGHT HOLDER,2,8.44,12003,United Kingdom
537068,SKU_85409,REGENCY TEAPOT,12,12.11,12003,United Kingdom
537068,SKU_53682,WHITE HANGING HEART T-LIGHT HOLDER,7,1.54,12003,United Kingdom
537068,SKU_32339,HEART OF WICKER LARGE,12,13.08,12003,United Kingdom
537069,SKU_38752,ALARM CLOCK BAKELIKE GREEN,4,2.67,12004,United Kingdom
537069,SKU_51010,LUNCH BAG PINK POLKADOT,11,9.46,12004,United Kingdom
537069,SKU_38659,ROSES REGENCY TEACUP AND SAUCER,7,5.4,12004,United Kingdom
537069,SKU_20773,LUNCH BAG RED RETROSPOT,2,4.42,12004,United Kingdom
537069,SKU_03409,GARDENERS KNEELING PAD CUP OF TEA,7,9.24,12004,United Kingdom
537070,SKU_03409,GARDENERS KNEELING PAD CUP OF TEA,12,2.79,12005,United Kingdom
537070,SKU_59570,GARDENERS KNEELING PAD KEEP CALM,4,9.48,12005,United Kingdom
537070,SKU_49885,ASSORTED COLOUR BIRD ORNAMENT,1,6.91,12005,United Kingdom
537070,SKU_64311,CERAMIC STRAWBERRY CAKE STAND,4,7.62,12005,United Kingdom
537071,SKU_59297,POPCORN HOLDER,8,4.84,12006,United Kingdom
537071,SKU_29474,RETROSPOT GARDEN WATERING CAN,5,11.8,12006,United Kingdom
537071,SKU_65048,PINK REGENCY TEACUP AND SAUCER,3,1.77,12006,United Kingdom
537071,SKU_11920,HEART OF WICKER SMALL,12,9.31,12006,United Kingdom
537071,SKU_53682,WHITE HANGING HEART T-LIGHT HOLDER,7,13.67,12006,United Kingdom
537071,SKU_32339,HEART OF WICKER LARGE,5,11.09,12006,United Kingdom
537071,SKU_25782,WOODLAND CHARLOTTE BAG,9,12.57,12006,United Kingdom
537071,SKU_15736,RED HANGING HEART T-LIGHT HOLDER,9,8.37,12006,United Kingdom
537071,SKU_55418,JUMBO BAG PINK POLKADOT,11,4.61,12006,United Kingdom
537072,SKU_93482,SWEETHEART CERAMIC TRINKET BOX,3,12.04,12007,United Kingdom
537072,SKU_68307,CHARLOTTE BAG PINK POLKADOT,3,8.66,12007,United Kingdom
537072,SKU_16078,CHARLOTTE BAG SUKI DESIGN,2,3.62,12007,United Kingdom
537073,SKU_15736,RED HANGING HEART T-LIGHT HOLDER,3,10.17,12008,United Kingdom
537073,SKU_32339,HEART OF WICKER LARGE,9,8.19,12008,United Kingdom
537074,SKU_87304,SPACEBOY LUNCH BOX,6,9.28,12009,United Kingdom
537074,SKU_32339,HEART OF WICKER LARGE,3,3.27,12009,United Kingdom
537074,SKU_92886,ALARM CLOCK BAKELIKE RED,9,11.01,12009,United Kingdom
537074,SKU_64311,CERAMIC STRAWBERRY CAKE STAND,10,14.82,12009,United Kingdom
537075,SKU_38752,ALARM CLOCK BAKELIKE GREEN,3,7.95,12010,United Kingdom
537075,SKU_22758,JUMBO BAG WOODLAND ANIMALS,1,5.69,12010,United Kingdom
537075,SKU_16078,CHARLOTTE BAG SUKI DESIGN,4,4.09,12010,United Kingdom
537075,SKU_02417,ALARM CLOCK BAKELIKE PINK,2,8.91,12010,United Kingdom
537075,SKU_32339,HEART OF WICKER LARGE,6,2.6,12010,United Kingdom
537075,SKU_92886,ALARM CLOCK BAKELIKE RED,10,7.93,12010,United Kingdom
537076,SKU_26130,PAPER CHAIN KIT 50S CHRISTMAS,12,5.61,12011,United Kingdom
537076,SKU_10322,PAPER CHAIN KIT VINTAGE CHRISTMAS,10,12.18,12011,United Kingdom
537076,SKU_92886,ALARM CLOCK BAKELIKE RED,5,9.25,12011,United Kingdom
537076,SKU_64311,CERAMIC STRAWBERRY CAKE STAND,11,10.65,12011,United Kingdom
537077,SKU_15736,RED HANGING HEART T-LIGHT HOLDER,9,9.62,12012,United Kingdom
537077,SKU_55418,JUMBO BAG PINK POLKADOT,7,5.95,12012,United Kingdom
537077,SKU_22758,JUMBO BAG WOODLAND ANIMALS,10,9.87,12012,United Kingdom
537078,SKU_38659,ROSES REGENCY TEACUP AND SAUCER,1,5.86,12013,United Kingdom
537078,SKU_20773,LUNCH BAG RED RETROSPOT,1,3.2,12013,United Kingdom
537078,SKU_87304,SPACEBOY LUNCH BOX,8,7.31,12013,United Kingdom
537078,SKU_59570,GARDENERS KNEELING PAD KEEP CALM,8,5.91,12013,United Kingdom
537078,SKU_53682,WHITE HANGING HEART T-LIGHT HOLDER,9,12.08,12013,United Kingdom
537079,SKU_93482,SWEETHEART CERAMIC TRINKET BOX,5,13.2,12014,United Kingdom
537079,SKU_77748,STRAWBERRY CERAMIC TRINKET BOX,6,8.81,12014,United Kingdom
537079,SKU_64311,CERAMIC STRAWBERRY CAKE STAND,10,13.25,12014,United Kingdom
537080,SKU_92886,ALARM CLOCK BAKELIKE RED,12,3.29,12015,United Kingdom
537081,SKU_68307,CHARLOTTE BAG PINK POLKADOT,9,14.07,12016,United Kingdom
537081,SKU_16078,CHARLOTTE BAG SUKI DESIGN,11,6.21,12016,United Kingdom
537081,SKU_25782,WOODLAND CHARLOTTE BAG,1,13.59,12016,United Kingdom
537082,SKU_10696,VINTAGE HEADS AND HORNS WALL ART,12,7.29,12017,United Kingdom
537083,SKU_86048,SET OF 6 SPICE TINS PANTRY DESIGN,8,6.93,12018,United Kingdom
537083,SKU_38752,ALARM CLOCK BAKELIKE GREEN,12,11.29,12018,United Kingdom
537083,SKU_09699,RECIPE BOX PANTRY DESIGN,5,10.16,12018,United Kingdom
537083,SKU_06213,CHILLI LIGHTS,10,12.98,12018,United Kingdom
537083,SKU_10696,VINTAGE HEADS AND HORNS WALL ART,12,14.47,12018,United Kingdom
537083,SKU_10322,PAPER CHAIN KIT VINTAGE CHRISTMAS,10,10.26,12018,United Kingdom
537083,SKU_94290,GREEN REGENCY TEACUP AND SAUCER,8,3.73,12018,United Kingdom
537083,SKU_74486,REGENCY CAKESTAND 3 TIER,12,13.72,12018,United Kingdom
537083,SKU_89820,SET OF 3 CAKE TINS PANTRY DESIGN,9,12.76,12018,United Kingdom
537084,SKU_85409,REGENCY TEAPOT,7,13.14,12019,United Kingdom
537084,SKU_38659,ROSES REGENCY TEACUP AND SAUCER,2,2.05,12019,United Kingdom
537084,SKU_74486,REGENCY CAKESTAND 3 TIER,11,11.38,12019,United Kingdom
537085,SKU_04128,MINI PAINT SET VINTAGE,9,1.45,12020,United Kingdom
537085,SKU_29474,RETROSPOT GARDEN WATERING CAN,11,7.0,12020,United Kingdom
537085,SKU_03409,GARDENERS KNEELING PAD CUP OF TEA,11,10.79,12020,United Kingdom
537085,SKU_26130,PAPER CHAIN KIT 50S CHRISTMAS,2,4.0,12020,United Kingdom
537085,SKU_59570,GARDENERS KNEELING PAD KEEP CALM,9,3.35,12020,United Kingdom
537085,SKU_77748,STRAWBERRY CERAMIC TRINKET BOX,5,2.45,12020,United Kingdom
537085,SKU_55418,JUMBO BAG PINK POLKADOT,8,1.88,12020,United Kingdom
537086,SKU_03409,GARDENERS KNEELING PAD CUP OF TEA,5,9.24,12021,United Kingdom
537086,SKU_29474,RETROSPOT GARDEN WATERING CAN,2,6.12,12021,United Kingdom
537086,SKU_59570,GARDENERS KNEELING PAD KEEP CALM,10,13.16,12021,United Kingdom
537087,SKU_16078,CHARLOTTE BAG SUKI DESIGN,1,4.35,12022,United Kingdom
537087,SKU_25782,WOODLAND CHARLOTTE BAG,6,7.81,12022,United Kingdom
537087,SKU_15736,RED HANGING HEART T-LIGHT HOLDER,12,14.69,12022,United Kingdom
537087,SKU_55418,JUMBO BAG PINK POLKADOT,5,13.18,12022,United Kingdom
537087,SKU_31997,DOLLY GIRL LUNCH BOX,11,14.68,12022,United Kingdom
537088,SKU_32339,HEART OF WICKER LARGE,5,2.01,12023,United Kingdom
537089,SKU_51010,LUNCH BAG PINK POLKADOT,4,5.14,12024,United Kingdom
537089,SKU_55418,JUMBO BAG PINK POLKADOT,4,3.77,12024,United Kingdom
537089,SKU_22758,JUMBO BAG WOODLAND ANIMALS,5,4.95,12024,United Kingdom
537089,SKU_44719,JUMBO BAG RED RETROSPOT,8,5.02,12024,United Kingdom
537090,SKU_38752,ALARM CLOCK BAKELIKE GREEN,2,8.56,12025,United Kingdom
537090,SKU_51010,LUNCH BAG PINK POLKADOT,4,4.93,12025,United Kingdom
537090,SKU_29474,RETROSPOT GARDEN WATERING CAN,8,4.97,12025,United Kingdom
537090,SKU_10696,VINTAGE HEADS AND HORNS WALL ART,2,8.62,12025,United Kingdom
537090,SKU_26130,PAPER CHAIN KIT 50S CHRISTMAS,11,3.91,12025,United Kingdom
537090,SKU_10322,PAPER CHAIN KIT VINTAGE CHRISTMAS,3,7.91,12025,United Kingdom
537090,SKU_77748,STRAWBERRY CERAMIC TRINKET BOX,6,6.56,12025,United Kingdom
537090,SKU_68307,CHARLOTTE BAG PINK POLKADOT,7,10.63,12025,United Kingdom
537090,SKU_92886,ALARM CLOCK BAKELIKE RED,1,5.84,12025,United Kingdom
537091,SKU_03409,GARDENERS KNEELING PAD CUP OF TEA,12,6.94,12026,United Kingdom
537091,SKU_10322,PAPER CHAIN KIT VINTAGE CHRISTMAS,4,4.85,12026,United Kingdom
537091,SKU_26130,PAPER CHAIN KIT 50S CHRISTMAS,6,9.81,12026,United Kingdom
537091,SKU_68307,CHARLOTTE BAG PINK POLKADOT,8,10.92,12026,United Kingdom
537091,SKU_25782,WOODLAND CHARLOTTE BAG,5,1.82,12026,United Kingdom
537091,SKU_15736,RED HANGING HEART T-LIGHT HOLDER,4,12.13,12026,United Kingdom
537092,SKU_16078,CHARLOTTE BAG SUKI DESIGN,6,7.79,12027,United Kingdom
537092,SKU_44719,JUMBO BAG RED RETROSPOT,3,7.81,12027,United Kingdom
537092,SKU_02417,ALARM CLOCK BAKELIKE PINK,11,3.35,12027,United Kingdom
537092,SKU_92886,ALARM CLOCK BAKELIKE RED,3,5.54,12027,United Kingdom
537092,SKU_64311,CERAMIC STRAWBERRY CAKE STAND,2,3.88,12027,United Kingdom
537092,SKU_65048,PINK REGENCY TEACUP AND SAUCER,4,7.47,12027,United Kingdom
537092,SKU_55418,JUMBO BAG PINK POLKADOT,12,4.74,12027,United Kingdom
537092,SKU_72894,DOORMAT KEEP CALM AND COME IN,11,9.16,12027,United Kingdom
537093,SKU_86048,SET OF 6 SPICE TINS PANTRY DESIGN,2,6.77,12028,United Kingdom
537093,SKU_51010,LUNCH BAG PINK POLKADOT,6,12.12,12028,United Kingdom
537093,SKU_29474,RETROSPOT GARDEN WATERING CAN,3,6.95,12028,United Kingdom
537093,SKU_22758,JUMBO BAG WOODLAND ANIMALS,6,14.05,12028,United Kingdom
537093,SKU_93482,SWEETHEART CERAMIC TRINKET BOX,11,11.66,12028,United Kingdom
537094,SKU_04128,MINI PAINT SET VINTAGE,9,12.98,12029,United Kingdom
537094,SKU_93482,SWEETHEART CERAMIC TRINKET BOX,10,9.79,12029,United Kingdom
537094,SKU_10322,PAPER CHAIN KIT VINTAGE CHRISTMAS,7,14.28,12029,United Kingdom
537094,SKU_64311,CERAMIC STRAWBERRY CAKE STAND,11,4.53,12029,United Kingdom
537094,SKU_55418,JUMBO BAG PINK POLKADOT,8,3.93,12029,United Kingdom
537095,SKU_38752,ALARM CLOCK BAKELIKE GREEN,11,12.95,12030,United Kingdom
537095,SKU_93482,SWEETHEART CERAMIC TRINKET BOX,1,4.97,12030,United Kingdom
537095,SKU_68307,CHARLOTTE BAG PINK POLKADOT,7,3.81,12030,United Kingdom
537095,SKU_64311,CERAMIC STRAWBERRY CAKE STAND,7,10.97,12030,United Kingdom
537096,SKU_15736,RED HANGING HEART T-LIGHT HOLDER,1,3.54,12031,United Kingdom
537096,SKU_53682,WHITE HANGING HEART T-LIGHT HOLDER,3,9.44,12031,United Kingdom
537096,SKU_64311,CERAMIC STRAWBERRY CAKE STAND,7,11.03,12031,United Kingdom
537097,SKU_93482,SWEETHEART CERAMIC TRINKET BOX,3,1.35,12032,United Kingdom
537097,SKU_11920,HEART OF WICKER SMALL,12,9.66,12032,United Kingdom
537097,SKU_59570,GARDENERS KNEELING PAD KEEP CALM,4,8.59,12032,United Kingdom
537097,SKU_32339,HEART OF WICKER LARGE,10,11.62,12032,United Kingdom
537097,SKU_77748,STRAWBERRY CERAMIC TRINKET BOX,8,7.45,12032,United Kingdom
537097,SKU_68307,CHARLOTTE BAG PINK POLKADOT,8,5.26,12032,United Kingdom
537097,SKU_53682,WHITE HANGING HEART T-LIGHT HOLDER,2,13.62,12032,United Kingdom
537097,SKU_64311,CERAMIC STRAWBERRY CAKE STAND,8,6.48,12032,United Kingdom
537097,SKU_49885,ASSORTED COLOUR BIRD ORNAMENT,10,11.03,12032,United Kingdom
537098,SKU_10696,VINTAGE HEADS AND HORNS WALL ART,11,1.76,12033,United Kingdom
537098,SKU_02417,ALARM CLOCK BAKELIKE PINK,2,6.34,12033,United Kingdom
537098,SKU_10322,PAPER CHAIN KIT VINTAGE CHRISTMAS,1,8.82,12033,United Kingdom
537098,SKU_26130,PAPER CHAIN KIT 50S CHRISTMAS,7,4.79,12033,United Kingdom
537098,SKU_77748,STRAWBERRY CERAMIC TRINKET BOX,2,8.87,12033,United Kingdom
537099,SKU_51010,LUNCH BAG PINK POLKADOT,12,12.94,12034,United Kingdom
537099,SKU_20773,LUNCH BAG RED RETROSPOT,10,7.78,12034,United Kingdom
537099,SKU_22758,JUMBO BAG WOODLAND ANIMALS,2,5.9,12034,United Kingdom
537099,SKU_44719,JUMBO BAG RED RETROSPOT,1,3.34,12034,United Kingdom
537099,SKU_55418,JUMBO BAG PINK POLKADOT,12,10.34,12034,United Kingdom
537100,SKU_53682,WHITE HANGING HEART T-LIGHT HOLDER,12,5.55,12035,United Kingdom
537100,SKU_31997,DOLLY GIRL LUNCH BOX,7,1.57,12035,United Kingdom
537101,SKU_86048,SET OF 6 SPICE TINS PANTRY DESIGN,6,9.42,12036,United Kingdom
537101,SKU_20773,LUNCH BAG RED RETROSPOT,4,12.09,12036,United Kingdom
537101,SKU_02417,ALARM CLOCK BAKELIKE PINK,7,5.17,12036,United Kingdom
537101,SKU_32339,HEART OF WICKER LARGE,12,12.34,12036,United Kingdom
537101,SKU_65048,PINK REGENCY TEACUP AND SAUCER,5,8.4,12036,United Kingdom
537101,SKU_49885,ASSORTED COLOUR BIRD ORNAMENT,1,9.87,12036,United Kingdom
537102,SKU_32339,HEART OF WICKER LARGE,11,5.78,12037,United Kingdom
537102,SKU_89820,SET OF 3 CAKE TINS PANTRY DESIGN,4,4.45,12037,United Kingdom
537102,SKU_25782,WOODLAND CHARLOTTE BAG,12,5.88,12037,United Kingdom
537102,SKU_92886,ALARM CLOCK BAKELIKE RED,2,9.96,12037,United Kingdom
537103,SKU_80590,VICTORIAN GLASS HANGING T-LIGHT,6,12.97,12038,United Kingdom
537103,SKU_31997,DOLLY GIRL LUNCH BOX,3,7.83,12038,United Kingdom
537103,SKU_03409,GARDENERS KNEELING PAD CUP OF TEA,12,8.36,12038,United Kingdom
537103,SKU_10322,PAPER CHAIN KIT VINTAGE CHRISTMAS,9,11.19,12038,United Kingdom
537103,SKU_49885,ASSORTED COLOUR BIRD ORNAMENT,11,6.81,12038,United Kingdom
537104,SKU_11920,HEART OF WICKER SMALL,4,11.91,12039,United Kingdom
537104,SKU_53682,WHITE HANGING HEART T-LIGHT HOLDER,9,6.51,12039,United Kingdom
537104,SKU_32339,HEART OF WICKER LARGE,5,11.95,12039,United Kingdom
537104,SKU_15736,RED HANGING HEART T-LIGHT HOLDER,8,10.86,12039,United Kingdom
537105,SKU_51010,LUNCH BAG PINK POLKADOT,5,9.18,12040,United Kingdom
537105,SKU_55418,JUMBO BAG PINK POLKADOT,8,15.35,12040,United Kingdom
537105,SKU_20773,LUNCH BAG RED RETROSPOT,7,14.38,12040,United Kingdom
537105,SKU_44719,JUMBO BAG RED RETROSPOT,3,6.64,12040,United Kingdom
537106,SKU_77748,STRAWBERRY CERAMIC TRINKET BOX,4,15.39,12041,United Kingdom
537107,SKU_51010,LUNCH BAG PINK POLKADOT,4,7.21,12042,United Kingdom
537107,SKU_55418,JUMBO BAG PINK POLKADOT,10,5.22,12042,United Kingdom
537107,SKU_20773,LUNCH BAG RED RETROSPOT,6,10.23,12042,United Kingdom
537108,SKU_10696,VINTAGE HEADS AND HORNS WALL ART,8,5.33,12043,United Kingdom
537108,SKU_10322,PAPER CHAIN KIT VINTAGE CHRISTMAS,8,3.49,12043,United Kingdom
537108,SKU_26130,PAPER CHAIN KIT 50S CHRISTMAS,3,6.95,12043,United Kingdom
537109,SKU_06213,CHILLI LIGHTS,7,3.94,12044,United Kingdom
537109,SKU_10696,VINTAGE HEADS AND HORNS WALL ART,1,10.07,12044,United Kingdom
537109,SKU_16078,CHARLOTTE BAG SUKI DESIGN,3,9.94,12044,United Kingdom
537109,SKU_10322,PAPER CHAIN KIT VINTAGE CHRISTMAS,9,15.48,12044,United Kingdom
537109,SKU_26130,PAPER CHAIN KIT 50S CHRISTMAS,10,9.38,12044,United Kingdom
537110,SKU_65048,PINK REGENCY TEACUP AND SAUCER,11,2.55,12045,United Kingdom
537110,SKU_85409,REGENCY TEAPOT,6,1.57,12045,United Kingdom
537110,SKU_38659,ROSES REGENCY TEACUP AND SAUCER,10,13.84,12045,United Kingdom
537110,SKU_74486,REGENCY CAKESTAND 3 TIER,11,6.8,12045,United Kingdom
537111,SKU_86048,SET OF 6 SPICE TINS PANTRY DESIGN,12,13.71,12046,United Kingdom
537111,SKU_09699,RECIPE BOX PANTRY DESIGN,3,7.98,12046,United Kingdom
537112,SKU_86048,SET OF 6 SPICE TINS PANTRY DESIGN,1,4.2,12047,United Kingdom
537112,SKU_09699,RECIPE BOX PANTRY DESIGN,8,7.79,12047,United Kingdom
537112,SKU_89820,SET OF 3 CAKE TINS PANTRY DESIGN,11,9.85,12047,United Kingdom
537113,SKU_11920,HEART OF WICKER SMALL,10,13.19,12048,United Kingdom
537113,SKU_03409,GARDENERS KNEELING PAD CUP OF TEA,3,4.74,12048,United Kingdom
537114,SKU_65048,PINK REGENCY TEACUP AND SAUCER,12,8.91,12049,United Kingdom
537114,SKU_85409,REGENCY TEAPOT,12,12.32,12049,United Kingdom
537114,SKU_59570,GARDENERS KNEELING PAD KEEP CALM,11,15.35,12049,United Kingdom
537114,SKU_09699,RECIPE BOX PANTRY DESIGN,12,1.59,12049,United Kingdom
537115,SKU_65048,PINK REGENCY TEACUP AND SAUCER,12,14.47,12050,United Kingdom
537115,SKU_94290,GREEN REGENCY TEACUP AND SAUCER,11,10.51,12050,United Kingdom
537115,SKU_38659,ROSES REGENCY TEACUP AND SAUCER,7,12.47,12050,United Kingdom
537115,SKU_74486,REGENCY CAKESTAND 3 TIER,2,3.33,12050,United Kingdom
537116,SKU_15736,RED HANGING HEART T-LIGHT HOLDER,3,14.26,12051,United Kingdom
537116,SKU_53682,WHITE HANGING HEART T-LIGHT HOLDER,8,4.24,12051,United Kingdom
537116,SKU_32339,HEART OF WICKER LARGE,2,5.95,12051,United Kingdom
537116,SKU_11920,HEART OF WICKER SMALL,12,2.31,12051,United Kingdom
537117,SKU_86048,SET OF 6 SPICE TINS PANTRY DESIGN,5,11.07,12052,United Kingdom
537117,SKU_10322,PAPER CHAIN KIT VINTAGE CHRISTMAS,6,12.47,12052,United Kingdom
537118,SKU_38752,ALARM CLOCK BAKELIKE GREEN,11,5.45,12053,United Kingdom
537118,SKU_38659,ROSES REGENCY TEACUP AND SAUCER,12,12.72,12053,United Kingdom
537118,SKU_10696,VINTAGE HEADS AND HORNS WALL ART,3,3.34,12053,United Kingdom
537118,SKU_02417,ALARM CLOCK BAKELIKE PINK,5,13.49,12053,United Kingdom
537118,SKU_92886,ALARM CLOCK BAKELIKE RED,5,10.32,12053,United Kingdom
537118,SKU_25782,WOODLAND CHARLOTTE BAG,1,13.38,12053,United Kingdom
537118,SKU_55418,JUMBO BAG PINK POLKADOT,10,5.57,12053,United Kingdom
537119,SKU_38752,ALARM CLOCK BAKELIKE GREEN,9,6.58,12054,United Kingdom
537119,SKU_06213,CHILLI LIGHTS,8,10.49,12054,United Kingdom
537119,SKU_02417,ALARM CLOCK BAKELIKE PINK,9,8.12,12054,United Kingdom
537119,SKU_59570,GARDENERS KNEELING PAD KEEP CALM,8,14.03,12054,United Kingdom
537119,SKU_92886,ALARM CLOCK BAKELIKE RED,1,10.78,12054,United Kingdom
537119,SKU_55418,JUMBO BAG PINK POLKADOT,2,6.13,12054,United Kingdom
537120,SKU_86048,SET OF 6 SPICE TINS PANTRY DESIGN,4,11.81,12055,United Kingdom
537120,SKU_59297,POPCORN HOLDER,6,10.72,12055,United Kingdom
537120,SKU_10696,VINTAGE HEADS AND HORNS WALL ART,7,10.18,12055,United Kingdom
537120,SKU_74486,REGENCY CAKESTAND 3 TIER,6,8.48,12055,United Kingdom
537120,SKU_89820,SET OF 3 CAKE TINS PANTRY DESIGN,5,9.13,12055,United Kingdom
537120,SKU_72894,DOORMAT KEEP CALM AND COME IN,9,13.31,12055,United Kingdom
537121,SKU_11920,HEART OF WICKER SMALL,5,12.61,12056,United Kingdom
537121,SKU_32339,HEART OF WICKER LARGE,3,11.08,12056,United Kingdom
537121,SKU_86048,SET OF 6 SPICE TINS PANTRY DESIGN,11,13.47,12056,United Kingdom
537122,SKU_53682,WHITE HANGING HEART T-LIGHT HOLDER,12,3.96,12057,United Kingdom
537122,SKU_68307,CHARLOTTE BAG PINK POLKADOT,2,14.16,12057,United Kingdom
537122,SKU_16078,CHARLOTTE BAG SUKI DESIGN,3,8.7,12057,United Kingdom
537123,SKU_86048,SET OF 6 SPICE TINS PANTRY DESIGN,2,4.05,12058,United Kingdom
537123,SKU_09699,RECIPE BOX PANTRY DESIGN,2,7.55,12058,United Kingdom
537123,SKU_65048,PINK REGENCY TEACUP AND SAUCER,8,4.06,12058,United Kingdom
537123,SKU_31997,DOLLY GIRL LUNCH BOX,9,9.65,12058,United Kingdom
537123,SKU_49885,ASSORTED COLOUR BIRD ORNAMENT,10,8.19,12058,United Kingdom
537124,SKU_93482,SWEETHEART CERAMIC TRINKET BOX,10,12.73,12059,United Kingdom
537124,SKU_20773,LUNCH BAG RED RETROSPOT,10,12.02,12059,United Kingdom
537124,SKU_64311,CERAMIC STRAWBERRY CAKE STAND,1,4.84,12059,United Kingdom
537125,SKU_38752,ALARM CLOCK BAKELIKE GREEN,9,8.14,12060,United Kingdom
537125,SKU_02417,ALARM CLOCK BAKELIKE PINK,5,14.81,12060,United Kingdom
537125,SKU_92886,ALARM CLOCK BAKELIKE RED,5,5.01,12060,United Kingdom
537126,SKU_20773,LUNCH BAG RED RETROSPOT,8,3.57,12061,United Kingdom
537126,SKU_10696,VINTAGE HEADS AND HORNS WALL ART,2,12.09,12061,United Kingdom
537126,SKU_26130,PAPER CHAIN KIT 50S CHRISTMAS,11,5.59,12061,United Kingdom
537126,SKU_10322,PAPER CHAIN KIT VINTAGE CHRISTMAS,8,6.13,12061,United Kingdom
537126,SKU_59570,GARDENERS KNEELING PAD KEEP CALM,11,8.92,12061,United Kingdom
537127,SKU_15736,RED HANGING HEART T-LIGHT HOLDER,9,7.97,12062,United Kingdom
537127,SKU_26130,PAPER CHAIN KIT 50S CHRISTMAS,11,5.53,12062,United Kingdom
537127,SKU_32339,HEART OF WICKER LARGE,10,4.25,12062,United Kingdom
537128,SKU_06213,CHILLI LIGHTS,10,12.49,12063,United Kingdom
537128,SKU_10322,PAPER CHAIN KIT VINTAGE CHRISTMAS,12,5.09,12063,United Kingdom
537128,SKU_26130,PAPER CHAIN KIT 50S CHRISTMAS,5,7.98,12063,United Kingdom
537128,SKU_55418,JUMBO BAG PINK POLKADOT,5,6.53,12063,United Kingdom
537128,SKU_72894,DOORMAT KEEP CALM AND COME IN,5,6.01,12063,United Kingdom
537129,SKU_10696,VINTAGE HEADS AND HORNS WALL ART,7,1.33,12064,United Kingdom
537129,SKU_26130,PAPER CHAIN KIT 50S CHRISTMAS,7,2.04,12064,United Kingdom
537129,SKU_10322,PAPER CHAIN KIT VINTAGE CHRISTMAS,7,6.29,12064,United Kingdom
537130,SKU_92886,ALARM CLOCK BAKELIKE RED,1,12.91,12065,United Kingdom
537131,SKU_38752,ALARM CLOCK BAKELIKE GREEN,10,8.42,12066,United Kingdom
537131,SKU_51010,LUNCH BAG PINK POLKADOT,5,2.77,12066,United Kingdom
537131,SKU_93482,SWEETHEART CERAMIC TRINKET BOX,4,3.54,12066,United Kingdom
537131,SKU_80590,VICTORIAN GLASS HANGING T-LIGHT,12,8.09,12066,United Kingdom
537131,SKU_02417,ALARM CLOCK BAKELIKE PINK,12,9.7,12066,United Kingdom
537131,SKU_92886,ALARM CLOCK BAKELIKE RED,1,12.38,12066,United Kingdom
537132,SKU_94290,GREEN REGENCY TEACUP AND SAUCER,5,8.92,12067,United Kingdom
537132,SKU_68307,CHARLOTTE BAG PINK POLKADOT,8,14.41,12067,United Kingdom
537132,SKU_25782,WOODLAND CHARLOTTE BAG,2,7.97,12067,United Kingdom
537133,SKU_04128,MINI PAINT SET VINTAGE,5,9.43,12068,United Kingdom
537133,SKU_77748,STRAWBERRY CERAMIC TRINKET BOX,9,2.5,12068,United Kingdom
537134,SKU_29474,RETROSPOT GARDEN WATERING CAN,8,11.9,12069,United Kingdom
537134,SKU_11920,HEART OF WICKER SMALL,4,3.87,12069,United Kingdom
537134,SKU_03409,GARDENERS KNEELING PAD CUP OF TEA,8,4.49,12069,United Kingdom
537134,SKU_59570,GARDENERS KNEELING PAD KEEP CALM,6,6.0,12069,United Kingdom
537134,SKU_77748,STRAWBERRY CERAMIC TRINKET BOX,11,15.09,12069,United Kingdom
537135,SKU_29474,RETROSPOT GARDEN WATERING CAN,1,9.31,12070,United Kingdom
537135,SKU_38659,ROSES REGENCY TEACUP AND SAUCER,1,14.93,12070,United Kingdom
537135,SKU_59570,GARDENERS KNEELING PAD KEEP CALM,6,12.51,12070,United Kingdom
537135,SKU_74486,REGENCY CAKESTAND 3 TIER,8,5.28,12070,United Kingdom
537135,SKU_65048,PINK REGENCY TEACUP AND SAUCER,6,10.29,12070,United Kingdom
537135,SKU_72894,DOORMAT KEEP CALM AND COME IN,12,2.33,12070,United Kingdom
537136,SKU_03409,GARDENERS KNEELING PAD CUP OF TEA,9,13.31,12071,United Kingdom
537136,SKU_29474,RETROSPOT GARDEN WATERING CAN,2,9.43,12071,United Kingdom
537137,SKU_86048,SET OF 6 SPICE TINS PANTRY DESIGN,9,12.38,12072,United Kingdom
537137,SKU_85409,REGENCY TEAPOT,12,12.94,12072,United Kingdom
537137,SKU_09699,RECIPE BOX PANTRY DESIGN,7,13.92,12072,United Kingdom
537137,SKU_44719,JUMBO BAG RED RETROSPOT,7,9.44,12072,United Kingdom
537137,SKU_03409,GARDENERS KNEELING PAD CUP OF TEA,1,10.14,12072,United Kingdom
537137,SKU_10322,PAPER CHAIN KIT VINTAGE CHRISTMAS,7,1.52,12072,United Kingdom
537138,SKU_93482,SWEETHEART CERAMIC TRINKET BOX,10,10.86,12073,United Kingdom
537138,SKU_77748,STRAWBERRY CERAMIC TRINKET BOX,6,8.84,12073,United Kingdom
537139,SKU_86048,SET OF 6 SPICE TINS PANTRY DESIGN,3,4.19,12074,United Kingdom
537139,SKU_09699,RECIPE BOX PANTRY DESIGN,3,2.69,12074,United Kingdom
537139,SKU_89820,SET OF 3 CAKE TINS PANTRY DESIGN,9,9.83,12074,United Kingdom
537140,SKU_85409,REGENCY TEAPOT,6,13.66,12075,United Kingdom
537140,SKU_49885,ASSORTED COLOUR BIRD ORNAMENT,4,10.63,12075,United Kingdom
537141,SKU_51010,LUNCH BAG PINK POLKADOT,3,13.76,12076,United Kingdom
537141,SKU_20773,LUNCH BAG RED RETROSPOT,8,3.0,12076,United Kingdom
537141,SKU_22758,JUMBO BAG WOODLAND ANIMALS,7,1.61,12076,United Kingdom
537141,SKU_44719,JUMBO BAG RED RETROSPOT,12,13.42,12076,United Kingdom
537141,SKU_55418,JUMBO BAG PINK POLKADOT,4,6.67,12076,United Kingdom
537142,SKU_11920,HEART OF WICKER SMALL,2,15.06,12077,United Kingdom
537142,SKU_93482,SWEETHEART CERAMIC TRINKET BOX,9,14.26,12077,United Kingdom
537142,SKU_77748,STRAWBERRY CERAMIC TRINKET BOX,12,8.61,12077,United Kingdom
537143,SKU_86048,SET OF 6 SPICE TINS PANTRY DESIGN,7,3.97,12078,United Kingdom
537143,SKU_26130,PAPER CHAIN KIT 50S CHRISTMAS,2,12.65,12078,United Kingdom
537143,SKU_09699,RECIPE BOX PANTRY DESIGN,6,8.06,12078,United Kingdom
537144,SKU_15736,RED HANGING HEART T-LIGHT HOLDER,6,6.39,12079,United Kingdom
537144,SKU_68307,CHARLOTTE BAG PINK POLKADOT,5,13.17,12079,United Kingdom
537144,SKU_16078,CHARLOTTE BAG SUKI DESIGN,7,14.73,12079,United Kingdom
537144,SKU_64311,CERAMIC STRAWBERRY CAKE STAND,11,5.53,12079,United Kingdom
537145,SKU_93482,SWEETHEART CERAMIC TRINKET BOX,1,14.81,12080,United Kingdom
537146,SKU_38659,ROSES REGENCY TEACUP AND SAUCER,1,9.75,12081,United Kingdom
537146,SKU_10696,VINTAGE HEADS AND HORNS WALL ART,4,13.6,12081,United Kingdom
537146,SKU_26130,PAPER CHAIN KIT 50S CHRISTMAS,11,5.43,12081,United Kingdom
537146,SKU_32339,HEART OF WICKER LARGE,10,7.16,12081,United Kingdom
537146,SKU_94290,GREEN REGENCY TEACUP AND SAUCER,3,7.22,12081,United Kingdom
537147,SKU_29474,RETROSPOT GARDEN WATERING CAN,5,10.11,12082,United Kingdom
537147,SKU_38659,ROSES REGENCY TEACUP AND SAUCER,1,12.41,12082,United Kingdom
537147,SKU_11920,HEART OF WICKER SMALL,6,1.66,12082,United Kingdom
537147,SKU_03409,GARDENERS KNEELING PAD CUP OF TEA,8,1.74,12082,United Kingdom
537147,SKU_02417,ALARM CLOCK BAKELIKE PINK,3,14.27,12082,United Kingdom
537147,SKU_77748,STRAWBERRY CERAMIC TRINKET BOX,1,8.94,12082,United Kingdom
537148,SKU_85409,REGENCY TEAPOT,11,1.26,12083,United Kingdom
537148,SKU_53682,WHITE HANGING HEART T-LIGHT HOLDER,8,7.94,12083,United Kingdom
537148,SKU_68307,CHARLOTTE BAG PINK POLKADOT,5,3.08,12083,United Kingdom
537148,SKU_94290,GREEN REGENCY TEACUP AND SAUCER,11,8.94,12083,United Kingdom
537148,SKU_23059,PARTY BUNTING,10,10.78,12083,United Kingdom
537148,SKU_55418,JUMBO BAG PINK POLKADOT,2,8.06,12083,United Kingdom
537148,SKU_49885,ASSORTED COLOUR BIRD ORNAMENT,12,13.09,12083,United Kingdom
537149,SKU_38752,ALARM CLOCK BAKELIKE GREEN,4,4.47,12084,United Kingdom
537149,SKU_51010,LUNCH BAG PINK POLKADOT,3,11.65,12084,United Kingdom
537149,SKU_44719,JUMBO BAG RED RETROSPOT,5,5.93,12084,United Kingdom
537149,SKU_53682,WHITE HANGING HEART T-LIGHT HOLDER,8,10.77,12084,United Kingdom
537149,SKU_15736,RED HANGING HEART T-LIGHT HOLDER,9,8.62,12084,United Kingdom
537149,SKU_55418,JUMBO BAG PINK POLKADOT,5,12.08,12084,United Kingdom
537150,SKU_20773,LUNCH BAG RED RETROSPOT,3,10.29,12085,United Kingdom
537150,SKU_93482,SWEETHEART CERAMIC TRINKET BOX,4,3.56,12085,United Kingdom
537150,SKU_77748,STRAWBERRY CERAMIC TRINKET BOX,6,1.42,12085,United Kingdom
537150,SKU_74486,REGENCY CAKESTAND 3 TIER,8,8.14,12085,United Kingdom
537150,SKU_64311,CERAMIC STRAWBERRY CAKE STAND,6,3.93,12085,United Kingdom
537151,SKU_51010,LUNCH BAG PINK POLKADOT,8,10.1,12086,United Kingdom
537151,SKU_64311,CERAMIC STRAWBERRY CAKE STAND,9,7.52,12086,United Kingdom
537152,SKU_13714,HAND WARMER BIRD NEST,6,6.06,12087,United Kingdom
537153,SKU_15736,RED HANGING HEART T-LIGHT HOLDER,2,12.39,12088,United Kingdom
537153,SKU_10322,PAPER CHAIN KIT VINTAGE CHRISTMAS,7,10.4,12088,United Kingdom
537153,SKU_09699,RECIPE BOX PANTRY DESIGN,9,3.05,12088,United Kingdom
537153,SKU_25782,WOODLAND CHARLOTTE BAG,4,15.15,12088,United Kingdom
537154,SKU_80590,VICTORIAN GLASS HANGING T-LIGHT,4,11.7,12089,United Kingdom
537154,SKU_02417,ALARM CLOCK BAKELIKE PINK,6,8.74,12089,United Kingdom
537154,SKU_53682,WHITE HANGING HEART T-LIGHT HOLDER,3,9.27,12089,United Kingdom
537154,SKU_13714,HAND WARMER BIRD NEST,9,8.73,12089,United Kingdom
537154,SKU_03409,GARDENERS KNEELING PAD CUP OF TEA,9,6.42,12089,United Kingdom
537154,SKU_92886,ALARM CLOCK BAKELIKE RED,4,11.14,12089,United Kingdom
537154,SKU_89820,SET OF 3 CAKE TINS PANTRY DESIGN,9,3.63,12089,United Kingdom
537155,SKU_55418,JUMBO BAG PINK POLKADOT,5,1.95,12090,United Kingdom
537155,SKU_20773,LUNCH BAG RED RETROSPOT,7,5.48,12090,United Kingdom
537155,SKU_44719,JUMBO BAG RED RETROSPOT,9,15.1,12090,United Kingdom
537156,SKU_02417,ALARM CLOCK BAKELIKE PINK,7,12.45,12091,United Kingdom
537156,SKU_53682,WHITE HANGING HEART T-LIGHT HOLDER,11,7.22,12091,United Kingdom
537156,SKU_32339,HEART OF WICKER LARGE,10,4.01,12091,United Kingdom
537156,SKU_55418,JUMBO BAG PINK POLKADOT,6,2.26,12091,United Kingdom
537157,SKU_04128,MINI PAINT SET VINTAGE,11,2.92,12092,United Kingdom
537157,SKU_22758,JUMBO BAG WOODLAND ANIMALS,5,8.72,12092,United Kingdom
537157,SKU_44719,JUMBO BAG RED RETROSPOT,11,9.78,12092,United Kingdom
537157,SKU_77748,STRAWBERRY CERAMIC TRINKET BOX,4,10.66,12092,United Kingdom
537157,SKU_74486,REGENCY CAKESTAND 3 TIER,5,12.97,12092,United Kingdom
537158,SKU_94290,GREEN REGENCY TEACUP AND SAUCER,2,10.18,12093,United Kingdom
537158,SKU_68307,CHARLOTTE BAG PINK POLKADOT,7,9.59,12093,United Kingdom
537158,SKU_16078,CHARLOTTE BAG SUKI DESIGN,12,11.1,12093,United Kingdom
537158,SKU_09699,RECIPE BOX PANTRY DESIGN,8,12.06,12093,United Kingdom
537159,SKU_11920,HEART OF WICKER SMALL,7,2.06,12094,United Kingdom
537159,SKU_53682,WHITE HANGING HEART T-LIGHT HOLDER,2,13.58,12094,United Kingdom
537159,SKU_68307,CHARLOTTE BAG PINK POLKADOT,5,13.25,12094,United Kingdom
537159,SKU_29474,RETROSPOT GARDEN WATERING CAN,12,5.18,12094,United Kingdom
537160,SKU_03409,GARDENERS KNEELING PAD CUP OF TEA,2,1.43,12095,United Kingdom
537160,SKU_59570,GARDENERS KNEELING PAD KEEP CALM,12,12.74,12095,United Kingdom
537160,SKU_29474,RETROSPOT GARDEN WATERING CAN,4,9.6,12095,United Kingdom
537161,SKU_86048,SET OF 6 SPICE TINS PANTRY DESIGN,8,9.42,12096,United Kingdom
537161,SKU_93482,SWEETHEART CERAMIC TRINKET BOX,9,1.78,12096,United Kingdom
537161,SKU_11920,HEART OF WICKER SMALL,7,12.84,12096,United Kingdom
537161,SKU_53682,WHITE HANGING HEART T-LIGHT HOLDER,11,11.86,12096,United Kingdom
537161,SKU_23059,PARTY BUNTING,7,10.78,12096,United Kingdom
537161,SKU_77748,STRAWBERRY CERAMIC TRINKET BOX,1,4.33,12096,United Kingdom
537161,SKU_94290,GREEN REGENCY TEACUP AND SAUCER,3,1.59,12096,United Kingdom
537161,SKU_25782,WOODLAND CHARLOTTE BAG,6,2.66,12096,United Kingdom
537161,SKU_64311,CERAMIC STRAWBERRY CAKE STAND,7,12.68,12096,United Kingdom
537162,SKU_10696,VINTAGE HEADS AND HORNS WALL ART,6,15.12,12097,United Kingdom
537162,SKU_09699,RECIPE BOX PANTRY DESIGN,4,5.19,12097,United Kingdom
537163,SKU_55418,JUMBO BAG PINK POLKADOT,6,12.38,12098,United Kingdom
537163,SKU_31997,DOLLY GIRL LUNCH BOX,3,13.29,12098,United Kingdom
537163,SKU_80590,VICTORIAN GLASS HANGING T-LIGHT,2,6.01,12098,United Kingdom
537163,SKU_64311,CERAMIC STRAWBERRY CAKE STAND,10,8.92,12098,United Kingdom
537164,SKU_15736,RED HANGING HEART T-LIGHT HOLDER,11,7.04,12099,United Kingdom
537164,SKU_26130,PAPER CHAIN KIT 50S CHRISTMAS,10,8.33,12099,United Kingdom
537164,SKU_53682,WHITE HANGING HEART T-LIGHT HOLDER,3,12.03,12099,United Kingdom
537165,SKU_68307,CHARLOTTE BAG PINK POLKADOT,3,14.92,12100,United Kingdom
537165,SKU_16078,CHARLOTTE BAG SUKI DESIGN,6,1.48,12100,United Kingdom
537165,SKU_25782,WOODLAND CHARLOTTE BAG,4,9.54,12100,United Kingdom
537166,SKU_15736,RED HANGING HEART T-LIGHT HOLDER,2,2.54,12101,United Kingdom
537166,SKU_29474,RETROSPOT GARDEN WATERING CAN,10,14.28,12101,United Kingdom
537166,SKU_80590,VICTORIAN GLASS HANGING T-LIGHT,11,7.02,12101,United Kingdom
537167,SKU_10696,VINTAGE HEADS AND HORNS WALL ART,4,9.06,12102,United Kingdom
537167,SKU_02417,ALARM CLOCK BAKELIKE PINK,11,15.4,12102,United Kingdom
537167,SKU_26130,PAPER CHAIN KIT 50S CHRISTMAS,1,8.3,12102,United Kingdom
537167,SKU_10322,PAPER CHAIN KIT VINTAGE CHRISTMAS,12,15.26,12102,United Kingdom
537167,SKU_53682,WHITE HANGING HEART T-LIGHT HOLDER,4,13.72,12102,United Kingdom
537167,SKU_94290,GREEN REGENCY TEACUP AND SAUCER,8,10.48,12102,United Kingdom
537167,SKU_89820,SET OF 3 CAKE TINS PANTRY DESIGN,4,3.32,12102,United Kingdom
537168,SKU_85409,REGENCY TEAPOT,3,13.33,12103,United Kingdom
537168,SKU_38659,ROSES REGENCY TEACUP AND SAUCER,10,6.94,12103,United Kingdom
537168,SKU_94290,GREEN REGENCY TEACUP AND SAUCER,10,13.91,12103,United Kingdom
537168,SKU_74486,REGENCY CAKESTAND 3 TIER,7,11.89,12103,United Kingdom
537168,SKU_65048,PINK REGENCY TEACUP AND SAUCER,12,12.6,12103,United Kingdom
537169,SKU_38752,ALARM CLOCK BAKELIKE GREEN,6,8.95,12104,United Kingdom
537169,SKU_02417,ALARM CLOCK BAKELIKE PINK,2,14.9,12104,United Kingdom
537169,SKU_92886,ALARM CLOCK BAKELIKE RED,3,5.83,12104,United Kingdom
537170,SKU_15736,RED HANGING HEART T-LIGHT HOLDER,12,8.03,12105,United Kingdom
537170,SKU_13714,HAND WARMER BIRD NEST,6,2.74,12105,United Kingdom
537170,SKU_49885,ASSORTED COLOUR BIRD ORNAMENT,10,4.5,12105,United Kingdom
537171,SKU_29474,RETROSPOT GARDEN WATERING CAN,2,14.83,12106,United Kingdom
537171,SKU_59570,GARDENERS KNEELING PAD KEEP CALM,3,1.57,12106,United Kingdom
537171,SKU_68307,CHARLOTTE BAG PINK POLKADOT,8,9.22,12106,United Kingdom
537171,SKU_25782,WOODLAND CHARLOTTE BAG,1,14.02,12106,United Kingdom
537171,SKU_65048,PINK REGENCY TEACUP AND SAUCER,8,13.61,12106,United Kingdom
537172,SKU_10696,VINTAGE HEADS AND HORNS WALL ART,12,9.77,12107,United Kingdom
537172,SKU_10322,PAPER CHAIN KIT VINTAGE CHRISTMAS,7,11.29,12107,United Kingdom
537172,SKU_38659,ROSES REGENCY TEACUP AND SAUCER,3,15.3,12107,United Kingdom
537173,SKU_59570,GARDENERS KNEELING PAD KEEP CALM,3,12.17,12108,United Kingdom
537173,SKU_68307,CHARLOTTE BAG PINK POLKADOT,11,9.61,12108,United Kingdom
537173,SKU_16078,CHARLOTTE BAG SUKI DESIGN,1,15.09,12108,United Kingdom
537173,SKU_25782,WOODLAND CHARLOTTE BAG,1,11.4,12108,United Kingdom
537174,SKU_86048,SET OF 6 SPICE TINS PANTRY DESIGN,11,14.49,12109,United Kingdom
537174,SKU_38659,ROSES REGENCY TEACUP AND SAUCER,12,2.95,12109,United Kingdom
537174,SKU_22758,JUMBO BAG WOODLAND ANIMALS,2,2.59,12109,United Kingdom
537174,SKU_11920,HEART OF WICKER SMALL,7,9.43,12109,United Kingdom
537174,SKU_53682,WHITE HANGING HEART T-LIGHT HOLDER,11,6.77,12109,United Kingdom
537174,SKU_55418,JUMBO BAG PINK POLKADOT,7,6.68,12109,United Kingdom
537175,SKU_10322,PAPER CHAIN KIT VINTAGE CHRISTMAS,5,8.37,12110,United Kingdom
537175,SKU_26130,PAPER CHAIN KIT 50S CHRISTMAS,3,4.96,12110,United Kingdom
537175,SKU_68307,CHARLOTTE BAG PINK POLKADOT,4,4.48,12110,United Kingdom
537176,SKU_15736,RED HANGING HEART T-LIGHT HOLDER,10,2.12,12111,United Kingdom
537176,SKU_10322,PAPER CHAIN KIT VINTAGE CHRISTMAS,9,2.09,12111,United Kingdom
537176,SKU_38659,ROSES REGENCY TEACUP AND SAUCER,6,2.61,12111,United Kingdom
537177,SKU_03409,GARDENERS KNEELING PAD CUP OF TEA,10,6.59,12112,United Kingdom
537177,SKU_59570,GARDENERS KNEELING PAD KEEP CALM,2,14.87,12112,United Kingdom
537177,SKU_38659,ROSES REGENCY TEACUP AND SAUCER,4,10.32,12112,United Kingdom
537177,SKU_59297,POPCORN HOLDER,8,3.84,12112,United Kingdom
537178,SKU_10696,VINTAGE HEADS AND HORNS WALL ART,3,8.48,12113,United Kingdom
537178,SKU_59297,POPCORN HOLDER,8,1.68,12113,United Kingdom
537178,SKU_26130,PAPER CHAIN KIT 50S CHRISTMAS,1,14.58,12113,United Kingdom
537178,SKU_25782,WOODLAND CHARLOTTE BAG,2,12.75,12113,United Kingdom
537179,SKU_38752,ALARM CLOCK BAKELIKE GREEN,11,9.06,12114,United Kingdom
537179,SKU_51010,LUNCH BAG PINK POLKADOT,7,12.42,12114,United Kingdom
537179,SKU_29474,RETROSPOT GARDEN WATERING CAN,2,10.78,12114,United Kingdom
537179,SKU_03409,GARDENERS KNEELING PAD CUP OF TEA,2,6.07,12114,United Kingdom
537179,SKU_92886,ALARM CLOCK BAKELIKE RED,6,3.26,12114,United Kingdom
537179,SKU_55418,JUMBO BAG PINK POLKADOT,8,3.93,12114,United Kingdom
537180,SKU_26130,PAPER CHAIN KIT 50S CHRISTMAS,9,2.55,12115,United Kingdom
537180,SKU_10322,PAPER CHAIN KIT VINTAGE CHRISTMAS,11,5.82,12115,United Kingdom
537181,SKU_03409,GARDENERS KNEELING PAD CUP OF TEA,6,3.18,12116,United Kingdom
537181,SKU_29474,RETROSPOT GARDEN WATERING CAN,4,5.42,12116,United Kingdom
537181,SKU_59570,GARDENERS KNEELING PAD KEEP CALM,11,7.33,12116,United Kingdom
537182,SKU_15736,RED HANGING HEART T-LIGHT HOLDER,6,9.25,12117,United Kingdom
537182,SKU_53682,WHITE HANGING HEART T-LIGHT HOLDER,10,6.79,12117,United Kingdom
537182,SKU_32339,HEART OF WICKER LARGE,8,15.39,12117,United Kingdom
537183,SKU_65048,PINK REGENCY TEACUP AND SAUCER,4,14.74,12118,United Kingdom
537183,SKU_94290,GREEN REGENCY TEACUP AND SAUCER,5,13.96,12118,United Kingdom
537184,SKU_65048,PINK REGENCY TEACUP AND SAUCER,4,6.26,12119,United Kingdom
537184,SKU_93482,SWEETHEART CERAMIC TRINKET BOX,9,2.0,12119,United Kingdom
537184,SKU_22758,JUMBO BAG WOODLAND ANIMALS,11,13.7,12119,United Kingdom
537185,SKU_86048,SET OF 6 SPICE TINS PANTRY DESIGN,3,15.32,12120,United Kingdom
537185,SKU_51010,LUNCH BAG PINK POLKADOT,4,6.55,12120,United Kingdom
537185,SKU_22758,JUMBO BAG WOODLAND ANIMALS,7,1.89,12120,United Kingdom
537185,SKU_11920,HEART OF WICKER SMALL,3,9.78,12120,United Kingdom
537185,SKU_26130,PAPER CHAIN KIT 50S CHRISTMAS,10,10.78,12120,United Kingdom
537185,SKU_94290,GREEN REGENCY TEACUP AND SAUCER,7,10.95,12120,United Kingdom
537185,SKU_10322,PAPER CHAIN KIT VINTAGE CHRISTMAS,12,13.56,12120,United Kingdom
537185,SKU_74486,REGENCY CAKESTAND 3 TIER,11,5.66,12120,United Kingdom
537185,SKU_15736,RED HANGING HEART T-LIGHT HOLDER,11,11.75,12120,United Kingdom
537186,SKU_85409,REGENCY TEAPOT,11,11.08,12121,United Kingdom
537186,SKU_38659,ROSES REGENCY TEACUP AND SAUCER,2,10.34,12121,United Kingdom
537186,SKU_16078,CHARLOTTE BAG SUKI DESIGN,2,3.51,12121,United Kingdom
537186,SKU_94290,GREEN REGENCY TEACUP AND SAUCER,8,2.2,12121,United Kingdom
537186,SKU_74486,REGENCY CAKESTAND 3 TIER,9,5.92,12121,United Kingdom
537186,SKU_65048,PINK REGENCY TEACUP AND SAUCER,12,4.91,12121,United Kingdom
537187,SKU_09699,RECIPE BOX PANTRY DESIGN,2,9.16,12122,United Kingdom
537187,SKU_20773,LUNCH BAG RED RETROSPOT,8,4.11,12122,United Kingdom
537187,SKU_93482,SWEETHEART CERAMIC TRINKET BOX,9,15.44,12122,United Kingdom
537187,SKU_32339,HEART OF WICKER LARGE,8,8.07,12122,United Kingdom
537187,SKU_77748,STRAWBERRY CERAMIC TRINKET BOX,2,4.51,12122,United Kingdom
537187,SKU_64311,CERAMIC STRAWBERRY CAKE STAND,7,3.88,12122,United Kingdom
537188,SKU_86048,SET OF 6 SPICE TINS PANTRY DESIGN,4,12.2,12123,United Kingdom
537188,SKU_44719,JUMBO BAG RED RETROSPOT,12,5.78,12123,United Kingdom
537188,SKU_13714,HAND WARMER BIRD NEST,10,1.45,12123,United Kingdom
537188,SKU_94290,GREEN REGENCY TEACUP AND SAUCER,3,6.11,12123,United Kingdom
537188,SKU_77748,STRAWBERRY CERAMIC TRINKET BOX,5,14.39,12123,United Kingdom
537189,SKU_86048,SET OF 6 SPICE TINS PANTRY DESIGN,3,14.74,12124,United Kingdom
537189,SKU_09699,RECIPE BOX PANTRY DESIGN,9,2.16,12124,United Kingdom
537190,SKU_86048,SET OF 6 SPICE TINS PANTRY DESIGN,8,2.24,12125,United Kingdom
537190,SKU_09699,RECIPE BOX PANTRY DESIGN,4,9.82,12125,United Kingdom
537190,SKU_89820,SET OF 3 CAKE TINS PANTRY DESIGN,5,9.19,12125,United Kingdom
537191,SKU_85409,REGENCY TEAPOT,2,13.46,12126,United Kingdom
537191,SKU_22758,JUMBO BAG WOODLAND ANIMALS,11,1.75,12126,United Kingdom
537191,SKU_10696,VINTAGE HEADS AND HORNS WALL ART,9,2.3,12126,United Kingdom
537191,SKU_44719,JUMBO BAG RED RETROSPOT,11,12.99,12126,United Kingdom
537191,SKU_26130,PAPER CHAIN KIT 50S CHRISTMAS,8,14.61,12126,United Kingdom
537191,SKU_64311,CERAMIC STRAWBERRY CAKE STAND,11,6.75,12126,United Kingdom
537191,SKU_89820,SET OF 3 CAKE TINS PANTRY DESIGN,11,10.03,12126,United Kingdom
537191,SKU_49885,ASSORTED COLOUR BIRD ORNAMENT,8,14.22,12126,United Kingdom
537192,SKU_68307,CHARLOTTE BAG PINK POLKADOT,3,7.72,12127,United Kingdom
537192,SKU_16078,CHARLOTTE BAG SUKI DESIGN,6,4.44,12127,United Kingdom
537192,SKU_25782,WOODLAND CHARLOTTE BAG,5,10.33,12127,United Kingdom
537193,SKU_93482,SWEETHEART CERAMIC TRINKET BOX,12,13.79,12128,United Kingdom
537193,SKU_02417,ALARM CLOCK BAKELIKE PINK,4,15.32,12128,United Kingdom
537193,SKU_68307,CHARLOTTE BAG PINK POLKADOT,3,13.22,12128,United Kingdom
537193,SKU_77748,STRAWBERRY CERAMIC TRINKET BOX,6,4.22,12128,United Kingdom
537193,SKU_64311,CERAMIC STRAWBERRY CAKE STAND,7,7.25,12128,United Kingdom
537194,SKU_68307,CHARLOTTE BAG PINK POLKADOT,3,11.56,12129,United Kingdom
537194,SKU_16078,CHARLOTTE BAG SUKI DESIGN,4,4.76,12129,United Kingdom
537194,SKU_25782,WOODLAND CHARLOTTE BAG,12,3.97,12129,United Kingdom
537194,SKU_64311,CERAMIC STRAWBERRY CAKE STAND,4,14.76,12129,United Kingdom
537195,SKU_77748,STRAWBERRY CERAMIC TRINKET BOX,7,6.59,12130,United Kingdom
537195,SKU_80590,VICTORIAN GLASS HANGING T-LIGHT,5,4.29,12130,United Kingdom
537196,SKU_15736,RED HANGING HEART T-LIGHT HOLDER,4,4.34,12131,United Kingdom
537196,SKU_53682,WHITE HANGING HEART T-LIGHT HOLDER,9,13.93,12131,United Kingdom
537196,SKU_32339,HEART OF WICKER LARGE,11,6.73,12131,United Kingdom
537196,SKU_11920,HEART OF WICKER SMALL,9,7.4,12131,United Kingdom
537197,SKU_86048,SET OF 6 SPICE TINS PANTRY DESIGN,10,10.75,12132,United Kingdom
537198,SKU_51010,LUNCH BAG PINK POLKADOT,8,4.75,12133,United Kingdom
537198,SKU_20773,LUNCH BAG RED RETROSPOT,12,3.11,12133,United Kingdom
537198,SKU_22758,JUMBO BAG WOODLAND ANIMALS,8,5.76,12133,United Kingdom
537198,SKU_44719,JUMBO BAG RED RETROSPOT,10,8.81,12133,United Kingdom
537198,SKU_55418,JUMBO BAG PINK POLKADOT,11,13.73,12133,United Kingdom
537199,SKU_53682,WHITE HANGING HEART T-LIGHT HOLDER,1,5.97,12134,United Kingdom
537199,SKU_32339,HEART OF WICKER LARGE,2,5.71,12134,United Kingdom
537200,SKU_85409,REGENCY TEAPOT,5,5.57,12135,United Kingdom
537200,SKU_22758,JUMBO BAG WOODLAND ANIMALS,9,3.53,12135,United Kingdom
537200,SKU_26130,PAPER CHAIN KIT 50S CHRISTMAS,3,3.58,12135,United Kingdom
537200,SKU_25782,WOODLAND CHARLOTTE BAG,2,8.84,12135,United Kingdom
537200,SKU_55418,JUMBO BAG PINK POLKADOT,10,7.09,12135,United Kingdom
537201,SKU_16078,CHARLOTTE BAG SUKI DESIGN,11,14.72,12136,United Kingdom
537201,SKU_68307,CHARLOTTE BAG PINK POLKADOT,8,2.63,12136,United Kingdom
537201,SKU_25782,WOODLAND CHARLOTTE BAG,1,3.18,12136,United Kingdom
537202,SKU_93482,SWEETHEART CERAMIC TRINKET BOX,8,9.58,12137,United Kingdom
537202,SKU_77748,STRAWBERRY CERAMIC TRINKET BOX,3,7.62,12137,United Kingdom
537202,SKU_64311,CERAMIC STRAWBERRY CAKE STAND,1,15.08,12137,United Kingdom
537203,SKU_10322,PAPER CHAIN KIT VINTAGE CHRISTMAS,2,13.88,12138,United Kingdom
537204,SKU_55418,JUMBO BAG PINK POLKADOT,11,5.82,12139,United Kingdom
537204,SKU_20773,LUNCH BAG RED RETROSPOT,12,12.55,12139,United Kingdom
537204,SKU_22758,JUMBO BAG WOODLAND ANIMALS,2,6.3,12139,United Kingdom
537204,SKU_44719,JUMBO BAG RED RETROSPOT,8,1.48,12139,United Kingdom
537205,SKU_38659,ROSES REGENCY TEACUP AND SAUCER,1,5.14,12140,United Kingdom
537205,SKU_09699,RECIPE BOX PANTRY DESIGN,11,7.78,12140,United Kingdom
537205,SKU_02417,ALARM CLOCK BAKELIKE PINK,2,5.99,12140,United Kingdom
537205,SKU_10322,PAPER CHAIN KIT VINTAGE CHRISTMAS,1,3.11,12140,United Kingdom
537205,SKU_25782,WOODLAND CHARLOTTE BAG,10,1.4,12140,United Kingdom
537205,SKU_55418,JUMBO BAG PINK POLKADOT,10,1.52,12140,United Kingdom
537206,SKU_68307,CHARLOTTE BAG PINK POLKADOT,12,6.6,12141,United Kingdom
537206,SKU_25782,WOODLAND CHARLOTTE BAG,6,12.69,12141,United Kingdom
537206,SKU_16078,CHARLOTTE BAG SUKI DESIGN,7,7.05,12141,United Kingdom
537207,SKU_10696,VINTAGE HEADS AND HORNS WALL ART,11,2.46,12142,United Kingdom
537207,SKU_10322,PAPER CHAIN KIT VINTAGE CHRISTMAS,11,14.27,12142,United Kingdom
537207,SKU_26130,PAPER CHAIN KIT 50S CHRISTMAS,9,14.02,12142,United Kingdom
537207,SKU_32339,HEART OF WICKER LARGE,1,12.8,12142,United Kingdom
537208,SKU_15736,RED HANGING HEART T-LIGHT HOLDER,1,11.55,12143,United Kingdom
537208,SKU_85409,REGENCY TEAPOT,12,12.75,12143,United Kingdom
537208,SKU_86048,SET OF 6 SPICE TINS PANTRY DESIGN,10,2.25,12143,United Kingdom
537208,SKU_44719,JUMBO BAG RED RETROSPOT,10,10.17,12143,United Kingdom
537209,SKU_15736,RED HANGING HEART T-LIGHT HOLDER,10,2.99,12144,United Kingdom
537209,SKU_10322,PAPER CHAIN KIT VINTAGE CHRISTMAS,12,3.23,12144,United Kingdom
537210,SKU_53682,WHITE HANGING HEART T-LIGHT HOLDER,7,12.53,12145,United Kingdom
537210,SKU_22758,JUMBO BAG WOODLAND ANIMALS,4,4.25,12145,United Kingdom
537211,SKU_29474,RETROSPOT GARDEN WATERING CAN,10,11.31,12146,United Kingdom
537211,SKU_93482,SWEETHEART CERAMIC TRINKET BOX,8,5.35,12146,United Kingdom
537211,SKU_77748,STRAWBERRY CERAMIC TRINKET BOX,11,9.68,12146,United Kingdom
537211,SKU_64311,CERAMIC STRAWBERRY CAKE STAND,1,7.56,12146,United Kingdom
537212,SKU_15736,RED HANGING HEART T-LIGHT HOLDER,12,12.1,12147,United Kingdom
537212,SKU_29474,RETROSPOT GARDEN WATERING CAN,4,3.92,12147,United Kingdom
537212,SKU_32339,HEART OF WICKER LARGE,6,12.03,12147,United Kingdom
537212,SKU_11920,HEART OF WICKER SMALL,4,3.56,12147,United Kingdom
537213,SKU_38752,ALARM CLOCK BAKELIKE GREEN,12,4.68,12148,United Kingdom
537213,SKU_02417,ALARM CLOCK BAKELIKE PINK,1,10.58,12148,United Kingdom
537213,SKU_92886,ALARM CLOCK BAKELIKE RED,11,4.84,12148,United Kingdom
537213,SKU_10696,VINTAGE HEADS AND HORNS WALL ART,3,2.17,12148,United Kingdom
537214,SKU_10696,VINTAGE HEADS AND HORNS WALL ART,2,10.85,12149,United Kingdom
537214,SKU_10322,PAPER CHAIN KIT VINTAGE CHRISTMAS,12,7.6,12149,United Kingdom
537215,SKU_85409,REGENCY TEAPOT,10,4.99,12150,United Kingdom
537215,SKU_26130,PAPER CHAIN KIT 50S CHRISTMAS,6,7.67,12150,United Kingdom
537215,SKU_23059,PARTY BUNTING,12,12.81,12150,United Kingdom
537215,SKU_77748,STRAWBERRY CERAMIC TRINKET BOX,6,8.37,12150,United Kingdom
537216,SKU_03409,GARDENERS KNEELING PAD CUP OF TEA,6,14.41,12151,United Kingdom
537216,SKU_20773,LUNCH BAG RED RETROSPOT,7,7.86,12151,United Kingdom
537216,SKU_16078,CHARLOTTE BAG SUKI DESIGN,8,7.69,12151,United Kingdom
537216,SKU_44719,JUMBO BAG RED RETROSPOT,3,11.76,12151,United Kingdom
537217,SKU_85409,REGENCY TEAPOT,3,9.7,12152,United Kingdom
537217,SKU_22758,JUMBO BAG WOODLAND ANIMALS,3,4.34,12152,United Kingdom
537217,SKU_94290,GREEN REGENCY TEACUP AND SAUCER,1,6.83,12152,United Kingdom
537217,SKU_26130,PAPER CHAIN KIT 50S CHRISTMAS,3,5.11,12152,United Kingdom
537217,SKU_65048,PINK REGENCY TEACUP AND SAUCER,4,1.56,12152,United Kingdom
537218,SKU_38752,ALARM CLOCK BAKELIKE GREEN,7,7.45,12153,United Kingdom
537218,SKU_02417,ALARM CLOCK BAKELIKE PINK,3,8.19,12153,United Kingdom
537218,SKU_29474,RETROSPOT GARDEN WATERING CAN,11,2.1,12153,United Kingdom
537218,SKU_92886,ALARM CLOCK BAKELIKE RED,2,2.2,12153,United Kingdom
537219,SKU_87304,SPACEBOY LUNCH BOX,5,6.11,12154,United Kingdom
537219,SKU_16078,CHARLOTTE BAG SUKI DESIGN,6,12.75,12154,United Kingdom
537219,SKU_11920,HEART OF WICKER SMALL,3,6.52,12154,United Kingdom
537219,SKU_02417,ALARM CLOCK BAKELIKE PINK,8,2.15,12154,United Kingdom
537219,SKU_10322,PAPER CHAIN KIT VINTAGE CHRISTMAS,8,6.52,12154,United Kingdom
537219,SKU_68307,CHARLOTTE BAG PINK POLKADOT,4,4.23,12154,United Kingdom
537219,SKU_25782,WOODLAND CHARLOTTE BAG,6,11.06,12154,United Kingdom
537219,SKU_72894,DOORMAT KEEP CALM AND COME IN,6,10.28,12154,United Kingdom
537220,SKU_59297,POPCORN HOLDER,11,9.4,12155,United Kingdom
537220,SKU_26130,PAPER CHAIN KIT 50S CHRISTMAS,4,11.34,12155,United Kingdom
537220,SKU_20773,LUNCH BAG RED RETROSPOT,10,4.63,12155,United Kingdom
537220,SKU_92886,ALARM CLOCK BAKELIKE RED,4,8.21,12155,United Kingdom
537221,SKU_85409,REGENCY TEAPOT,2,7.66,12156,United Kingdom
537221,SKU_38659,ROSES REGENCY TEACUP AND SAUCER,4,12.53,12156,United Kingdom
537221,SKU_03409,GARDENERS KNEELING PAD CUP OF TEA,5,11.39,12156,United Kingdom
537221,SKU_53682,WHITE HANGING HEART T-LIGHT HOLDER,6,13.33,12156,United Kingdom
537221,SKU_74486,REGENCY CAKESTAND 3 TIER,1,8.0,12156,United Kingdom
537221,SKU_92886,ALARM CLOCK BAKELIKE RED,4,10.27,12156,United Kingdom
537221,SKU_65048,PINK REGENCY TEACUP AND SAUCER,6,6.33,12156,United Kingdom
537222,SKU_59570,GARDENERS KNEELING PAD KEEP CALM,8,15.29,12157,United Kingdom
537222,SKU_29474,RETROSPOT GARDEN WATERING CAN,10,13.84,12157,United Kingdom
537223,SKU_86048,SET OF 6 SPICE TINS PANTRY DESIGN,5,4.79,12158,United Kingdom
537223,SKU_13714,HAND WARMER BIRD NEST,7,7.28,12158,United Kingdom
537223,SKU_89820,SET OF 3 CAKE TINS PANTRY DESIGN,1,5.5,12158,United Kingdom
537223,SKU_20773,LUNCH BAG RED RETROSPOT,4,3.3,12158,United Kingdom
537224,SKU_93482,SWEETHEART CERAMIC TRINKET BOX,8,12.06,12159,United Kingdom
537224,SKU_44719,JUMBO BAG RED RETROSPOT,2,14.6,12159,United Kingdom
537224,SKU_23059,PARTY BUNTING,8,5.18,12159,United Kingdom
537224,SKU_64311,CERAMIC STRAWBERRY CAKE STAND,12,9.89,12159,United Kingdom
537225,SKU_51010,LUNCH BAG PINK POLKADOT,3,5.74,12160,United Kingdom
537225,SKU_20773,LUNCH BAG RED RETROSPOT,12,6.59,12160,United Kingdom
537225,SKU_44719,JUMBO BAG RED RETROSPOT,1,10.21,12160,United Kingdom
537225,SKU_77748,STRAWBERRY CERAMIC TRINKET BOX,11,5.87,12160,United Kingdom
537225,SKU_55418,JUMBO BAG PINK POLKADOT,3,5.9,12160,United Kingdom
537226,SKU_38752,ALARM CLOCK BAKELIKE GREEN,3,3.41,12161,United Kingdom
537226,SKU_59297,POPCORN HOLDER,9,3.58,12161,United Kingdom
537226,SKU_85409,REGENCY TEAPOT,12,4.6,12161,United Kingdom
537226,SKU_03409,GARDENERS KNEELING PAD CUP OF TEA,6,15.11,12161,United Kingdom
537226,SKU_32339,HEART OF WICKER LARGE,6,2.41,12161,United Kingdom
537227,SKU_11920,HEART OF WICKER SMALL,7,11.15,12162,United Kingdom
537227,SKU_53682,WHITE HANGING HEART T-LIGHT HOLDER,9,12.98,12162,United Kingdom
537227,SKU_32339,HEART OF WICKER LARGE,4,7.64,12162,United Kingdom
537227,SKU_06213,CHILLI LIGHTS,2,12.12,12162,United Kingdom
537228,SKU_86048,SET OF 6 SPICE TINS PANTRY DESIGN,1,1.85,12163,United Kingdom
537228,SKU_85409,REGENCY TEAPOT,4,14.79,12163,United Kingdom
537229,SKU_10322,PAPER CHAIN KIT VINTAGE CHRISTMAS,9,12.16,12164,United Kingdom
537229,SKU_38659,ROSES REGENCY TEACUP AND SAUCER,8,1.59,12164,United Kingdom
537229,SKU_31997,DOLLY GIRL LUNCH BOX,12,11.18,12164,United Kingdom
537230,SKU_85409,REGENCY TEAPOT,10,13.81,12165,United Kingdom
537230,SKU_16078,CHARLOTTE BAG SUKI DESIGN,9,14.05,12165,United Kingdom
537230,SKU_53682,WHITE HANGING HEART T-LIGHT HOLDER,3,6.91,12165,United Kingdom
537230,SKU_74486,REGENCY CAKESTAND 3 TIER,3,8.89,12165,United Kingdom
537230,SKU_65048,PINK REGENCY TEACUP AND SAUCER,11,11.86,12165,United Kingdom
537231,SKU_03409,GARDENERS KNEELING PAD CUP OF TEA,4,12.0,12166,United Kingdom
537231,SKU_29474,RETROSPOT GARDEN WATERING CAN,5,6.02,12166,United Kingdom
537231,SKU_59570,GARDENERS KNEELING PAD KEEP CALM,6,14.05,12166,United Kingdom
537232,SKU_38752,ALARM CLOCK BAKELIKE GREEN,4,3.88,12167,United Kingdom
537232,SKU_02417,ALARM CLOCK BAKELIKE PINK,1,6.77,12167,United Kingdom
537232,SKU_92886,ALARM CLOCK BAKELIKE RED,2,11.84,12167,United Kingdom
537233,SKU_02417,ALARM CLOCK BAKELIKE PINK,11,4.3,12168,United Kingdom
537234,SKU_38752,ALARM CLOCK BAKELIKE GREEN,10,13.94,12169,United Kingdom
537234,SKU_02417,ALARM CLOCK BAKELIKE PINK,5,4.34,12169,United Kingdom
537234,SKU_92886,ALARM CLOCK BAKELIKE RED,1,5.67,12169,United Kingdom
537235,SKU_51010,LUNCH BAG PINK POLKADOT,12,5.91,12170,United Kingdom
537235,SKU_55418,JUMBO BAG PINK POLKADOT,7,9.83,12170,United Kingdom
537235,SKU_20773,LUNCH BAG RED RETROSPOT,3,14.37,12170,United Kingdom
537235,SKU_22758,JUMBO BAG WOODLAND ANIMALS,8,9.24,12170,United Kingdom
537236,SKU_09699,RECIPE BOX PANTRY DESIGN,1,13.4,12171,United Kingdom
537236,SKU_89820,SET OF 3 CAKE TINS PANTRY DESIGN,10,1.96,12171,United Kingdom
537237,SKU_38752,ALARM CLOCK BAKELIKE GREEN,7,11.63,12172,United Kingdom
537237,SKU_02417,ALARM CLOCK BAKELIKE PINK,3,2.64,12172,United Kingdom
537238,SKU_86048,SET OF 6 SPICE TINS PANTRY DESIGN,1,14.05,12173,United Kingdom
537238,SKU_94290,GREEN REGENCY TEACUP AND SAUCER,5,3.27,12173,United Kingdom
537238,SKU_09699,RECIPE BOX PANTRY DESIGN,8,14.5,12173,United Kingdom
537238,SKU_89820,SET OF 3 CAKE TINS PANTRY DESIGN,4,2.96,12173,United Kingdom
537239,SKU_04128,MINI PAINT SET VINTAGE,12,11.11,12174,United Kingdom
537239,SKU_85409,REGENCY TEAPOT,4,2.18,12174,United Kingdom
537239,SKU_38659,ROSES REGENCY TEACUP AND SAUCER,11,6.63,12174,United Kingdom
537239,SKU_16078,CHARLOTTE BAG SUKI DESIGN,1,8.34,12174,United Kingdom
537239,SKU_94290,GREEN REGENCY TEACUP AND SAUCER,8,7.13,12174,United Kingdom
537239,SKU_74486,REGENCY CAKESTAND 3 TIER,1,9.47,12174,United Kingdom
537239,SKU_92886,ALARM CLOCK BAKELIKE RED,1,10.61,12174,United Kingdom
537239,SKU_65048,PINK REGENCY TEACUP AND SAUCER,5,11.37,12174,United Kingdom
537240,SKU_86048,SET OF 6 SPICE TINS PANTRY DESIGN,11,1.88,12175,United Kingdom
537240,SKU_09699,RECIPE BOX PANTRY DESIGN,10,13.15,12175,United Kingdom
537240,SKU_89820,SET OF 3 CAKE TINS PANTRY DESIGN,7,9.21,12175,United Kingdom
537240,SKU_16078,CHARLOTTE BAG SUKI DESIGN,12,8.21,12175,United Kingdom
537241,SKU_85409,REGENCY TEAPOT,8,12.95,12176,United Kingdom
537241,SKU_94290,GREEN REGENCY TEACUP AND SAUCER,9,3.59,12176,United Kingdom
537241,SKU_38659,ROSES REGENCY TEACUP AND SAUCER,11,14.1,12176,United Kingdom
537241,SKU_74486,REGENCY CAKESTAND 3 TIER,12,9.1,12176,United Kingdom
537242,SKU_29474,RETROSPOT GARDEN WATERING CAN,11,8.98,12177,United Kingdom
537242,SKU_10696,VINTAGE HEADS AND HORNS WALL ART,6,14.95,12177,United Kingdom
537242,SKU_44719,JUMBO BAG RED RETROSPOT,2,9.83,12177,United Kingdom
537242,SKU_10322,PAPER CHAIN KIT VINTAGE CHRISTMAS,3,5.99,12177,United Kingdom
537242,SKU_26130,PAPER CHAIN KIT 50S CHRISTMAS,6,10.45,12177,United Kingdom
537243,SKU_10696,VINTAGE HEADS AND HORNS WALL ART,11,13.11,12178,United Kingdom
537243,SKU_03409,GARDENERS KNEELING PAD CUP OF TEA,3,13.38,12178,United Kingdom
537243,SKU_59570,GARDENERS KNEELING PAD KEEP CALM,10,3.24,12178,United Kingdom
537243,SKU_31997,DOLLY GIRL LUNCH BOX,4,13.0,12178,United Kingdom
537244,SKU_59297,POPCORN HOLDER,3,11.79,12179,United Kingdom
537244,SKU_29474,RETROSPOT GARDEN WATERING CAN,11,11.36,12179,United Kingdom
537244,SKU_77748,STRAWBERRY CERAMIC TRINKET BOX,6,8.22,12179,United Kingdom
537244,SKU_64311,CERAMIC STRAWBERRY CAKE STAND,6,11.68,12179,United Kingdom
537245,SKU_10696,VINTAGE HEADS AND HORNS WALL ART,4,10.38,12180,United Kingdom
537245,SKU_15736,RED HANGING HEART T-LIGHT HOLDER,8,3.47,12180,United Kingdom
537245,SKU_64311,CERAMIC STRAWBERRY CAKE STAND,12,14.01,12180,United Kingdom
537246,SKU_38659,ROSES REGENCY TEACUP AND SAUCER,11,2.63,12181,United Kingdom
537246,SKU_93482,SWEETHEART CERAMIC TRINKET BOX,4,1.58,12181,United Kingdom
537246,SKU_02417,ALARM CLOCK BAKELIKE PINK,1,5.46,12181,United Kingdom
537246,SKU_65048,PINK REGENCY TEACUP AND SAUCER,4,3.9,12181,United Kingdom
537246,SKU_49885,ASSORTED COLOUR BIRD ORNAMENT,11,2.27,12181,United Kingdom
537247,SKU_11920,HEART OF WICKER SMALL,7,6.59,12182,United Kingdom
537247,SKU_32339,HEART OF WICKER LARGE,5,7.36,12182,United Kingdom
537247,SKU_15736,RED HANGING HEART T-LIGHT HOLDER,10,14.35,12182,United Kingdom
537247,SKU_38752,ALARM CLOCK BAKELIKE GREEN,11,10.01,12182,United Kingdom
537248,SKU_68307,CHARLOTTE BAG PINK POLKADOT,6,1.69,12183,United Kingdom
537248,SKU_25782,WOODLAND CHARLOTTE BAG,12,8.0,12183,United Kingdom
537249,SKU_04128,MINI PAINT SET VINTAGE,8,4.84,12184,United Kingdom
537249,SKU_29474,RETROSPOT GARDEN WATERING CAN,2,2.43,12184,United Kingdom
537249,SKU_10696,VINTAGE HEADS AND HORNS WALL ART,12,13.09,12184,United Kingdom
537249,SKU_93482,SWEETHEART CERAMIC TRINKET BOX,11,14.39,12184,United Kingdom
537249,SKU_16078,CHARLOTTE BAG SUKI DESIGN,8,6.66,12184,United Kingdom
537249,SKU_15736,RED HANGING HEART T-LIGHT HOLDER,6,4.69,12184,United Kingdom
537250,SKU_02417,ALARM CLOCK BAKELIKE PINK,11,12.38,12185,United Kingdom
537250,SKU_51010,LUNCH BAG PINK POLKADOT,9,7.58,12185,United Kingdom
537250,SKU_77748,STRAWBERRY CERAMIC TRINKET BOX,9,3.83,12185,United Kingdom
537250,SKU_25782,WOODLAND CHARLOTTE BAG,5,11.18,12185,United Kingdom
537251,SKU_03409,GARDENERS KNEELING PAD CUP OF TEA,3,14.11,12186,United Kingdom
537251,SKU_59570,GARDENERS KNEELING PAD KEEP CALM,5,13.41,12186,United Kingdom
537251,SKU_29474,RETROSPOT GARDEN WATERING CAN,1,5.39,12186,United Kingdom
537252,SKU_06213,CHILLI LIGHTS,3,12.26,12187,United Kingdom
537252,SKU_11920,HEART OF WICKER SMALL,1,5.56,12187,United Kingdom
537252,SKU_53682,WHITE HANGING HEART T-LIGHT HOLDER,4,6.1,12187,United Kingdom
537252,SKU_32339,HEART OF WICKER LARGE,11,9.57,12187,United Kingdom
537252,SKU_74486,REGENCY CAKESTAND 3 TIER,8,4.51,12187,United Kingdom
537252,SKU_15736,RED HANGING HEART T-LIGHT HOLDER,8,12.77,12187,United Kingdom
537253,SKU_65048,PINK REGENCY TEACUP AND SAUCER,1,11.34,12188,United Kingdom
537253,SKU_55418,JUMBO BAG PINK POLKADOT,12,6.5,12188,United Kingdom
537253,SKU_68307,CHARLOTTE BAG PINK POLKADOT,9,2.77,12188,United Kingdom
537254,SKU_38752,ALARM CLOCK BAKELIKE GREEN,9,14.35,12189,United Kingdom
537254,SKU_02417,ALARM CLOCK BAKELIKE PINK,3,2.97,12189,United Kingdom
537254,SKU_92886,ALARM CLOCK BAKELIKE RED,3,2.48,12189,United Kingdom
537254,SKU_64311,CERAMIC STRAWBERRY CAKE STAND,3,10.72,12189,United Kingdom
537255,SKU_03409,GARDENERS KNEELING PAD CUP OF TEA,2,15.08,12190,United Kingdom
537255,SKU_29474,RETROSPOT GARDEN WATERING CAN,11,3.89,12190,United Kingdom
537255,SKU_59570,GARDENERS KNEELING PAD KEEP CALM,7,2.9,12190,United Kingdom
537256,SKU_86048,SET OF 6 SPICE TINS PANTRY DESIGN,1,6.55,12191,United Kingdom
537256,SKU_89820,SET OF 3 CAKE TINS PANTRY DESIGN,9,12.48,12191,United Kingdom
537256,SKU_64311,CERAMIC STRAWBERRY CAKE STAND,2,8.73,12191,United Kingdom
537257,SKU_03409,GARDENERS KNEELING PAD CUP OF TEA,6,14.37,12192,United Kingdom
537257,SKU_59570,GARDENERS KNEELING PAD KEEP CALM,8,12.67,12192,United Kingdom
537258,SKU_85409,REGENCY TEAPOT,3,10.76,12193,United Kingdom
537258,SKU_29474,RETROSPOT GARDEN WATERING CAN,9,3.32,12193,United Kingdom
537258,SKU_16078,CHARLOTTE BAG SUKI DESIGN,2,8.06,12193,United Kingdom
537258,SKU_68307,CHARLOTTE BAG PINK POLKADOT,2,9.32,12193,United Kingdom
537258,SKU_25782,WOODLAND CHARLOTTE BAG,4,10.18,12193,United Kingdom
537259,SKU_10696,VINTAGE HEADS AND HORNS WALL ART,1,3.99,12194,United Kingdom
537259,SKU_10322,PAPER CHAIN KIT VINTAGE CHRISTMAS,12,14.51,12194,United Kingdom
537259,SKU_77748,STRAWBERRY CERAMIC TRINKET BOX,7,7.66,12194,United Kingdom
537259,SKU_64311,CERAMIC STRAWBERRY CAKE STAND,4,11.92,12194,United Kingdom
537260,SKU_38752,ALARM CLOCK BAKELIKE GREEN,2,11.29,12195,United Kingdom
537260,SKU_85409,REGENCY TEAPOT,3,12.26,12195,United Kingdom
537260,SKU_29474,RETROSPOT GARDEN WATERING CAN,1,6.52,12195,United Kingdom
537260,SKU_38659,ROSES REGENCY TEACUP AND SAUCER,7,5.25,12195,United Kingdom
537260,SKU_80590,VICTORIAN GLASS HANGING T-LIGHT,11,12.75,12195,United Kingdom
537260,SKU_03409,GARDENERS KNEELING PAD CUP OF TEA,6,5.57,12195,United Kingdom
537260,SKU_59570,GARDENERS KNEELING PAD KEEP CALM,9,9.88,12195,United Kingdom
537261,SKU_93482,SWEETHEART CERAMIC TRINKET BOX,10,10.67,12196,United Kingdom
537261,SKU_59570,GARDENERS KNEELING PAD KEEP CALM,10,3.21,12196,United Kingdom
537261,SKU_23059,PARTY BUNTING,6,2.55,12196,United Kingdom
537261,SKU_04128,MINI PAINT SET VINTAGE,8,15.15,12196,United Kingdom
537262,SKU_11920,HEART OF WICKER SMALL,10,8.57,12197,United Kingdom
537262,SKU_32339,HEART OF WICKER LARGE,6,14.46,12197,United Kingdom
537262,SKU_15736,RED HANGING HEART T-LIGHT HOLDER,6,14.18,12197,United Kingdom
537263,SKU_10696,VINTAGE HEADS AND HORNS WALL ART,12,5.45,12198,United Kingdom
537263,SKU_87304,SPACEBOY LUNCH BOX,11,11.03,12198,United Kingdom
537263,SKU_10322,PAPER CHAIN KIT VINTAGE CHRISTMAS,12,8.98,12198,United Kingdom
537263,SKU_26130,PAPER CHAIN KIT 50S CHRISTMAS,6,4.16,12198,United Kingdom
537263,SKU_32339,HEART OF WICKER LARGE,8,9.54,12198,United Kingdom
537263,SKU_64311,CERAMIC STRAWBERRY CAKE STAND,3,2.92,12198,United Kingdom
537264,SKU_89820,SET OF 3 CAKE TINS PANTRY DESIGN,11,12.79,12199,United Kingdom
537264,SKU_31997,DOLLY GIRL LUNCH BOX,6,4.75,12199,United Kingdom
537264,SKU_22758,JUMBO BAG WOODLAND ANIMALS,8,11.47,12199,United Kingdom
537265,SKU_11920,HEART OF WICKER SMALL,7,1.3,12200,United Kingdom
537265,SKU_10322,PAPER CHAIN KIT VINTAGE CHRISTMAS,4,12.82,12200,United Kingdom
537265,SKU_64311,CERAMIC STRAWBERRY CAKE STAND,5,14.47,12200,United Kingdom
537266,SKU_03409,GARDENERS KNEELING PAD CUP OF TEA,5,1.98,12201,United Kingdom
537266,SKU_29474,RETROSPOT GARDEN WATERING CAN,7,10.2,12201,United Kingdom
537266,SKU_59570,GARDENERS KNEELING PAD KEEP CALM,8,9.73,12201,United Kingdom
537267,SKU_93482,SWEETHEART CERAMIC TRINKET BOX,2,5.2,12202,United Kingdom
537267,SKU_77748,STRAWBERRY CERAMIC TRINKET BOX,9,8.88,12202,United Kingdom
537267,SKU_74486,REGENCY CAKESTAND 3 TIER,3,12.42,12202,United Kingdom
537267,SKU_64311,CERAMIC STRAWBERRY CAKE STAND,12,11.04,12202,United Kingdom
537268,SKU_86048,SET OF 6 SPICE TINS PANTRY DESIGN,3,1.58,12203,United Kingdom
537268,SKU_02417,ALARM CLOCK BAKELIKE PINK,10,5.76,12203,United Kingdom
537268,SKU_94290,GREEN REGENCY TEACUP AND SAUCER,4,3.7,12203,United Kingdom
537268,SKU_74486,REGENCY CAKESTAND 3 TIER,7,4.14,12203,United Kingdom
537268,SKU_92886,ALARM CLOCK BAKELIKE RED,10,1.5,12203,United Kingdom
537268,SKU_89820,SET OF 3 CAKE TINS PANTRY DESIGN,3,2.55,12203,United Kingdom
537269,SKU_04128,MINI PAINT SET VINTAGE,10,13.36,12204,United Kingdom
537269,SKU_09699,RECIPE BOX PANTRY DESIGN,8,4.29,12204,United Kingdom
537269,SKU_11920,HEART OF WICKER SMALL,2,13.32,12204,United Kingdom
537269,SKU_77748,STRAWBERRY CERAMIC TRINKET BOX,7,11.4,12204,United Kingdom
537269,SKU_92886,ALARM CLOCK BAKELIKE RED,8,3.39,12204,United Kingdom
537269,SKU_55418,JUMBO BAG PINK POLKADOT,7,13.37,12204,United Kingdom
537270,SKU_29474,RETROSPOT GARDEN WATERING CAN,6,5.84,12205,United Kingdom
537270,SKU_72894,DOORMAT KEEP CALM AND COME IN,8,8.48,12205,United Kingdom
537270,SKU_92886,ALARM CLOCK BAKELIKE RED,7,13.19,12205,United Kingdom
537271,SKU_10696,VINTAGE HEADS AND HORNS WALL ART,3,12.48,12206,United Kingdom
537271,SKU_26130,PAPER CHAIN KIT 50S CHRISTMAS,4,4.36,12206,United Kingdom
537271,SKU_93482,SWEETHEART CERAMIC TRINKET BOX,6,7.02,12206,United Kingdom
537272,SKU_38752,ALARM CLOCK BAKELIKE GREEN,1,11.03,12207,United Kingdom
537272,SKU_02417,ALARM CLOCK BAKELIKE PINK,10,4.73,12207,United Kingdom
537273,SKU_38659,ROSES REGENCY TEACUP AND SAUCER,4,5.08,12208,United Kingdom
537273,SKU_10696,VINTAGE HEADS AND HORNS WALL ART,5,8.07,12208,United Kingdom
537273,SKU_53682,WHITE HANGING HEART T-LIGHT HOLDER,3,4.37,12208,United Kingdom
537273,SKU_68307,CHARLOTTE BAG PINK POLKADOT,10,10.44,12208,United Kingdom
537273,SKU_25782,WOODLAND CHARLOTTE BAG,10,8.82,12208,United Kingdom
537274,SKU_85409,REGENCY TEAPOT,2,10.02,12209,United Kingdom
537274,SKU_38659,ROSES REGENCY TEACUP AND SAUCER,9,1.96,12209,United Kingdom
537274,SKU_94290,GREEN REGENCY TEACUP AND SAUCER,2,8.73,12209,United Kingdom
537274,SKU_74486,REGENCY CAKESTAND 3 TIER,5,7.71,12209,United Kingdom
537274,SKU_65048,PINK REGENCY TEACUP AND SAUCER,5,3.27,12209,United Kingdom
537275,SKU_20773,LUNCH BAG RED RETROSPOT,9,2.2,12210,United Kingdom
537275,SKU_22758,JUMBO BAG WOODLAND ANIMALS,2,10.1,12210,United Kingdom
537275,SKU_44719,JUMBO BAG RED RETROSPOT,10,10.58,12210,United Kingdom
537276,SKU_86048,SET OF 6 SPICE TINS PANTRY DESIGN,2,5.08,12211,United Kingdom
537276,SKU_85409,REGENCY TEAPOT,3,8.86,12211,United Kingdom
537276,SKU_09699,RECIPE BOX PANTRY DESIGN,8,9.14,12211,United Kingdom
537276,SKU_22758,JUMBO BAG WOODLAND ANIMALS,6,11.56,12211,United Kingdom
537276,SKU_68307,CHARLOTTE BAG PINK POLKADOT,3,8.85,12211,United Kingdom
537277,SKU_38659,ROSES REGENCY TEACUP AND SAUCER,1,7.93,12212,United Kingdom
537277,SKU_94290,GREEN REGENCY TEACUP AND SAUCER,3,4.7,12212,United Kingdom
537277,SKU_74486,REGENCY CAKESTAND 3 TIER,10,13.14,12212,United Kingdom
537277,SKU_65048,PINK REGENCY TEACUP AND SAUCER,10,12.41,12212,United Kingdom
537277,SKU_55418,JUMBO BAG PINK POLKADOT,8,4.75,12212,United Kingdom
537278,SKU_15736,RED HANGING HEART T-LIGHT HOLDER,7,3.19,12213,United Kingdom
537278,SKU_53682,WHITE HANGING HEART T-LIGHT HOLDER,5,7.82,12213,United Kingdom
537278,SKU_32339,HEART OF WICKER LARGE,8,10.9,12213,United Kingdom
537278,SKU_11920,HEART OF WICKER SMALL,7,9.09,12213,United Kingdom
537279,SKU_29474,RETROSPOT GARDEN WATERING CAN,2,9.86,12214,United Kingdom
537279,SKU_38659,ROSES REGENCY TEACUP AND SAUCER,7,6.7,12214,United Kingdom
537279,SKU_03409,GARDENERS KNEELING PAD CUP OF TEA,5,6.57,12214,United Kingdom
537279,SKU_10322,PAPER CHAIN KIT VINTAGE CHRISTMAS,6,8.19,12214,United Kingdom
537279,SKU_23059,PARTY BUNTING,1,4.32,12214,United Kingdom
537279,SKU_64311,CERAMIC STRAWBERRY CAKE STAND,11,11.94,12214,United Kingdom
537279,SKU_55418,JUMBO BAG PINK POLKADOT,8,13.58,12214,United Kingdom
537279,SKU_72894,DOORMAT KEEP CALM AND COME IN,12,3.24,12214,United Kingdom
537280,SKU_86048,SET OF 6 SPICE TINS PANTRY DESIGN,12,7.88,12215,United Kingdom
537280,SKU_93482,SWEETHEART CERAMIC TRINKET BOX,4,7.85,12215,United Kingdom
537280,SKU_44719,JUMBO BAG RED RETROSPOT,7,14.92,12215,United Kingdom
537281,SKU_51010,LUNCH BAG PINK POLKADOT,11,13.68,12216,United Kingdom
537281,SKU_68307,CHARLOTTE BAG PINK POLKADOT,2,9.77,12216,United Kingdom
537281,SKU_22758,JUMBO BAG WOODLAND ANIMALS,6,12.95,12216,United Kingdom
537282,SKU_85409,REGENCY TEAPOT,9,3.61,12217,United Kingdom
537282,SKU_38659,ROSES REGENCY TEACUP AND SAUCER,2,3.33,12217,United Kingdom
537282,SKU_94290,GREEN REGENCY TEACUP AND SAUCER,12,9.25,12217,United Kingdom
537282,SKU_74486,REGENCY CAKESTAND 3 TIER,1,1.6,12217,United Kingdom
537282,SKU_65048,PINK REGENCY TEACUP AND SAUCER,4,10.24,12217,United Kingdom
537283,SKU_68307,CHARLOTTE BAG PINK POLKADOT,10,5.9,12218,United Kingdom
537283,SKU_16078,CHARLOTTE BAG SUKI DESIGN,6,1.98,12218,United Kingdom
537283,SKU_25782,WOODLAND CHARLOTTE BAG,9,9.6,12218,United Kingdom
537284,SKU_59297,POPCORN HOLDER,2,10.04,12219,United Kingdom
537284,SKU_93482,SWEETHEART CERAMIC TRINKET BOX,5,6.87,12219,United Kingdom
537284,SKU_80590,VICTORIAN GLASS HANGING T-LIGHT,1,1.88,12219,United Kingdom
537284,SKU_44719,JUMBO BAG RED RETROSPOT,1,14.84,12219,United Kingdom
537284,SKU_94290,GREEN REGENCY TEACUP AND SAUCER,4,7.21,12219,United Kingdom
537284,SKU_68307,CHARLOTTE BAG PINK POLKADOT,4,7.2,12219,United Kingdom
537284,SKU_25782,WOODLAND CHARLOTTE BAG,3,7.33,12219,United Kingdom
537284,SKU_55418,JUMBO BAG PINK POLKADOT,10,4.89,12219,United Kingdom
537284,SKU_31997,DOLLY GIRL LUNCH BOX,4,1.26,12219,United Kingdom
537285,SKU_85409,REGENCY TEAPOT,11,8.28,12220,United Kingdom
537285,SKU_38659,ROSES REGENCY TEACUP AND SAUCER,2,10.79,12220,United Kingdom
537285,SKU_74486,REGENCY CAKESTAND 3 TIER,6,10.04,12220,United Kingdom
537285,SKU_65048,PINK REGENCY TEACUP AND SAUCER,6,13.37,12220,United Kingdom
537285,SKU_55418,JUMBO BAG PINK POLKADOT,5,9.47,12220,United Kingdom
537286,SKU_10696,VINTAGE HEADS AND HORNS WALL ART,10,12.34,12221,United Kingdom
537286,SKU_10322,PAPER CHAIN KIT VINTAGE CHRISTMAS,4,4.47,12221,United Kingdom
537286,SKU_26130,PAPER CHAIN KIT 50S CHRISTMAS,1,7.43,12221,United Kingdom
537287,SKU_29474,RETROSPOT GARDEN WATERING CAN,2,12.99,12222,United Kingdom
537287,SKU_09699,RECIPE BOX PANTRY DESIGN,9,4.44,12222,United Kingdom
537287,SKU_02417,ALARM CLOCK BAKELIKE PINK,4,13.8,12222,United Kingdom
537287,SKU_03409,GARDENERS KNEELING PAD CUP OF TEA,4,7.87,12222,United Kingdom
537287,SKU_59570,GARDENERS KNEELING PAD KEEP CALM,3,14.45,12222,United Kingdom
537288,SKU_03409,GARDENERS KNEELING PAD CUP OF TEA,10,5.97,12223,United Kingdom
537288,SKU_59570,GARDENERS KNEELING PAD KEEP CALM,2,4.71,12223,United Kingdom
537288,SKU_29474,RETROSPOT GARDEN WATERING CAN,10,8.11,12223,United Kingdom
537289,SKU_26130,PAPER CHAIN KIT 50S CHRISTMAS,3,7.15,12224,United Kingdom
537289,SKU_68307,CHARLOTTE BAG PINK POLKADOT,1,6.01,12224,United Kingdom
537290,SKU_38752,ALARM CLOCK BAKELIKE GREEN,3,9.77,12225,United Kingdom
537290,SKU_86048,SET OF 6 SPICE TINS PANTRY DESIGN,10,6.62,12225,United Kingdom
537290,SKU_22758,JUMBO BAG WOODLAND ANIMALS,2,2.68,12225,United Kingdom
537290,SKU_02417,ALARM CLOCK BAKELIKE PINK,2,12.6,12225,United Kingdom
537290,SKU_64311,CERAMIC STRAWBERRY CAKE STAND,1,3.39,12225,United Kingdom
537291,SKU_15736,RED HANGING HEART T-LIGHT HOLDER,3,1.72,12226,United Kingdom
537291,SKU_53682,WHITE HANGING HEART T-LIGHT HOLDER,5,15.27,12226,United Kingdom
537291,SKU_32339,HEART OF WICKER LARGE,6,10.92,12226,United Kingdom
537291,SKU_11920,HEART OF WICKER SMALL,12,6.34,12226,United Kingdom
537292,SKU_85409,REGENCY TEAPOT,3,14.03,12227,United Kingdom
537292,SKU_20773,LUNCH BAG RED RETROSPOT,8,2.78,12227,United Kingdom
537292,SKU_94290,GREEN REGENCY TEACUP AND SAUCER,10,5.4,12227,United Kingdom
537292,SKU_53682,WHITE HANGING HEART T-LIGHT HOLDER,9,2.27,12227,United Kingdom
537292,SKU_74486,REGENCY CAKESTAND 3 TIER,10,5.3,12227,United Kingdom
537293,SKU_02417,ALARM CLOCK BAKELIKE PINK,8,9.89,12228,United Kingdom
537293,SKU_92886,ALARM CLOCK BAKELIKE RED,12,5.29,12228,United Kingdom
537294,SKU_10696,VINTAGE HEADS AND HORNS WALL ART,5,10.56,12229,United Kingdom
537294,SKU_02417,ALARM CLOCK BAKELIKE PINK,7,7.21,12229,United Kingdom
537294,SKU_10322,PAPER CHAIN KIT VINTAGE CHRISTMAS,4,12.57,12229,United Kingdom
537295,SKU_85409,REGENCY TEAPOT,2,3.35,12230,United Kingdom
537295,SKU_51010,LUNCH BAG PINK POLKADOT,8,3.05,12230,United Kingdom
537295,SKU_55418,JUMBO BAG PINK POLKADOT,12,2.3,12230,United Kingdom
537296,SKU_04128,MINI PAINT SET VINTAGE,4,11.49,12231,United Kingdom
537297,SKU_11920,HEART OF WICKER SMALL,11,1.73,12232,United Kingdom
537297,SKU_53682,WHITE HANGING HEART T-LIGHT HOLDER,3,6.82,12232,United Kingdom
537297,SKU_32339,HEART OF WICKER LARGE,6,2.19,12232,United Kingdom
537297,SKU_15736,RED HANGING HEART T-LIGHT HOLDER,1,13.24,12232,United Kingdom
537298,SKU_59297,POPCORN HOLDER,12,3.87,12233,United Kingdom
537298,SKU_29474,RETROSPOT GARDEN WATERING CAN,3,14.85,12233,United Kingdom
537298,SKU_26130,PAPER CHAIN KIT 50S CHRISTMAS,7,2.58,12233,United Kingdom
537298,SKU_68307,CHARLOTTE BAG PINK POLKADOT,6,3.36,12233,United Kingdom
537298,SKU_64311,CERAMIC STRAWBERRY CAKE STAND,3,4.67,12233,United Kingdom
537299,SKU_02417,ALARM CLOCK BAKELIKE PINK,7,1.8,12234,United Kingdom
537299,SKU_92886,ALARM CLOCK BAKELIKE RED,1,10.25,12234,United Kingdom
537300,SKU_22758,JUMBO BAG WOODLAND ANIMALS,11,10.64,12235,United Kingdom
537300,SKU_10696,VINTAGE HEADS AND HORNS WALL ART,12,11.85,12235,United Kingdom
537300,SKU_10322,PAPER CHAIN KIT VINTAGE CHRISTMAS,5,8.81,12235,United Kingdom
537300,SKU_26130,PAPER CHAIN KIT 50S CHRISTMAS,9,15.41,12235,United Kingdom
537300,SKU_13714,HAND WARMER BIRD NEST,10,14.45,12235,United Kingdom
537301,SKU_85409,REGENCY TEAPOT,5,5.99,12236,United Kingdom
537301,SKU_38659,ROSES REGENCY TEACUP AND SAUCER,7,9.65,12236,United Kingdom
537301,SKU_94290,GREEN REGENCY TEACUP AND SAUCER,2,8.01,12236,United Kingdom
537301,SKU_74486,REGENCY CAKESTAND 3 TIER,7,14.49,12236,United Kingdom
537301,SKU_65048,PINK REGENCY TEACUP AND SAUCER,10,9.4,12236,United Kingdom
537302,SKU_04128,MINI PAINT SET VINTAGE,9,4.52,12237,United Kingdom
537302,SKU_02417,ALARM CLOCK BAKELIKE PINK,4,14.82,12237,United Kingdom
537302,SKU_94290,GREEN REGENCY TEACUP AND SAUCER,8,4.66,12237,United Kingdom
537302,SKU_92886,ALARM CLOCK BAKELIKE RED,1,7.38,12237,United Kingdom
537302,SKU_89820,SET OF 3 CAKE TINS PANTRY DESIGN,2,12.68,12237,United Kingdom
537303,SKU_03409,GARDENERS KNEELING PAD CUP OF TEA,8,15.34,12238,United Kingdom
537303,SKU_59570,GARDENERS KNEELING PAD KEEP CALM,4,8.86,12238,United Kingdom
537303,SKU_29474,RETROSPOT GARDEN WATERING CAN,9,5.35,12238,United Kingdom
537304,SKU_86048,SET OF 6 SPICE TINS PANTRY DESIGN,6,10.47,12239,United Kingdom
537304,SKU_09699,RECIPE BOX PANTRY DESIGN,8,1.54,12239,United Kingdom
537304,SKU_20773,LUNCH BAG RED RETROSPOT,3,14.52,12239,United Kingdom
537304,SKU_77748,STRAWBERRY CERAMIC TRINKET BOX,12,4.93,12239,United Kingdom
537304,SKU_89820,SET OF 3 CAKE TINS PANTRY DESIGN,11,5.42,12239,United Kingdom
537305,SKU_51010,LUNCH BAG PINK POLKADOT,5,15.47,12240,United Kingdom
537305,SKU_20773,LUNCH BAG RED RETROSPOT,12,9.07,12240,United Kingdom
537305,SKU_22758,JUMBO BAG WOODLAND ANIMALS,2,2.34,12240,United Kingdom
537305,SKU_44719,JUMBO BAG RED RETROSPOT,3,13.69,12240,United Kingdom
537305,SKU_55418,JUMBO BAG PINK POLKADOT,1,14.84,12240,United Kingdom
537306,SKU_38752,ALARM CLOCK BAKELIKE GREEN,5,12.44,12241,United Kingdom
537306,SKU_87304,SPACEBOY LUNCH BOX,6,12.49,12241,United Kingdom
537306,SKU_11920,HEART OF WICKER SMALL,6,3.76,12241,United Kingdom
537306,SKU_13714,HAND WARMER BIRD NEST,4,9.02,12241,United Kingdom
537306,SKU_92886,ALARM CLOCK BAKELIKE RED,5,11.59,12241,United Kingdom
537306,SKU_49885,ASSORTED COLOUR BIRD ORNAMENT,10,12.71,12241,United Kingdom
537307,SKU_51010,LUNCH BAG PINK POLKADOT,11,8.14,12242,United Kingdom
537307,SKU_09699,RECIPE BOX PANTRY DESIGN,10,11.91,12242,United Kingdom
537307,SKU_93482,SWEETHEART CERAMIC TRINKET BOX,2,15.16,12242,United Kingdom
537307,SKU_26130,PAPER CHAIN KIT 50S CHRISTMAS,12,4.48,12242,United Kingdom
537307,SKU_68307,CHARLOTTE BAG PINK POLKADOT,11,14.56,12242,United Kingdom
537307,SKU_59570,GARDENERS KNEELING PAD KEEP CALM,8,9.19,12242,United Kingdom
537307,SKU_15736,RED HANGING HEART T-LIGHT HOLDER,8,6.77,12242,United Kingdom
537307,SKU_49885,ASSORTED COLOUR BIRD ORNAMENT,11,6.51,12242,United Kingdom
537308,SKU_77748,STRAWBERRY CERAMIC TRINKET BOX,11,6.08,12243,United Kingdom
537308,SKU_38659,ROSES REGENCY TEACUP AND SAUCER,12,13.18,12243,United Kingdom
537308,SKU_89820,SET OF 3 CAKE TINS PANTRY DESIGN,6,13.53,12243,United Kingdom
537309,SKU_11920,HEART OF WICKER SMALL,8,9.14,12244,United Kingdom
537309,SKU_53682,WHITE HANGING HEART T-LIGHT HOLDER,9,11.59,12244,United Kingdom
537309,SKU_32339,HEART OF WICKER LARGE,6,2.96,12244,United Kingdom
537309,SKU_15736,RED HANGING HEART T-LIGHT HOLDER,1,12.45,12244,United Kingdom
537310,SKU_86048,SET OF 6 SPICE TINS PANTRY DESIGN,1,13.49,12245,United Kingdom
537310,SKU_09699,RECIPE BOX PANTRY DESIGN,1,14.63,12245,United Kingdom
537310,SKU_89820,SET OF 3 CAKE TINS PANTRY DESIGN,11,14.99,12245,United Kingdom
537311,SKU_38752,ALARM CLOCK BAKELIKE GREEN,3,11.39,12246,United Kingdom
537311,SKU_85409,REGENCY TEAPOT,3,14.52,12246,United Kingdom
537311,SKU_02417,ALARM CLOCK BAKELIKE PINK,10,9.79,12246,United Kingdom
537311,SKU_26130,PAPER CHAIN KIT 50S CHRISTMAS,2,6.42,12246,United Kingdom
537311,SKU_77748,STRAWBERRY CERAMIC TRINKET BOX,2,15.14,12246,United Kingdom
537311,SKU_92886,ALARM CLOCK BAKELIKE RED,6,5.79,12246,United Kingdom
537311,SKU_74486,REGENCY CAKESTAND 3 TIER,2,3.85,12246,United Kingdom
537312,SKU_15736,RED HANGING HEART T-LIGHT HOLDER,5,14.17,12247,United Kingdom
537312,SKU_53682,WHITE HANGING HEART T-LIGHT HOLDER,11,5.49,12247,United Kingdom
537312,SKU_49885,ASSORTED COLOUR BIRD ORNAMENT,7,11.97,12247,United Kingdom
537312,SKU_80590,VICTORIAN GLASS HANGING T-LIGHT,1,5.69,12247,United Kingdom
537313,SKU_10322,PAPER CHAIN KIT VINTAGE CHRISTMAS,7,8.97,12248,United Kingdom
537313,SKU_32339,HEART OF WICKER LARGE,5,3.51,12248,United Kingdom
537313,SKU_77748,STRAWBERRY CERAMIC TRINKET BOX,9,14.0,12248,United Kingdom
537313,SKU_94290,GREEN REGENCY TEACUP AND SAUCER,4,2.42,12248,United Kingdom
537313,SKU_74486,REGENCY CAKESTAND 3 TIER,3,3.89,12248,United Kingdom
537314,SKU_38659,ROSES REGENCY TEACUP AND SAUCER,11,8.7,12249,United Kingdom
537314,SKU_03409,GARDENERS KNEELING PAD CUP OF TEA,5,9.47,12249,United Kingdom
537314,SKU_32339,HEART OF WICKER LARGE,12,12.31,12249,United Kingdom
537314,SKU_74486,REGENCY CAKESTAND 3 TIER,4,8.27,12249,United Kingdom
537314,SKU_15736,RED HANGING HEART T-LIGHT HOLDER,4,2.1,12249,United Kingdom
537315,SKU_38752,ALARM CLOCK BAKELIKE GREEN,5,10.49,12250,United Kingdom
537315,SKU_93482,SWEETHEART CERAMIC TRINKET BOX,8,1.27,12250,United Kingdom
537315,SKU_16078,CHARLOTTE BAG SUKI DESIGN,2,7.03,12250,United Kingdom
537315,SKU_32339,HEART OF WICKER LARGE,4,11.89,12250,United Kingdom
537315,SKU_64311,CERAMIC STRAWBERRY CAKE STAND,12,3.08,12250,United Kingdom
537316,SKU_15736,RED HANGING HEART T-LIGHT HOLDER,4,11.86,12251,United Kingdom
537316,SKU_53682,WHITE HANGING HEART T-LIGHT HOLDER,12,2.28,12251,United Kingdom
537316,SKU_32339,HEART OF WICKER LARGE,7,3.14,12251,United Kingdom
537316,SKU_11920,HEART OF WICKER SMALL,4,5.19,12251,United Kingdom
537317,SKU_85409,REGENCY TEAPOT,2,6.11,12252,United Kingdom
537317,SKU_38659,ROSES REGENCY TEACUP AND SAUCER,8,3.31,12252,United Kingdom
537317,SKU_74486,REGENCY CAKESTAND 3 TIER,12,10.48,12252,United Kingdom
537318,SKU_10696,VINTAGE HEADS AND HORNS WALL ART,11,3.33,12253,United Kingdom
537318,SKU_26130,PAPER CHAIN KIT 50S CHRISTMAS,7,6.28,12253,United Kingdom
537318,SKU_10322,PAPER CHAIN KIT VINTAGE CHRISTMAS,11,13.48,12253,United Kingdom
537318,SKU_20773,LUNCH BAG RED RETROSPOT,11,4.71,12253,United Kingdom
537319,SKU_38752,ALARM CLOCK BAKELIKE GREEN,9,5.37,12254,United Kingdom
537319,SKU_02417,ALARM CLOCK BAKELIKE PINK,7,2.82,12254,United Kingdom
537319,SKU_92886,ALARM CLOCK BAKELIKE RED,5,3.25,12254,United Kingdom
537319,SKU_65048,PINK REGENCY TEACUP AND SAUCER,5,3.77,12254,United Kingdom
537319,SKU_55418,JUMBO BAG PINK POLKADOT,1,7.99,12254,United Kingdom
537320,SKU_68307,CHARLOTTE BAG PINK POLKADOT,5,10.43,12255,United Kingdom
537321,SKU_38752,ALARM CLOCK BAKELIKE GREEN,9,10.4,12256,United Kingdom
537321,SKU_38659,ROSES REGENCY TEACUP AND SAUCER,3,2.81,12256,United Kingdom
537321,SKU_06213,CHILLI LIGHTS,12,6.53,12256,United Kingdom
537321,SKU_80590,VICTORIAN GLASS HANGING T-LIGHT,5,11.08,12256,United Kingdom
537321,SKU_02417,ALARM CLOCK BAKELIKE PINK,5,13.53,12256,United Kingdom
537321,SKU_25782,WOODLAND CHARLOTTE BAG,9,12.64,12256,United Kingdom
537321,SKU_92886,ALARM CLOCK BAKELIKE RED,12,7.0,12256,United Kingdom
537321,SKU_89820,SET OF 3 CAKE TINS PANTRY DESIGN,2,9.33,12256,United Kingdom
537322,SKU_38752,ALARM CLOCK BAKELIKE GREEN,10,9.44,12257,United Kingdom
537322,SKU_80590,VICTORIAN GLASS HANGING T-LIGHT,9,14.39,12257,United Kingdom
537323,SKU_29474,RETROSPOT GARDEN WATERING CAN,2,11.69,12258,United Kingdom
537323,SKU_80590,VICTORIAN GLASS HANGING T-LIGHT,12,12.14,12258,United Kingdom
537323,SKU_03409,GARDENERS KNEELING PAD CUP OF TEA,5,11.17,12258,United Kingdom
537323,SKU_10322,PAPER CHAIN KIT VINTAGE CHRISTMAS,5,9.6,12258,United Kingdom
537323,SKU_89820,SET OF 3 CAKE TINS PANTRY DESIGN,11,6.98,12258,United Kingdom
537324,SKU_59297,POPCORN HOLDER,6,2.62,12259,United Kingdom
537325,SKU_86048,SET OF 6 SPICE TINS PANTRY DESIGN,8,12.06,12260,United Kingdom
537325,SKU_89820,SET OF 3 CAKE TINS PANTRY DESIGN,9,6.0,12260,United Kingdom
537325,SKU_10696,VINTAGE HEADS AND HORNS WALL ART,4,7.39,12260,United Kingdom
537326,SKU_15736,RED HANGING HEART T-LIGHT HOLDER,7,13.6,12261,United Kingdom
537326,SKU_53682,WHITE HANGING HEART T-LIGHT HOLDER,4,7.91,12261,United Kingdom
537327,SKU_11920,HEART OF WICKER SMALL,5,1.42,12262,United Kingdom
537327,SKU_94290,GREEN REGENCY TEACUP AND SAUCER,10,7.08,12262,United Kingdom
537327,SKU_32339,HEART OF WICKER LARGE,5,10.41,12262,United Kingdom
537327,SKU_89820,SET OF 3 CAKE TINS PANTRY DESIGN,8,13.98,12262,United Kingdom
537328,SKU_86048,SET OF 6 SPICE TINS PANTRY DESIGN,4,12.59,12263,United Kingdom
537328,SKU_02417,ALARM CLOCK BAKELIKE PINK,6,2.68,12263,United Kingdom
537328,SKU_65048,PINK REGENCY TEACUP AND SAUCER,9,9.56,12263,United Kingdom
537328,SKU_89820,SET OF 3 CAKE TINS PANTRY DESIGN,10,5.21,12263,United Kingdom
537328,SKU_49885,ASSORTED COLOUR BIRD ORNAMENT,7,11.17,12263,United Kingdom
537329,SKU_38659,ROSES REGENCY TEACUP AND SAUCER,12,1.89,12264,United Kingdom
537329,SKU_80590,VICTORIAN GLASS HANGING T-LIGHT,3,4.04,12264,United Kingdom
537329,SKU_92886,ALARM CLOCK BAKELIKE RED,4,4.07,12264,United Kingdom
537329,SKU_55418,JUMBO BAG PINK POLKADOT,5,7.82,12264,United Kingdom
537329,SKU_31997,DOLLY GIRL LUNCH BOX,11,7.65,12264,United Kingdom
537330,SKU_02417,ALARM CLOCK BAKELIKE PINK,11,7.4,12265,United Kingdom
537330,SKU_94290,GREEN REGENCY TEACUP AND SAUCER,12,2.15,12265,United Kingdom
537330,SKU_38659,ROSES REGENCY TEACUP AND SAUCER,3,8.0,12265,United Kingdom
537331,SKU_10696,VINTAGE HEADS AND HORNS WALL ART,2,3.44,12266,United Kingdom
537331,SKU_26130,PAPER CHAIN KIT 50S CHRISTMAS,2,7.44,12266,United Kingdom
537331,SKU_55418,JUMBO BAG PINK POLKADOT,12,12.83,12266,United Kingdom
537331,SKU_16078,CHARLOTTE BAG SUKI DESIGN,5,11.42,12266,United Kingdom
537332,SKU_03409,GARDENERS KNEELING PAD CUP OF TEA,3,9.96,12267,United Kingdom
537332,SKU_59570,GARDENERS KNEELING PAD KEEP CALM,8,5.23,12267,United Kingdom
537332,SKU_68307,CHARLOTTE BAG PINK POLKADOT,5,9.89,12267,United Kingdom
537332,SKU_29474,RETROSPOT GARDEN WATERING CAN,12,12.63,12267,United Kingdom
537333,SKU_38752,ALARM CLOCK BAKELIKE GREEN,2,4.69,12268,United Kingdom
537333,SKU_04128,MINI PAINT SET VINTAGE,9,2.44,12268,United Kingdom
537333,SKU_51010,LUNCH BAG PINK POLKADOT,9,8.91,12268,United Kingdom
537333,SKU_85409,REGENCY TEAPOT,5,4.97,12268,United Kingdom
537333,SKU_44719,JUMBO BAG RED RETROSPOT,9,3.19,12268,United Kingdom
537333,SKU_03409,GARDENERS KNEELING PAD CUP OF TEA,3,1.88,12268,United Kingdom
537333,SKU_32339,HEART OF WICKER LARGE,8,13.37,12268,United Kingdom
537333,SKU_64311,CERAMIC STRAWBERRY CAKE STAND,4,3.24,12268,United Kingdom
537333,SKU_49885,ASSORTED COLOUR BIRD ORNAMENT,4,11.21,12268,United Kingdom
537334,SKU_51010,LUNCH BAG PINK POLKADOT,8,3.6,12269,United Kingdom
537334,SKU_20773,LUNCH BAG RED RETROSPOT,5,15.4,12269,United Kingdom
537334,SKU_22758,JUMBO BAG WOODLAND ANIMALS,6,1.68,12269,United Kingdom
537334,SKU_44719,JUMBO BAG RED RETROSPOT,1,12.37,12269,United Kingdom
537334,SKU_55418,JUMBO BAG PINK POLKADOT,11,11.1,12269,United Kingdom
537335,SKU_15736,RED HANGING HEART T-LIGHT HOLDER,8,12.42,12270,United Kingdom
537335,SKU_53682,WHITE HANGING HEART T-LIGHT HOLDER,9,10.48,12270,United Kingdom
537335,SKU_31997,DOLLY GIRL LUNCH BOX,1,12.47,12270,United Kingdom
537335,SKU_59570,GARDENERS KNEELING PAD KEEP CALM,12,15.05,12270,United Kingdom
537336,SKU_51010,LUNCH BAG PINK POLKADOT,9,10.45,12271,United Kingdom
537336,SKU_20773,LUNCH BAG RED RETROSPOT,5,4.97,12271,United Kingdom
537336,SKU_22758,JUMBO BAG WOODLAND ANIMALS,2,9.03,12271,United Kingdom
537336,SKU_44719,JUMBO BAG RED RETROSPOT,3,9.8,12271,United Kingdom
537337,SKU_16078,CHARLOTTE BAG SUKI DESIGN,1,8.48,12272,United Kingdom
537337,SKU_02417,ALARM CLOCK BAKELIKE PINK,8,1.62,12272,United Kingdom
537337,SKU_94290,GREEN REGENCY TEACUP AND SAUCER,10,1.95,12272,United Kingdom
537337,SKU_68307,CHARLOTTE BAG PINK POLKADOT,11,4.97,12272,United Kingdom
537337,SKU_59570,GARDENERS KNEELING PAD KEEP CALM,4,6.64,12272,United Kingdom
537337,SKU_25782,WOODLAND CHARLOTTE BAG,11,6.12,12272,United Kingdom
537338,SKU_03409,GARDENERS KNEELING PAD CUP OF TEA,7,9.27,12273,United Kingdom
537338,SKU_29474,RETROSPOT GARDEN WATERING CAN,4,7.13,12273,United Kingdom
537338,SKU_59570,GARDENERS KNEELING PAD KEEP CALM,5,8.54,12273,United Kingdom
537339,SKU_65048,PINK REGENCY TEACUP AND SAUCER,12,1.81,12274,United Kingdom
537339,SKU_55418,JUMBO BAG PINK POLKADOT,8,2.01,12274,United Kingdom
537339,SKU_93482,SWEETHEART CERAMIC TRINKET BOX,4,4.68,12274,United Kingdom
537339,SKU_80590,VICTORIAN GLASS HANGING T-LIGHT,10,13.45,12274,United Kingdom
537340,SKU_09699,RECIPE BOX PANTRY DESIGN,3,9.05,12275,United Kingdom
537340,SKU_06213,CHILLI LIGHTS,8,8.35,12275,United Kingdom
537340,SKU_10696,VINTAGE HEADS AND HORNS WALL ART,4,8.6,12275,United Kingdom
537340,SKU_11920,HEART OF WICKER SMALL,7,11.48,12275,United Kingdom
537340,SKU_26130,PAPER CHAIN KIT 50S CHRISTMAS,4,8.78,12275,United Kingdom
537340,SKU_94290,GREEN REGENCY TEACUP AND SAUCER,2,6.95,12275,United Kingdom
537340,SKU_72894,DOORMAT KEEP CALM AND COME IN,4,3.46,12275,United Kingdom
537341,SKU_93482,SWEETHEART CERAMIC TRINKET BOX,7,5.49,12276,United Kingdom
537341,SKU_77748,STRAWBERRY CERAMIC TRINKET BOX,1,4.71,12276,United Kingdom
537341,SKU_64311,CERAMIC STRAWBERRY CAKE STAND,7,12.03,12276,United Kingdom
537342,SKU_29474,RETROSPOT GARDEN WATERING CAN,5,14.72,12277,United Kingdom
537342,SKU_09699,RECIPE BOX PANTRY DESIGN,11,6.81,12277,United Kingdom
537342,SKU_03409,GARDENERS KNEELING PAD CUP OF TEA,6,14.73,12277,United Kingdom
537342,SKU_59570,GARDENERS KNEELING PAD KEEP CALM,6,12.05,12277,United Kingdom
537342,SKU_65048,PINK REGENCY TEACUP AND SAUCER,1,3.91,12277,United Kingdom
537343,SKU_22758,JUMBO BAG WOODLAND ANIMALS,10,14.93,12278,United Kingdom
537343,SKU_02417,ALARM CLOCK BAKELIKE PINK,9,8.45,12278,United Kingdom
537343,SKU_13714,HAND WARMER BIRD NEST,1,12.25,12278,United Kingdom
537343,SKU_77748,STRAWBERRY CERAMIC TRINKET BOX,12,2.8,12278,United Kingdom
537343,SKU_74486,REGENCY CAKESTAND 3 TIER,4,9.17,12278,United Kingdom
537343,SKU_92886,ALARM CLOCK BAKELIKE RED,9,8.64,12278,United Kingdom
537344,SKU_20773,LUNCH BAG RED RETROSPOT,6,4.02,12279,United Kingdom
537344,SKU_10322,PAPER CHAIN KIT VINTAGE CHRISTMAS,9,4.92,12279,United Kingdom
537344,SKU_94290,GREEN REGENCY TEACUP AND SAUCER,6,13.84,12279,United Kingdom
537344,SKU_65048,PINK REGENCY TEACUP AND SAUCER,2,6.87,12279,United Kingdom
537344,SKU_89820,SET OF 3 CAKE TINS PANTRY DESIGN,4,12.75,12279,United Kingdom
537345,SKU_11920,HEART OF WICKER SMALL,9,1.94,12280,United Kingdom
537345,SKU_25782,WOODLAND CHARLOTTE BAG,4,4.69,12280,United Kingdom
537346,SKU_86048,SET OF 6 SPICE TINS PANTRY DESIGN,10,12.1,12281,United Kingdom
537346,SKU_09699,RECIPE BOX PANTRY DESIGN,8,12.06,12281,United Kingdom
537346,SKU_53682,WHITE HANGING HEART T-LIGHT HOLDER,6,15.38,12281,United Kingdom
537346,SKU_77748,STRAWBERRY CERAMIC TRINKET BOX,2,7.83,12281,United Kingdom
537346,SKU_89820,SET OF 3 CAKE TINS PANTRY DESIGN,9,13.48,12281,United Kingdom
537347,SKU_51010,LUNCH BAG PINK POLKADOT,9,14.42,12282,United Kingdom
537347,SKU_38659,ROSES REGENCY TEACUP AND SAUCER,4,11.06,12282,United Kingdom
537347,SKU_11920,HEART OF WICKER SMALL,6,7.98,12282,United Kingdom
537347,SKU_10322,PAPER CHAIN KIT VINTAGE CHRISTMAS,12,8.34,12282,United Kingdom
537347,SKU_23059,PARTY BUNTING,12,5.29,12282,United Kingdom
537347,SKU_74486,REGENCY CAKESTAND 3 TIER,10,2.96,12282,United Kingdom
537347,SKU_72894,DOORMAT KEEP CALM AND COME IN,12,14.19,12282,United Kingdom
537348,SKU_85409,REGENCY TEAPOT,5,2.8,12283,United Kingdom
537348,SKU_51010,LUNCH BAG PINK POLKADOT,5,4.47,12283,United Kingdom
537348,SKU_59297,POPCORN HOLDER,7,8.8,12283,United Kingdom
537348,SKU_87304,SPACEBOY LUNCH BOX,6,13.19,12283,United Kingdom
537348,SKU_32339,HEART OF WICKER LARGE,10,3.23,12283,United Kingdom
537348,SKU_72894,DOORMAT KEEP CALM AND COME IN,7,4.02,12283,United Kingdom
537349,SKU_09699,RECIPE BOX PANTRY DESIGN,2,4.67,12284,United Kingdom
537349,SKU_44719,JUMBO BAG RED RETROSPOT,5,6.03,12284,United Kingdom
537350,SKU_11920,HEART OF WICKER SMALL,1,12.34,12285,United Kingdom
537350,SKU_53682,WHITE HANGING HEART T-LIGHT HOLDER,6,4.64,12285,United Kingdom
537350,SKU_94290,GREEN REGENCY TEACUP AND SAUCER,7,7.36,12285,United Kingdom
537350,SKU_59570,GARDENERS KNEELING PAD KEEP CALM,12,1.91,12285,United Kingdom
537350,SKU_15736,RED HANGING HEART T-LIGHT HOLDER,12,2.62,12285,United Kingdom
537350,SKU_31997,DOLLY GIRL LUNCH BOX,12,3.09,12285,United Kingdom
537351,SKU_65048,PINK REGENCY TEACUP AND SAUCER,6,6.82,12286,United Kingdom
537351,SKU_51010,LUNCH BAG PINK POLKADOT,10,2.51,12286,United Kingdom
537351,SKU_38659,ROSES REGENCY TEACUP AND SAUCER,1,6.75,12286,United Kingdom
537352,SKU_09699,RECIPE BOX PANTRY DESIGN,1,12.9,12287,United Kingdom
537352,SKU_10696,VINTAGE HEADS AND HORNS WALL ART,9,9.09,12287,United Kingdom
537352,SKU_11920,HEART OF WICKER SMALL,7,9.4,12287,United Kingdom
537352,SKU_53682,WHITE HANGING HEART T-LIGHT HOLDER,8,10.18,12287,United Kingdom
537352,SKU_15736,RED HANGING HEART T-LIGHT HOLDER,8,7.3,12287,United Kingdom
537353,SKU_51010,LUNCH BAG PINK POLKADOT,2,4.7,12288,United Kingdom
537353,SKU_55418,JUMBO BAG PINK POLKADOT,9,1.32,12288,United Kingdom
537353,SKU_22758,JUMBO BAG WOODLAND ANIMALS,9,15.29,12288,United Kingdom
537353,SKU_94290,GREEN REGENCY TEACUP AND SAUCER,4,6.13,12288,United Kingdom
537354,SKU_03409,GARDENERS KNEELING PAD CUP OF TEA,4,4.58,12289,United Kingdom
537354,SKU_59570,GARDENERS KNEELING PAD KEEP CALM,6,10.01,12289,United Kingdom
537355,SKU_59297,POPCORN HOLDER,10,11.33,12290,United Kingdom
537355,SKU_11920,HEART OF WICKER SMALL,5,5.32,12290,United Kingdom
537355,SKU_53682,WHITE HANGING HEART T-LIGHT HOLDER,3,14.57,12290,United Kingdom
537355,SKU_32339,HEART OF WICKER LARGE,12,15.43,12290,United Kingdom
537355,SKU_15736,RED HANGING HEART T-LIGHT HOLDER,5,9.56,12290,United Kingdom
537356,SKU_10696,VINTAGE HEADS AND HORNS WALL ART,7,10.32,12291,United Kingdom
537356,SKU_93482,SWEETHEART CERAMIC TRINKET BOX,10,4.79,12291,United Kingdom
537356,SKU_59570,GARDENERS KNEELING PAD KEEP CALM,6,9.31,12291,United Kingdom
537356,SKU_77748,STRAWBERRY CERAMIC TRINKET BOX,5,1.55,12291,United Kingdom
537356,SKU_64311,CERAMIC STRAWBERRY CAKE STAND,9,13.89,12291,United Kingdom
537357,SKU_86048,SET OF 6 SPICE TINS PANTRY DESIGN,7,10.12,12292,United Kingdom
537357,SKU_09699,RECIPE BOX PANTRY DESIGN,1,15.36,12292,United Kingdom
537357,SKU_80590,VICTORIAN GLASS HANGING T-LIGHT,8,3.46,12292,United Kingdom
537357,SKU_68307,CHARLOTTE BAG PINK POLKADOT,11,2.93,12292,United Kingdom
537357,SKU_65048,PINK REGENCY TEACUP AND SAUCER,7,15.11,12292,United Kingdom
537357,SKU_89820,SET OF 3 CAKE TINS PANTRY DESIGN,1,10.4,12292,United Kingdom
537358,SKU_86048,SET OF 6 SPICE TINS PANTRY DESIGN,6,10.8,12293,United Kingdom
537358,SKU_09699,RECIPE BOX PANTRY DESIGN,10,14.19,12293,United Kingdom
537358,SKU_89820,SET OF 3 CAKE TINS PANTRY DESIGN,11,4.73,12293,United Kingdom
537359,SKU_38752,ALARM CLOCK BAKELIKE GREEN,1,14.04,12294,United Kingdom
537359,SKU_03409,GARDENERS KNEELING PAD CUP OF TEA,7,13.89,12294,United Kingdom
537360,SKU_51010,LUNCH BAG PINK POLKADOT,10,12.12,12295,United Kingdom
537360,SKU_20773,LUNCH BAG RED RETROSPOT,9,10.89,12295,United Kingdom
537360,SKU_22758,JUMBO BAG WOODLAND ANIMALS,7,10.67,12295,United Kingdom
537360,SKU_44719,JUMBO BAG RED RETROSPOT,2,12.42,12295,United Kingdom
537360,SKU_55418,JUMBO BAG PINK POLKADOT,7,9.41,12295,United Kingdom
537361,SKU_11920,HEART OF WICKER SMALL,2,10.83,12296,United Kingdom
537361,SKU_53682,WHITE HANGING HEART T-LIGHT HOLDER,11,13.82,12296,United Kingdom
537361,SKU_68307,CHARLOTTE BAG PINK POLKADOT,4,12.75,12296,United Kingdom
537362,SKU_26130,PAPER CHAIN KIT 50S CHRISTMAS,5,6.93,12297,United Kingdom
537362,SKU_10322,PAPER CHAIN KIT VINTAGE CHRISTMAS,3,4.68,12297,United Kingdom
537363,SKU_13714,HAND WARMER BIRD NEST,8,11.97,12298,United Kingdom
537363,SKU_55418,JUMBO BAG PINK POLKADOT,1,1.34,12298,United Kingdom
537363,SKU_74486,REGENCY CAKESTAND 3 TIER,9,7.44,12298,United Kingdom
537364,SKU_77748,STRAWBERRY CERAMIC TRINKET BOX,7,8.43,12299,United Kingdom
537364,SKU_64311,CERAMIC STRAWBERRY CAKE STAND,2,2.41,12299,United Kingdom
537365,SKU_10696,VINTAGE HEADS AND HORNS WALL ART,7,8.77,12300,United Kingdom
537365,SKU_26130,PAPER CHAIN KIT 50S CHRISTMAS,10,10.49,12300,United Kingdom
537366,SKU_11920,HEART OF WICKER SMALL,3,13.55,12301,United Kingdom
537366,SKU_53682,WHITE HANGING HEART T-LIGHT HOLDER,9,4.04,12301,United Kingdom
537366,SKU_15736,RED HANGING HEART T-LIGHT HOLDER,10,14.78,12301,United Kingdom
537366,SKU_32339,HEART OF WICKER LARGE,11,7.11,12301,United Kingdom
537367,SKU_38752,ALARM CLOCK BAKELIKE GREEN,7,10.82,12302,United Kingdom
537367,SKU_10696,VINTAGE HEADS AND HORNS WALL ART,10,3.21,12302,United Kingdom
537367,SKU_10322,PAPER CHAIN KIT VINTAGE CHRISTMAS,1,9.17,12302,United Kingdom
537367,SKU_68307,CHARLOTTE BAG PINK POLKADOT,2,11.88,12302,United Kingdom
537367,SKU_25782,WOODLAND CHARLOTTE BAG,8,11.58,12302,United Kingdom
537367,SKU_64311,CERAMIC STRAWBERRY CAKE STAND,8,14.4,12302,United Kingdom
537367,SKU_65048,PINK REGENCY TEACUP AND SAUCER,1,15.24,12302,United Kingdom
537368,SKU_11920,HEART OF WICKER SMALL,8,9.01,12303,United Kingdom
537368,SKU_26130,PAPER CHAIN KIT 50S CHRISTMAS,2,7.87,12303,United Kingdom
537368,SKU_53682,WHITE HANGING HEART T-LIGHT HOLDER,4,13.36,12303,United Kingdom
537368,SKU_77748,STRAWBERRY CERAMIC TRINKET BOX,3,10.91,12303,United Kingdom
537368,SKU_15736,RED HANGING HEART T-LIGHT HOLDER,2,9.84,12303,United Kingdom
537368,SKU_55418,JUMBO BAG PINK POLKADOT,1,6.66,12303,United Kingdom
537368,SKU_89820,SET OF 3 CAKE TINS PANTRY DESIGN,4,11.94,12303,United Kingdom
537369,SKU_10696,VINTAGE HEADS AND HORNS WALL ART,7,2.98,12304,United Kingdom
537369,SKU_03409,GARDENERS KNEELING PAD CUP OF TEA,4,7.63,12304,United Kingdom
537369,SKU_59570,GARDENERS KNEELING PAD KEEP CALM,11,9.02,12304,United Kingdom
537369,SKU_29474,RETROSPOT GARDEN WATERING CAN,5,5.02,12304,United Kingdom
537370,SKU_55418,JUMBO BAG PINK POLKADOT,9,1.86,12305,United Kingdom
537370,SKU_20773,LUNCH BAG RED RETROSPOT,2,7.39,12305,United Kingdom
537370,SKU_22758,JUMBO BAG WOODLAND ANIMALS,5,15.43,12305,United Kingdom
537370,SKU_44719,JUMBO BAG RED RETROSPOT,4,7.69,12305,United Kingdom
537371,SKU_11920,HEART OF WICKER SMALL,12,12.52,12306,United Kingdom
537371,SKU_03409,GARDENERS KNEELING PAD CUP OF TEA,11,8.57,12306,United Kingdom
537371,SKU_53682,WHITE HANGING HEART T-LIGHT HOLDER,3,2.32,12306,United Kingdom
537371,SKU_32339,HEART OF WICKER LARGE,3,10.36,12306,United Kingdom
537372,SKU_04128,MINI PAINT SET VINTAGE,9,13.04,12307,United Kingdom
537373,SKU_86048,SET OF 6 SPICE TINS PANTRY DESIGN,10,9.03,12308,United Kingdom
537373,SKU_09699,RECIPE BOX PANTRY DESIGN,12,13.07,12308,United Kingdom
537373,SKU_89820,SET OF 3 CAKE TINS PANTRY DESIGN,12,11.04,12308,United Kingdom
537374,SKU_77748,STRAWBERRY CERAMIC TRINKET BOX,2,13.34,12309,United Kingdom
537374,SKU_64311,CERAMIC STRAWBERRY CAKE STAND,3,9.0,12309,United Kingdom
537375,SKU_10322,PAPER CHAIN KIT VINTAGE CHRISTMAS,11,14.46,12310,United Kingdom
537375,SKU_29474,RETROSPOT GARDEN WATERING CAN,2,7.71,12310,United Kingdom
537375,SKU_25782,WOODLAND CHARLOTTE BAG,12,2.12,12310,United Kingdom
537375,SKU_64311,CERAMIC STRAWBERRY CAKE STAND,8,4.61,12310,United Kingdom
537376,SKU_55418,JUMBO BAG PINK POLKADOT,4,10.22,12311,United Kingdom
537376,SKU_22758,JUMBO BAG WOODLAND ANIMALS,6,10.85,12311,United Kingdom
537376,SKU_44719,JUMBO BAG RED RETROSPOT,2,15.39,12311,United Kingdom
537377,SKU_10696,VINTAGE HEADS AND HORNS WALL ART,2,11.04,12312,United Kingdom
537377,SKU_10322,PAPER CHAIN KIT VINTAGE CHRISTMAS,7,9.36,12312,United Kingdom
537378,SKU_03409,GARDENERS KNEELING PAD CUP OF TEA,10,14.86,12313,United Kingdom
537378,SKU_22758,JUMBO BAG WOODLAND ANIMALS,9,9.67,12313,United Kingdom
537379,SKU_38752,ALARM CLOCK BAKELIKE GREEN,3,3.06,12314,United Kingdom
537379,SKU_38659,ROSES REGENCY TEACUP AND SAUCER,1,13.37,12314,United Kingdom
537379,SKU_64311,CERAMIC STRAWBERRY CAKE STAND,1,14.81,12314,United Kingdom
537380,SKU_86048,SET OF 6 SPICE TINS PANTRY DESIGN,11,3.1,12315,United Kingdom
537380,SKU_09699,RECIPE BOX PANTRY DESIGN,10,6.06,12315,United Kingdom
537380,SKU_89820,SET OF 3 CAKE TINS PANTRY DESIGN,12,9.94,12315,United Kingdom
537381,SKU_15736,RED HANGING HEART T-LIGHT HOLDER,11,9.03,12316,United Kingdom
537381,SKU_53682,WHITE HANGING HEART T-LIGHT HOLDER,8,14.96,12316,United Kingdom
537381,SKU_32339,HEART OF WICKER LARGE,1,11.16,12316,United Kingdom
537381,SKU_11920,HEART OF WICKER SMALL,8,2.56,12316,United Kingdom
537382,SKU_59570,GARDENERS KNEELING PAD KEEP CALM,5,6.67,12317,United Kingdom
537382,SKU_25782,WOODLAND CHARLOTTE BAG,2,14.98,12317,United Kingdom
537382,SKU_44719,JUMBO BAG RED RETROSPOT,2,11.5,12317,United Kingdom
537383,SKU_59297,POPCORN HOLDER,4,8.29,12318,United Kingdom
537383,SKU_87304,SPACEBOY LUNCH BOX,12,1.79,12318,United Kingdom
537383,SKU_16078,CHARLOTTE BAG SUKI DESIGN,11,8.83,12318,United Kingdom
537383,SKU_44719,JUMBO BAG RED RETROSPOT,11,8.72,12318,United Kingdom
537383,SKU_68307,CHARLOTTE BAG PINK POLKADOT,7,10.42,12318,United Kingdom
537383,SKU_32339,HEART OF WICKER LARGE,11,10.16,12318,United Kingdom
537383,SKU_25782,WOODLAND CHARLOTTE BAG,4,6.5,12318,United Kingdom
537384,SKU_65048,PINK REGENCY TEACUP AND SAUCER,11,7.76,12319,United Kingdom
537384,SKU_85409,REGENCY TEAPOT,1,1.69,12319,United Kingdom
537384,SKU_94290,GREEN REGENCY TEACUP AND SAUCER,2,3.64,12319,United Kingdom
537384,SKU_38659,ROSES REGENCY TEACUP AND SAUCER,9,3.76,12319,United Kingdom
537385,SKU_59570,GARDENERS KNEELING PAD KEEP CALM,4,3.25,12320,United Kingdom
537385,SKU_92886,ALARM CLOCK BAKELIKE RED,10,5.44,12320,United Kingdom
537385,SKU_64311,CERAMIC STRAWBERRY CAKE STAND,11,4.76,12320,United Kingdom
537386,SKU_59297,POPCORN HOLDER,7,3.59,12321,United Kingdom
537386,SKU_20773,LUNCH BAG RED RETROSPOT,2,11.0,12321,United Kingdom
537386,SKU_10322,PAPER CHAIN KIT VINTAGE CHRISTMAS,6,3.91,12321,United Kingdom
537386,SKU_64311,CERAMIC STRAWBERRY CAKE STAND,6,11.54,12321,United Kingdom
537386,SKU_89820,SET OF 3 CAKE TINS PANTRY DESIGN,8,3.79,12321,United Kingdom
537387,SKU_59297,POPCORN HOLDER,4,6.14,12322,United Kingdom
537387,SKU_09699,RECIPE BOX PANTRY DESIGN,10,12.39,12322,United Kingdom
537388,SKU_86048,SET OF 6 SPICE TINS PANTRY DESIGN,9,5.0,12323,United Kingdom
537388,SKU_38659,ROSES REGENCY TEACUP AND SAUCER,7,14.78,12323,United Kingdom
537388,SKU_29474,RETROSPOT GARDEN WATERING CAN,9,5.87,12323,United Kingdom
537388,SKU_09699,RECIPE BOX PANTRY DESIGN,10,5.82,12323,United Kingdom
537389,SKU_38752,ALARM CLOCK BAKELIKE GREEN,5,10.2,12324,United Kingdom
537389,SKU_02417,ALARM CLOCK BAKELIKE PINK,2,13.76,12324,United Kingdom
537389,SKU_92886,ALARM CLOCK BAKELIKE RED,9,13.0,12324,United Kingdom
537390,SKU_10696,VINTAGE HEADS AND HORNS WALL ART,6,4.25,12325,United Kingdom
537390,SKU_11920,HEART OF WICKER SMALL,5,2.51,12325,United Kingdom
537390,SKU_53682,WHITE HANGING HEART T-LIGHT HOLDER,5,7.71,12325,United Kingdom
537390,SKU_32339,HEART OF WICKER LARGE,6,13.04,12325,United Kingdom
537390,SKU_74486,REGENCY CAKESTAND 3 TIER,4,2.78,12325,United Kingdom
537391,SKU_51010,LUNCH BAG PINK POLKADOT,12,13.3,12326,United Kingdom
537391,SKU_59570,GARDENERS KNEELING PAD KEEP CALM,9,2.64,12326,United Kingdom
537392,SKU_38752,ALARM CLOCK BAKELIKE GREEN,9,14.76,12327,United Kingdom
537392,SKU_06213,CHILLI LIGHTS,2,11.17,12327,United Kingdom
537392,SKU_87304,SPACEBOY LUNCH BOX,9,7.99,12327,United Kingdom
537392,SKU_26130,PAPER CHAIN KIT 50S CHRISTMAS,1,9.87,12327,United Kingdom
537392,SKU_53682,WHITE HANGING HEART T-LIGHT HOLDER,3,12.05,12327,United Kingdom
537392,SKU_92886,ALARM CLOCK BAKELIKE RED,1,5.12,12327,United Kingdom
537393,SKU_03409,GARDENERS KNEELING PAD CUP OF TEA,6,9.19,12328,United Kingdom
537393,SKU_59570,GARDENERS KNEELING PAD KEEP CALM,7,7.18,12328,United Kingdom
537393,SKU_29474,RETROSPOT GARDEN WATERING CAN,6,13.56,12328,United Kingdom
537394,SKU_55418,JUMBO BAG PINK POLKADOT,8,11.31,12329,United Kingdom
537394,SKU_93482,SWEETHEART CERAMIC TRINKET BOX,9,6.06,12329,United Kingdom
537394,SKU_77748,STRAWBERRY CERAMIC TRINKET BOX,12,13.98,12329,United Kingdom
537394,SKU_64311,CERAMIC STRAWBERRY CAKE STAND,5,8.96,12329,United Kingdom
537395,SKU_02417,ALARM CLOCK BAKELIKE PINK,10,14.22,12330,United Kingdom
537395,SKU_93482,SWEETHEART CERAMIC TRINKET BOX,2,12.83,12330,United Kingdom
537395,SKU_77748,STRAWBERRY CERAMIC TRINKET BOX,7,15.29,12330,United Kingdom
537395,SKU_64311,CERAMIC STRAWBERRY CAKE STAND,1,3.19,12330,United Kingdom
537396,SKU_38752,ALARM CLOCK BAKELIKE GREEN,6,13.63,12331,United Kingdom
537396,SKU_04128,MINI PAINT SET VINTAGE,2,4.22,12331,United Kingdom
537396,SKU_11920,HEART OF WICKER SMALL,6,6.09,12331,United Kingdom
537396,SKU_94290,GREEN REGENCY TEACUP AND SAUCER,1,8.69,12331,United Kingdom
537396,SKU_89820,SET OF 3 CAKE TINS PANTRY DESIGN,11,10.27,12331,United Kingdom
537397,SKU_93482,SWEETHEART CERAMIC TRINKET BOX,10,10.08,12332,United Kingdom
537397,SKU_51010,LUNCH BAG PINK POLKADOT,12,8.24,12332,United Kingdom
537397,SKU_29474,RETROSPOT GARDEN WATERING CAN,8,14.97,12332,United Kingdom
537397,SKU_22758,JUMBO BAG WOODLAND ANIMALS,12,15.36,12332,United Kingdom
537398,SKU_68307,CHARLOTTE BAG PINK POLKADOT,3,11.89,12333,United Kingdom
537398,SKU_16078,CHARLOTTE BAG SUKI DESIGN,3,6.47,12333,United Kingdom
537398,SKU_25782,WOODLAND CHARLOTTE BAG,9,15.28,12333,United Kingdom
537399,SKU_10696,VINTAGE HEADS AND HORNS WALL ART,3,11.33,12334,United Kingdom
537399,SKU_10322,PAPER CHAIN KIT VINTAGE CHRISTMAS,2,11.75,12334,United Kingdom
537399,SKU_26130,PAPER CHAIN KIT 50S CHRISTMAS,4,13.17,12334,United Kingdom
537400,SKU_22758,JUMBO BAG WOODLAND ANIMALS,1,6.62,12335,United Kingdom
537400,SKU_44719,JUMBO BAG RED RETROSPOT,1,13.87,12335,United Kingdom
537401,SKU_93482,SWEETHEART CERAMIC TRINKET BOX,12,9.13,12336,United Kingdom
537401,SKU_77748,STRAWBERRY CERAMIC TRINKET BOX,6,1.6,12336,United Kingdom
537401,SKU_64311,CERAMIC STRAWBERRY CAKE STAND,3,12.18,12336,United Kingdom
537402,SKU_11920,HEART OF WICKER SMALL,8,7.87,12337,United Kingdom
537402,SKU_53682,WHITE HANGING HEART T-LIGHT HOLDER,5,11.89,12337,United Kingdom
537402,SKU_32339,HEART OF WICKER LARGE,6,9.26,12337,United Kingdom
537402,SKU_15736,RED HANGING HEART T-LIGHT HOLDER,5,8.14,12337,United Kingdom
537403,SKU_85409,REGENCY TEAPOT,7,14.07,12338,United Kingdom
537403,SKU_94290,GREEN REGENCY TEACUP AND SAUCER,9,4.69,12338,United Kingdom
537403,SKU_38659,ROSES REGENCY TEACUP AND SAUCER,2,6.84,12338,United Kingdom
537403,SKU_74486,REGENCY CAKESTAND 3 TIER,9,13.63,12338,United Kingdom
537404,SKU_20773,LUNCH BAG RED RETROSPOT,8,12.47,12339,United Kingdom
537404,SKU_11920,HEART OF WICKER SMALL,12,4.35,12339,United Kingdom
537404,SKU_53682,WHITE HANGING HEART T-LIGHT HOLDER,10,10.59,12339,United Kingdom
537404,SKU_32339,HEART OF WICKER LARGE,3,14.88,12339,United Kingdom
537404,SKU_15736,RED HANGING HEART T-LIGHT HOLDER,1,5.89,12339,United Kingdom
537405,SKU_86048,SET OF 6 SPICE TINS PANTRY DESIGN,4,14.03,12340,United Kingdom
537405,SKU_04128,MINI PAINT SET VINTAGE,6,10.56,12340,United Kingdom
537405,SKU_09699,RECIPE BOX PANTRY DESIGN,12,14.99,12340,United Kingdom
537405,SKU_44719,JUMBO BAG RED RETROSPOT,10,13.44,12340,United Kingdom
537405,SKU_92886,ALARM CLOCK BAKELIKE RED,9,4.15,12340,United Kingdom
537405,SKU_89820,SET OF 3 CAKE TINS PANTRY DESIGN,9,14.64,12340,United Kingdom
537406,SKU_11920,HEART OF WICKER SMALL,4,3.55,12341,United Kingdom
537406,SKU_32339,HEART OF WICKER LARGE,7,5.38,12341,United Kingdom
537406,SKU_15736,RED HANGING HEART T-LIGHT HOLDER,1,9.39,12341,United Kingdom
537407,SKU_38752,ALARM CLOCK BAKELIKE GREEN,8,1.29,12342,United Kingdom
537407,SKU_04128,MINI PAINT SET VINTAGE,10,3.73,12342,United Kingdom
537407,SKU_02417,ALARM CLOCK BAKELIKE PINK,2,3.56,12342,United Kingdom
537407,SKU_23059,PARTY BUNTING,6,4.76,12342,United Kingdom
537407,SKU_92886,ALARM CLOCK BAKELIKE RED,10,7.93,12342,United Kingdom
537408,SKU_29474,RETROSPOT GARDEN WATERING CAN,9,3.94,12343,United Kingdom
537408,SKU_65048,PINK REGENCY TEACUP AND SAUCER,1,13.84,12343,United Kingdom
537408,SKU_16078,CHARLOTTE BAG SUKI DESIGN,5,12.09,12343,United Kingdom
537408,SKU_44719,JUMBO BAG RED RETROSPOT,8,9.89,12343,United Kingdom
537408,SKU_26130,PAPER CHAIN KIT 50S CHRISTMAS,11,13.86,12343,United Kingdom
537408,SKU_68307,CHARLOTTE BAG PINK POLKADOT,9,8.42,12343,United Kingdom
537408,SKU_10322,PAPER CHAIN KIT VINTAGE CHRISTMAS,10,7.5,12343,United Kingdom
537408,SKU_15736,RED HANGING HEART T-LIGHT HOLDER,11,4.25,12343,United Kingdom
537409,SKU_38752,ALARM CLOCK BAKELIKE GREEN,2,1.58,12344,United Kingdom
537409,SKU_59297,POPCORN HOLDER,3,10.41,12344,United Kingdom
537409,SKU_10696,VINTAGE HEADS AND HORNS WALL ART,3,12.35,12344,United Kingdom
537409,SKU_59570,GARDENERS KNEELING PAD KEEP CALM,12,14.67,12344,United Kingdom
537409,SKU_94290,GREEN REGENCY TEACUP AND SAUCER,12,6.21,12344,United Kingdom
537409,SKU_77748,STRAWBERRY CERAMIC TRINKET BOX,1,2.57,12344,United Kingdom
537409,SKU_26130,PAPER CHAIN KIT 50S CHRISTMAS,4,8.06,12344,United Kingdom
537409,SKU_64311,CERAMIC STRAWBERRY CAKE STAND,11,13.62,12344,United Kingdom
537409,SKU_55418,JUMBO BAG PINK POLKADOT,9,4.0,12344,United Kingdom
537410,SKU_86048,SET OF 6 SPICE TINS PANTRY DESIGN,8,2.43,12345,United Kingdom
537410,SKU_09699,RECIPE BOX PANTRY DESIGN,11,9.71,12345,United Kingdom
537411,SKU_44719,JUMBO BAG RED RETROSPOT,3,14.26,12346,United Kingdom
537411,SKU_03409,GARDENERS KNEELING PAD CUP OF TEA,1,2.97,12346,United Kingdom
537411,SKU_53682,WHITE HANGING HEART T-LIGHT HOLDER,12,1.7,12346,United Kingdom
537411,SKU_32339,HEART OF WICKER LARGE,3,11.55,12346,United Kingdom
537411,SKU_77748,STRAWBERRY CERAMIC TRINKET BOX,11,11.83,12346,United Kingdom
537412,SKU_86048,SET OF 6 SPICE TINS PANTRY DESIGN,9,1.44,12347,United Kingdom
537412,SKU_51010,LUNCH BAG PINK POLKADOT,3,7.74,12347,United Kingdom
537412,SKU_25782,WOODLAND CHARLOTTE BAG,11,12.81,12347,United Kingdom
537412,SKU_16078,CHARLOTTE BAG SUKI DESIGN,9,2.73,12347,United Kingdom
537413,SKU_29474,RETROSPOT GARDEN WATERING CAN,3,1.49,12348,United Kingdom
537413,SKU_93482,SWEETHEART CERAMIC TRINKET BOX,10,4.01,12348,United Kingdom
537413,SKU_44719,JUMBO BAG RED RETROSPOT,6,15.42,12348,United Kingdom
537413,SKU_26130,PAPER CHAIN KIT 50S CHRISTMAS,6,11.53,12348,United Kingdom
537413,SKU_53682,WHITE HANGING HEART T-LIGHT HOLDER,2,12.8,12348,United Kingdom
537413,SKU_72894,DOORMAT KEEP CALM AND COME IN,12,10.59,12348,United Kingdom
537414,SKU_04128,MINI PAINT SET VINTAGE,3,5.18,12349,United Kingdom
537414,SKU_38659,ROSES REGENCY TEACUP AND SAUCER,7,14.58,12349,United Kingdom
537414,SKU_11920,HEART OF WICKER SMALL,9,5.9,12349,United Kingdom
537414,SKU_26130,PAPER CHAIN KIT 50S CHRISTMAS,6,6.77,12349,United Kingdom
537414,SKU_89820,SET OF 3 CAKE TINS PANTRY DESIGN,3,4.27,12349,United Kingdom
537415,SKU_15736,RED HANGING HEART T-LIGHT HOLDER,1,7.27,12000,United Kingdom
537415,SKU_53682,WHITE HANGING HEART T-LIGHT HOLDER,6,10.0,12000,United Kingdom
537415,SKU_32339,HEART OF WICKER LARGE,8,4.54,12000,United Kingdom
537415,SKU_11920,HEART OF WICKER SMALL,8,5.21,12000,United Kingdom
537416,SKU_85409,REGENCY TEAPOT,4,3.1,12001,United Kingdom
537416,SKU_38659,ROSES REGENCY TEACUP AND SAUCER,5,8.82,12001,United Kingdom
537416,SKU_94290,GREEN REGENCY TEACUP AND SAUCER,2,6.13,12001,United Kingdom
537416,SKU_74486,REGENCY CAKESTAND 3 TIER,5,14.83,12001,United Kingdom
537416,SKU_65048,PINK REGENCY TEACUP AND SAUCER,3,13.05,12001,United Kingdom
537417,SKU_85409,REGENCY TEAPOT,8,9.29,12002,United Kingdom
537417,SKU_94290,GREEN REGENCY TEACUP AND SAUCER,11,7.68,12002,United Kingdom
537417,SKU_74486,REGENCY CAKESTAND 3 TIER,7,13.98,12002,United Kingdom
537417,SKU_64311,CERAMIC STRAWBERRY CAKE STAND,5,10.13,12002,United Kingdom
537417,SKU_65048,PINK REGENCY TEACUP AND SAUCER,6,7.56,12002,United Kingdom
537418,SKU_38752,ALARM CLOCK BAKELIKE GREEN,7,1.29,12003,United Kingdom
537418,SKU_09699,RECIPE BOX PANTRY DESIGN,1,9.16,12003,United Kingdom
537418,SKU_10696,VINTAGE HEADS AND HORNS WALL ART,2,12.61,12003,United Kingdom
537418,SKU_26130,PAPER CHAIN KIT 50S CHRISTMAS,9,3.0,12003,United Kingdom
537418,SKU_10322,PAPER CHAIN KIT VINTAGE CHRISTMAS,4,1.63,12003,United Kingdom
537418,SKU_15736,RED HANGING HEART T-LIGHT HOLDER,12,12.54,12003,United Kingdom
537419,SKU_15736,RED HANGING HEART T-LIGHT HOLDER,9,1.86,12004,United Kingdom
537419,SKU_53682,WHITE HANGING HEART T-LIGHT HOLDER,1,8.62,12004,United Kingdom
537419,SKU_32339,HEART OF WICKER LARGE,12,10.8,12004,United Kingdom
537419,SKU_68307,CHARLOTTE BAG PINK POLKADOT,8,2.78,12004,United Kingdom
537420,SKU_86048,SET OF 6 SPICE TINS PANTRY DESIGN,1,7.83,12005,United Kingdom
537420,SKU_65048,PINK REGENCY TEACUP AND SAUCER,4,5.98,12005,United Kingdom
537420,SKU_53682,WHITE HANGING HEART T-LIGHT HOLDER,1,12.84,12005,United Kingdom
537420,SKU_32339,HEART OF WICKER LARGE,5,6.4,12005,United Kingdom
537420,SKU_15736,RED HANGING HEART T-LIGHT HOLDER,9,14.84,12005,United Kingdom
537421,SKU_86048,SET OF 6 SPICE TINS PANTRY DESIGN,6,8.83,12006,United Kingdom
537421,SKU_77748,STRAWBERRY CERAMIC TRINKET BOX,9,10.89,12006,United Kingdom
537421,SKU_09699,RECIPE BOX PANTRY DESIGN,8,7.32,12006,United Kingdom
537421,SKU_89820,SET OF 3 CAKE TINS PANTRY DESIGN,7,9.75,12006,United Kingdom
537422,SKU_55418,JUMBO BAG PINK POLKADOT,8,14.39,12007,United Kingdom
537422,SKU_09699,RECIPE BOX PANTRY DESIGN,7,13.93,12007,United Kingdom
537422,SKU_89820,SET OF 3 CAKE TINS PANTRY DESIGN,7,12.98,12007,United Kingdom
537422,SKU_20773,LUNCH BAG RED RETROSPOT,2,6.28,12007,United Kingdom
537423,SKU_86048,SET OF 6 SPICE TINS PANTRY DESIGN,1,1.71,12008,United Kingdom
537423,SKU_09699,RECIPE BOX PANTRY DESIGN,5,6.99,12008,United Kingdom
537424,SKU_38752,ALARM CLOCK BAKELIKE GREEN,12,9.27,12009,United Kingdom
537424,SKU_29474,RETROSPOT GARDEN WATERING CAN,12,13.48,12009,United Kingdom
537424,SKU_11920,HEART OF WICKER SMALL,11,11.17,12009,United Kingdom
537424,SKU_02417,ALARM CLOCK BAKELIKE PINK,10,1.29,12009,United Kingdom
537424,SKU_94290,GREEN REGENCY TEACUP AND SAUCER,4,10.76,12009,United Kingdom
537424,SKU_03409,GARDENERS KNEELING PAD CUP OF TEA,12,2.19,12009,United Kingdom
537424,SKU_92886,ALARM CLOCK BAKELIKE RED,3,1.85,12009,United Kingdom
537424,SKU_65048,PINK REGENCY TEACUP AND SAUCER,10,9.93,12009,United Kingdom
537425,SKU_38752,ALARM CLOCK BAKELIKE GREEN,11,2.18,12010,United Kingdom
537425,SKU_02417,ALARM CLOCK BAKELIKE PINK,8,9.66,12010,United Kingdom
537425,SKU_92886,ALARM CLOCK BAKELIKE RED,11,2.96,12010,United Kingdom
537426,SKU_03409,GARDENERS KNEELING PAD CUP OF TEA,4,8.16,12011,United Kingdom
537426,SKU_59570,GARDENERS KNEELING PAD KEEP CALM,1,8.16,12011,United Kingdom
537426,SKU_29474,RETROSPOT GARDEN WATERING CAN,10,5.04,12011,United Kingdom
537426,SKU_44719,JUMBO BAG RED RETROSPOT,4,13.09,12011,United Kingdom
537427,SKU_85409,REGENCY TEAPOT,3,1.62,12012,United Kingdom
537427,SKU_51010,LUNCH BAG PINK POLKADOT,8,1.98,12012,United Kingdom
537427,SKU_09699,RECIPE BOX PANTRY DESIGN,8,12.93,12012,United Kingdom
537427,SKU_13714,HAND WARMER BIRD NEST,9,13.28,12012,United Kingdom
537427,SKU_23059,PARTY BUNTING,2,2.52,12012,United Kingdom
537427,SKU_32339,HEART OF WICKER LARGE,1,13.23,12012,United Kingdom
537427,SKU_64311,CERAMIC STRAWBERRY CAKE STAND,11,10.73,12012,United Kingdom
537428,SKU_04128,MINI PAINT SET VINTAGE,2,2.44,12013,United Kingdom
537428,SKU_29474,RETROSPOT GARDEN WATERING CAN,8,14.97,12013,United Kingdom
537428,SKU_44719,JUMBO BAG RED RETROSPOT,12,13.17,12013,United Kingdom
537428,SKU_02417,ALARM CLOCK BAKELIKE PINK,9,10.17,12013,United Kingdom
537428,SKU_92886,ALARM CLOCK BAKELIKE RED,5,14.47,12013,United Kingdom
537429,SKU_15736,RED HANGING HEART T-LIGHT HOLDER,3,12.05,12014,United Kingdom
537429,SKU_53682,WHITE HANGING HEART T-LIGHT HOLDER,8,14.74,12014,United Kingdom
537429,SKU_32339,HEART OF WICKER LARGE,6,8.69,12014,United Kingdom
537429,SKU_11920,HEART OF WICKER SMALL,12,14.46,12014,United Kingdom
537430,SKU_68307,CHARLOTTE BAG PINK POLKADOT,1,12.82,12015,United Kingdom
537430,SKU_25782,WOODLAND CHARLOTTE BAG,5,8.95,12015,United Kingdom
537430,SKU_16078,CHARLOTTE BAG SUKI DESIGN,7,8.01,12015,United Kingdom
537431,SKU_04128,MINI PAINT SET VINTAGE,5,12.53,12016,United Kingdom
537431,SKU_02417,ALARM CLOCK BAKELIKE PINK,10,10.8,12016,United Kingdom
537431,SKU_53682,WHITE HANGING HEART T-LIGHT HOLDER,9,14.13,12016,United Kingdom
537431,SKU_32339,HEART OF WICKER LARGE,3,7.85,12016,United Kingdom
537431,SKU_13714,HAND WARMER BIRD NEST,7,9.49,12016,United Kingdom
537431,SKU_15736,RED HANGING HEART T-LIGHT HOLDER,11,14.51,12016,United Kingdom
537432,SKU_65048,PINK REGENCY TEACUP AND SAUCER,5,14.14,12017,United Kingdom
537432,SKU_85409,REGENCY TEAPOT,2,12.51,12017,United Kingdom
537432,SKU_94290,GREEN REGENCY TEACUP AND SAUCER,7,2.85,12017,United Kingdom
537432,SKU_74486,REGENCY CAKESTAND 3 TIER,7,1.88,12017,United Kingdom
537433,SKU_80590,VICTORIAN GLASS HANGING T-LIGHT,9,4.44,12018,United Kingdom
537433,SKU_22758,JUMBO BAG WOODLAND ANIMALS,12,6.63,12018,United Kingdom
537434,SKU_68307,CHARLOTTE BAG PINK POLKADOT,10,14.45,12019,United Kingdom
537434,SKU_25782,WOODLAND CHARLOTTE BAG,12,10.37,12019,United Kingdom
537434,SKU_16078,CHARLOTTE BAG SUKI DESIGN,10,6.61,12019,United Kingdom
537435,SKU_38752,ALARM CLOCK BAKELIKE GREEN,9,6.07,12020,United Kingdom
537435,SKU_38659,ROSES REGENCY TEACUP AND SAUCER,7,3.28,12020,United Kingdom
537435,SKU_44719,JUMBO BAG RED RETROSPOT,6,9.51,12020,United Kingdom
537435,SKU_02417,ALARM CLOCK BAKELIKE PINK,4,13.01,12020,United Kingdom
537435,SKU_92886,ALARM CLOCK BAKELIKE RED,7,5.17,12020,United Kingdom
537436,SKU_65048,PINK REGENCY TEACUP AND SAUCER,12,8.4,12021,United Kingdom
537436,SKU_85409,REGENCY TEAPOT,10,1.84,12021,United Kingdom
537436,SKU_94290,GREEN REGENCY TEACUP AND SAUCER,7,3.21,12021,United Kingdom
537437,SKU_85409,REGENCY TEAPOT,7,1.56,12022,United Kingdom
537437,SKU_68307,CHARLOTTE BAG PINK POLKADOT,2,2.52,12022,United Kingdom
537437,SKU_25782,WOODLAND CHARLOTTE BAG,2,4.31,12022,United Kingdom
537438,SKU_86048,SET OF 6 SPICE TINS PANTRY DESIGN,4,11.43,12023,United Kingdom
537438,SKU_55418,JUMBO BAG PINK POLKADOT,2,4.57,12023,United Kingdom
537438,SKU_23059,PARTY BUNTING,8,11.51,12023,United Kingdom
537439,SKU_86048,SET OF 6 SPICE TINS PANTRY DESIGN,1,14.34,12024,United Kingdom
537440,SKU_59570,GARDENERS KNEELING PAD KEEP CALM,12,1.56,12025,United Kingdom
537440,SKU_29474,RETROSPOT GARDEN WATERING CAN,3,6.38,12025,United Kingdom
537441,SKU_29474,RETROSPOT GARDEN WATERING CAN,5,5.15,12026,United Kingdom
537441,SKU_53682,WHITE HANGING HEART T-LIGHT HOLDER,10,7.18,12026,United Kingdom
537441,SKU_06213,CHILLI LIGHTS,2,7.95,12026,United Kingdom
537441,SKU_09699,RECIPE BOX PANTRY DESIGN,12,8.15,12026,United Kingdom
537442,SKU_02417,ALARM CLOCK BAKELIKE PINK,7,7.83,12027,United Kingdom
537442,SKU_74486,REGENCY CAKESTAND 3 TIER,9,3.32,12027,United Kingdom
537442,SKU_49885,ASSORTED COLOUR BIRD ORNAMENT,5,2.38,12027,United Kingdom
537442,SKU_72894,DOORMAT KEEP CALM AND COME IN,5,7.15,12027,United Kingdom
537443,SKU_86048,SET OF 6 SPICE TINS PANTRY DESIGN,11,6.62,12028,United Kingdom
537443,SKU_64311,CERAMIC STRAWBERRY CAKE STAND,5,9.03,12028,United Kingdom
537444,SKU_04128,MINI PAINT SET VINTAGE,1,2.83,12029,United Kingdom
537444,SKU_29474,RETROSPOT GARDEN WATERING CAN,10,3.17,12029,United Kingdom
537444,SKU_10696,VINTAGE HEADS AND HORNS WALL ART,10,10.93,12029,United Kingdom
537444,SKU_80590,VICTORIAN GLASS HANGING T-LIGHT,1,13.29,12029,United Kingdom
537444,SKU_02417,ALARM CLOCK BAKELIKE PINK,8,15.42,12029,United Kingdom
537444,SKU_13714,HAND WARMER BIRD NEST,4,11.18,12029,United Kingdom
537444,SKU_59570,GARDENERS KNEELING PAD KEEP CALM,7,13.92,12029,United Kingdom
537444,SKU_53682,WHITE HANGING HEART T-LIGHT HOLDER,1,6.26,12029,United Kingdom
537445,SKU_06213,CHILLI LIGHTS,3,2.68,12030,United Kingdom
537445,SKU_26130,PAPER CHAIN KIT 50S CHRISTMAS,10,4.95,12030,United Kingdom
537445,SKU_53682,WHITE HANGING HEART T-LIGHT HOLDER,6,9.79,12030,United Kingdom
537445,SKU_32339,HEART OF WICKER LARGE,7,8.17,12030,United Kingdom
537445,SKU_15736,RED HANGING HEART T-LIGHT HOLDER,1,1.6,12030,United Kingdom
537446,SKU_38752,ALARM CLOCK BAKELIKE GREEN,8,7.1,12031,United Kingdom
537446,SKU_80590,VICTORIAN GLASS HANGING T-LIGHT,6,12.5,12031,United Kingdom
537446,SKU_02417,ALARM CLOCK BAKELIKE PINK,5,3.56,12031,United Kingdom
537446,SKU_68307,CHARLOTTE BAG PINK POLKADOT,5,5.74,12031,United Kingdom
537446,SKU_92886,ALARM CLOCK BAKELIKE RED,6,8.23,12031,United Kingdom
537447,SKU_02417,ALARM CLOCK BAKELIKE PINK,4,12.38,12032,United Kingdom
537447,SKU_29474,RETROSPOT GARDEN WATERING CAN,10,1.66,12032,United Kingdom
537447,SKU_89820,SET OF 3 CAKE TINS PANTRY DESIGN,3,4.71,12032,United Kingdom
537447,SKU_59570,GARDENERS KNEELING PAD KEEP CALM,6,4.93,12032,United Kingdom
537448,SKU_10322,PAPER CHAIN KIT VINTAGE CHRISTMAS,12,5.37,12033,United Kingdom
537448,SKU_77748,STRAWBERRY CERAMIC TRINKET BOX,2,6.9,12033,United Kingdom
537448,SKU_64311,CERAMIC STRAWBERRY CAKE STAND,6,9.85,12033,United Kingdom
537449,SKU_38659,ROSES REGENCY TEACUP AND SAUCER,7,14.99,12034,United Kingdom
537449,SKU_11920,HEART OF WICKER SMALL,8,11.14,12034,United Kingdom
537449,SKU_25782,WOODLAND CHARLOTTE BAG,8,5.68,12034,United Kingdom
537449,SKU_92886,ALARM CLOCK BAKELIKE RED,3,12.13,12034,United Kingdom
537449,SKU_65048,PINK REGENCY TEACUP AND SAUCER,10,2.21,12034,United Kingdom
537450,SKU_09699,RECIPE BOX PANTRY DESIGN,9,12.61,12035,United Kingdom
537450,SKU_11920,HEART OF WICKER SMALL,11,6.78,12035,United Kingdom
537450,SKU_53682,WHITE HANGING HEART T-LIGHT HOLDER,1,1.34,12035,United Kingdom
537450,SKU_32339,HEART OF WICKER LARGE,9,1.46,12035,United Kingdom
537450,SKU_13714,HAND WARMER BIRD NEST,8,9.64,12035,United Kingdom
537451,SKU_29474,RETROSPOT GARDEN WATERING CAN,5,7.61,12036,United Kingdom
537451,SKU_10696,VINTAGE HEADS AND HORNS WALL ART,12,7.07,12036,United Kingdom
537451,SKU_32339,HEART OF WICKER LARGE,5,13.4,12036,United Kingdom
537451,SKU_74486,REGENCY CAKESTAND 3 TIER,11,12.82,12036,United Kingdom
537451,SKU_15736,RED HANGING HEART T-LIGHT HOLDER,2,3.35,12036,United Kingdom
537452,SKU_55418,JUMBO BAG PINK POLKADOT,4,7.38,12037,United Kingdom
537452,SKU_68307,CHARLOTTE BAG PINK POLKADOT,12,9.64,12037,United Kingdom
537452,SKU_22758,JUMBO BAG WOODLAND ANIMALS,7,13.6,12037,United Kingdom
537453,SKU_16078,CHARLOTTE BAG SUKI DESIGN,5,14.76,12038,United Kingdom
537453,SKU_68307,CHARLOTTE BAG PINK POLKADOT,3,5.66,12038,United Kingdom
537453,SKU_25782,WOODLAND CHARLOTTE BAG,2,10.82,12038,United Kingdom
537454,SKU_86048,SET OF 6 SPICE TINS PANTRY DESIGN,1,1.7,12039,United Kingdom
537454,SKU_09699,RECIPE BOX PANTRY DESIGN,7,4.88,12039,United Kingdom
537454,SKU_89820,SET OF 3 CAKE TINS PANTRY DESIGN,11,6.49,12039,United Kingdom
537455,SKU_10696,VINTAGE HEADS AND HORNS WALL ART,2,3.24,12040,United Kingdom
537455,SKU_26130,PAPER CHAIN KIT 50S CHRISTMAS,4,3.45,12040,United Kingdom
537456,SKU_68307,CHARLOTTE BAG PINK POLKADOT,8,7.5,12041,United Kingdom
537456,SKU_16078,CHARLOTTE BAG SUKI DESIGN,7,12.14,12041,United Kingdom
537456,SKU_25782,WOODLAND CHARLOTTE BAG,4,10.72,12041,United Kingdom
537457,SKU_51010,LUNCH BAG PINK POLKADOT,2,14.04,12042,United Kingdom
537457,SKU_20773,LUNCH BAG RED RETROSPOT,6,11.43,12042,United Kingdom
537457,SKU_22758,JUMBO BAG WOODLAND ANIMALS,11,8.99,12042,United Kingdom
537457,SKU_44719,JUMBO BAG RED RETROSPOT,2,9.9,12042,United Kingdom
537457,SKU_55418,JUMBO BAG PINK POLKADOT,7,14.96,12042,United Kingdom
537458,SKU_86048,SET OF 6 SPICE TINS PANTRY DESIGN,1,1.76,12043,United Kingdom
537458,SKU_44719,JUMBO BAG RED RETROSPOT,12,12.48,12043,United Kingdom
537458,SKU_02417,ALARM CLOCK BAKELIKE PINK,12,2.73,12043,United Kingdom
537458,SKU_89820,SET OF 3 CAKE TINS PANTRY DESIGN,2,11.44,12043,United Kingdom
537458,SKU_49885,ASSORTED COLOUR BIRD ORNAMENT,7,7.53,12043,United Kingdom
537459,SKU_85409,REGENCY TEAPOT,8,11.29,12044,United Kingdom
537459,SKU_29474,RETROSPOT GARDEN WATERING CAN,9,2.78,12044,United Kingdom
537459,SKU_51010,LUNCH BAG PINK POLKADOT,11,11.03,12044,United Kingdom
537459,SKU_10322,PAPER CHAIN KIT VINTAGE CHRISTMAS,12,10.79,12044,United Kingdom
537459,SKU_59570,GARDENERS KNEELING PAD KEEP CALM,4,10.42,12044,United Kingdom
537459,SKU_92886,ALARM CLOCK BAKELIKE RED,2,3.35,12044,United Kingdom
537460,SKU_29474,RETROSPOT GARDEN WATERING CAN,1,5.61,12045,United Kingdom
537460,SKU_44719,JUMBO BAG RED RETROSPOT,6,8.11,12045,United Kingdom
537460,SKU_03409,GARDENERS KNEELING PAD CUP OF TEA,12,3.14,12045,United Kingdom
537460,SKU_59570,GARDENERS KNEELING PAD KEEP CALM,8,2.74,12045,United Kingdom
537460,SKU_23059,PARTY BUNTING,8,10.95,12045,United Kingdom
537460,SKU_72894,DOORMAT KEEP CALM AND COME IN,5,6.62,12045,United Kingdom
537461,SKU_11920,HEART OF WICKER SMALL,5,3.13,12046,United Kingdom
537461,SKU_53682,WHITE HANGING HEART T-LIGHT HOLDER,4,13.1,12046,United Kingdom
537461,SKU_32339,HEART OF WICKER LARGE,11,4.48,12046,United Kingdom
537461,SKU_15736,RED HANGING HEART T-LIGHT HOLDER,8,3.57,12046,United Kingdom
537462,SKU_51010,LUNCH BAG PINK POLKADOT,4,3.64,12047,United Kingdom
537462,SKU_29474,RETROSPOT GARDEN WATERING CAN,2,1.89,12047,United Kingdom
537462,SKU_80590,VICTORIAN GLASS HANGING T-LIGHT,2,1.46,12047,United Kingdom
537462,SKU_11920,HEART OF WICKER SMALL,4,3.75,12047,United Kingdom
537462,SKU_53682,WHITE HANGING HEART T-LIGHT HOLDER,1,1.48,12047,United Kingdom
537462,SKU_65048,PINK REGENCY TEACUP AND SAUCER,12,8.69,12047,United Kingdom
537463,SKU_80590,VICTORIAN GLASS HANGING T-LIGHT,12,6.75,12048,United Kingdom
537463,SKU_59570,GARDENERS KNEELING PAD KEEP CALM,1,9.06,12048,United Kingdom
537463,SKU_77748,STRAWBERRY CERAMIC TRINKET BOX,5,3.95,12048,United Kingdom
537463,SKU_64311,CERAMIC STRAWBERRY CAKE STAND,7,12.61,12048,United Kingdom
537463,SKU_31997,DOLLY GIRL LUNCH BOX,5,2.13,12048,United Kingdom
537464,SKU_38752,ALARM CLOCK BAKELIKE GREEN,11,3.22,12049,United Kingdom
537464,SKU_06213,CHILLI LIGHTS,6,5.66,12049,United Kingdom
537464,SKU_80590,VICTORIAN GLASS HANGING T-LIGHT,10,5.76,12049,United Kingdom
537464,SKU_53682,WHITE HANGING HEART T-LIGHT HOLDER,11,12.51,12049,United Kingdom
537464,SKU_92886,ALARM CLOCK BAKELIKE RED,1,1.3,12049,United Kingdom
537465,SKU_03409,GARDENERS KNEELING PAD CUP OF TEA,7,14.3,12050,United Kingdom
537466,SKU_38752,ALARM CLOCK BAKELIKE GREEN,2,5.97,12051,United Kingdom
537466,SKU_02417,ALARM CLOCK BAKELIKE PINK,12,1.91,12051,United Kingdom
537466,SKU_92886,ALARM CLOCK BAKELIKE RED,7,15.11,12051,United Kingdom
537467,SKU_93482,SWEETHEART CERAMIC TRINKET BOX,11,6.85,12052,United Kingdom
537467,SKU_77748,STRAWBERRY CERAMIC TRINKET BOX,6,5.51,12052,United Kingdom
537467,SKU_64311,CERAMIC STRAWBERRY CAKE STAND,2,11.35,12052,United Kingdom
537468,SKU_86048,SET OF 6 SPICE TINS PANTRY DESIGN,8,1.85,12053,United Kingdom
537468,SKU_02417,ALARM CLOCK BAKELIKE PINK,10,1.46,12053,United Kingdom
537468,SKU_09699,RECIPE BOX PANTRY DESIGN,9,12.08,12053,United Kingdom
537468,SKU_89820,SET OF 3 CAKE TINS PANTRY DESIGN,7,7.23,12053,United Kingdom
537469,SKU_59570,GARDENERS KNEELING PAD KEEP CALM,9,4.59,12054,United Kingdom
537469,SKU_29474,RETROSPOT GARDEN WATERING CAN,7,9.2,12054,United Kingdom
537469,SKU_16078,CHARLOTTE BAG SUKI DESIGN,9,14.04,12054,United Kingdom
537470,SKU_16078,CHARLOTTE BAG SUKI DESIGN,1,6.54,12055,United Kingdom
537470,SKU_68307,CHARLOTTE BAG PINK POLKADOT,10,7.36,12055,United Kingdom
537470,SKU_25782,WOODLAND CHARLOTTE BAG,6,7.71,12055,United Kingdom
537471,SKU_22758,JUMBO BAG WOODLAND ANIMALS,7,1.46,12056,United Kingdom
537471,SKU_10696,VINTAGE HEADS AND HORNS WALL ART,2,9.13,12056,United Kingdom
537471,SKU_16078,CHARLOTTE BAG SUKI DESIGN,1,12.09,12056,United Kingdom
537471,SKU_80590,VICTORIAN GLASS HANGING T-LIGHT,10,6.5,12056,United Kingdom
537471,SKU_68307,CHARLOTTE BAG PINK POLKADOT,3,14.66,12056,United Kingdom
537471,SKU_25782,WOODLAND CHARLOTTE BAG,8,6.4,12056,United Kingdom
537471,SKU_15736,RED HANGING HEART T-LIGHT HOLDER,9,5.73,12056,United Kingdom
537471,SKU_31997,DOLLY GIRL LUNCH BOX,2,7.81,12056,United Kingdom
537472,SKU_85409,REGENCY TEAPOT,2,8.97,12057,United Kingdom
537472,SKU_11920,HEART OF WICKER SMALL,11,9.11,12057,United Kingdom
537472,SKU_53682,WHITE HANGING HEART T-LIGHT HOLDER,5,2.56,12057,United Kingdom
537472,SKU_32339,HEART OF WICKER LARGE,12,9.69,12057,United Kingdom
537472,SKU_15736,RED HANGING HEART T-LIGHT HOLDER,3,7.46,12057,United Kingdom
537473,SKU_51010,LUNCH BAG PINK POLKADOT,12,11.67,12058,United Kingdom
537473,SKU_20773,LUNCH BAG RED RETROSPOT,5,14.31,12058,United Kingdom
537473,SKU_22758,JUMBO BAG WOODLAND ANIMALS,2,12.98,12058,United Kingdom
537473,SKU_44719,JUMBO BAG RED RETROSPOT,6,10.95,12058,United Kingdom
537473,SKU_55418,JUMBO BAG PINK POLKADOT,6,8.18,12058,United Kingdom
537474,SKU_38659,ROSES REGENCY TEACUP AND SAUCER,12,1.96,12059,United Kingdom
537474,SKU_13714,HAND WARMER BIRD NEST,11,6.94,12059,United Kingdom
537474,SKU_77748,STRAWBERRY CERAMIC TRINKET BOX,12,14.05,12059,United Kingdom
537474,SKU_74486,REGENCY CAKESTAND 3 TIER,7,5.17,12059,United Kingdom
537474,SKU_55418,JUMBO BAG PINK POLKADOT,1,7.8,12059,United Kingdom
537475,SKU_20773,LUNCH BAG RED RETROSPOT,6,13.9,12060,United Kingdom
537475,SKU_22758,JUMBO BAG WOODLAND ANIMALS,5,1.32,12060,United Kingdom
537475,SKU_87304,SPACEBOY LUNCH BOX,2,8.17,12060,United Kingdom
537475,SKU_44719,JUMBO BAG RED RETROSPOT,11,14.72,12060,United Kingdom
537475,SKU_55418,JUMBO BAG PINK POLKADOT,9,3.85,12060,United Kingdom
537476,SKU_25782,WOODLAND CHARLOTTE BAG,7,2.28,12061,United Kingdom
537476,SKU_16078,CHARLOTTE BAG SUKI DESIGN,9,14.42,12061,United Kingdom
537477,SKU_10696,VINTAGE HEADS AND HORNS WALL ART,2,2.91,12062,United Kingdom
537477,SKU_59570,GARDENERS KNEELING PAD KEEP CALM,6,15.14,12062,United Kingdom
537477,SKU_65048,PINK REGENCY TEACUP AND SAUCER,10,3.79,12062,United Kingdom
537478,SKU_11920,HEART OF WICKER SMALL,4,14.74,12063,United Kingdom
537478,SKU_53682,WHITE HANGING HEART T-LIGHT HOLDER,8,2.01,12063,United Kingdom
537478,SKU_32339,HEART OF WICKER LARGE,10,3.19,12063,United Kingdom
537478,SKU_94290,GREEN REGENCY TEACUP AND SAUCER,1,1.72,12063,United Kingdom
537478,SKU_15736,RED HANGING HEART T-LIGHT HOLDER,2,12.79,12063,United Kingdom
537479,SKU_65048,PINK REGENCY TEACUP AND SAUCER,5,9.26,12064,United Kingdom
537479,SKU_94290,GREEN REGENCY TEACUP AND SAUCER,6,11.21,12064,United Kingdom
537479,SKU_29474,RETROSPOT GARDEN WATERING CAN,4,12.8,12064,United Kingdom
537479,SKU_06213,CHILLI LIGHTS,3,12.61,12064,United Kingdom
537480,SKU_93482,SWEETHEART CERAMIC TRINKET BOX,3,9.73,12065,United Kingdom
537480,SKU_64311,CERAMIC STRAWBERRY CAKE STAND,5,14.88,12065,United Kingdom
537481,SKU_53682,WHITE HANGING HEART T-LIGHT HOLDER,10,12.55,12066,United Kingdom
537482,SKU_51010,LUNCH BAG PINK POLKADOT,12,12.27,12067,United Kingdom
537482,SKU_20773,LUNCH BAG RED RETROSPOT,1,4.92,12067,United Kingdom
537482,SKU_22758,JUMBO BAG WOODLAND ANIMALS,1,3.44,12067,United Kingdom
537482,SKU_44719,JUMBO BAG RED RETROSPOT,9,10.71,12067,United Kingdom
537482,SKU_55418,JUMBO BAG PINK POLKADOT,7,4.41,12067,United Kingdom
537483,SKU_86048,SET OF 6 SPICE TINS PANTRY DESIGN,3,7.24,12068,United Kingdom
537483,SKU_68307,CHARLOTTE BAG PINK POLKADOT,1,7.03,12068,United Kingdom
537483,SKU_25782,WOODLAND CHARLOTTE BAG,5,15.2,12068,United Kingdom
537483,SKU_16078,CHARLOTTE BAG SUKI DESIGN,7,1.8,12068,United Kingdom
537484,SKU_86048,SET OF 6 SPICE TINS PANTRY DESIGN,5,14.52,12069,United Kingdom
537484,SKU_09699,RECIPE BOX PANTRY DESIGN,9,4.03,12069,United Kingdom
537485,SKU_51010,LUNCH BAG PINK POLKADOT,7,14.29,12070,United Kingdom
537485,SKU_55418,JUMBO BAG PINK POLKADOT,9,1.93,12070,United Kingdom
537485,SKU_20773,LUNCH BAG RED RETROSPOT,6,2.01,12070,United Kingdom
537485,SKU_22758,JUMBO BAG WOODLAND ANIMALS,8,14.46,12070,United Kingdom
537486,SKU_38659,ROSES REGENCY TEACUP AND SAUCER,11,15.36,12071,United Kingdom
537486,SKU_93482,SWEETHEART CERAMIC TRINKET BOX,2,13.93,12071,United Kingdom
537486,SKU_44719,JUMBO BAG RED RETROSPOT,2,14.8,12071,United Kingdom
537486,SKU_26130,PAPER CHAIN KIT 50S CHRISTMAS,2,7.84,12071,United Kingdom
537486,SKU_77748,STRAWBERRY CERAMIC TRINKET BOX,9,14.67,12071,United Kingdom
537486,SKU_25782,WOODLAND CHARLOTTE BAG,2,9.81,12071,United Kingdom
537486,SKU_64311,CERAMIC STRAWBERRY CAKE STAND,11,1.52,12071,United Kingdom
537486,SKU_49885,ASSORTED COLOUR BIRD ORNAMENT,6,12.73,12071,United Kingdom
537487,SKU_16078,CHARLOTTE BAG SUKI DESIGN,12,14.65,12072,United Kingdom
537487,SKU_26130,PAPER CHAIN KIT 50S CHRISTMAS,11,3.77,12072,United Kingdom
537487,SKU_68307,CHARLOTTE BAG PINK POLKADOT,1,13.97,12072,United Kingdom
537487,SKU_77748,STRAWBERRY CERAMIC TRINKET BOX,11,3.18,12072,United Kingdom
537487,SKU_25782,WOODLAND CHARLOTTE BAG,8,14.09,12072,United Kingdom
537487,SKU_64311,CERAMIC STRAWBERRY CAKE STAND,10,6.34,12072,United Kingdom
537487,SKU_92886,ALARM CLOCK BAKELIKE RED,1,1.4,12072,United Kingdom
537488,SKU_65048,PINK REGENCY TEACUP AND SAUCER,11,11.03,12073,United Kingdom
537488,SKU_22758,JUMBO BAG WOODLAND ANIMALS,10,4.95,12073,United Kingdom
537488,SKU_11920,HEART OF WICKER SMALL,11,13.94,12073,United Kingdom
537489,SKU_68307,CHARLOTTE BAG PINK POLKADOT,8,11.28,12074,United Kingdom
537489,SKU_25782,WOODLAND CHARLOTTE BAG,3,7.86,12074,United Kingdom
537489,SKU_16078,CHARLOTTE BAG SUKI DESIGN,9,1.96,12074,United Kingdom
537490,SKU_10696,VINTAGE HEADS AND HORNS WALL ART,11,10.11,12075,United Kingdom
537490,SKU_26130,PAPER CHAIN KIT 50S CHRISTMAS,5,12.26,12075,United Kingdom
537490,SKU_93482,SWEETHEART CERAMIC TRINKET BOX,1,4.15,12075,United Kingdom
537491,SKU_38752,ALARM CLOCK BAKELIKE GREEN,7,1.9,12076,United Kingdom
537491,SKU_38659,ROSES REGENCY TEACUP AND SAUCER,10,11.21,12076,United Kingdom
537492,SKU_06213,CHILLI LIGHTS,9,6.37,12077,United Kingdom
537492,SKU_22758,JUMBO BAG WOODLAND ANIMALS,4,14.21,12077,United Kingdom
537492,SKU_87304,SPACEBOY LUNCH BOX,11,9.33,12077,United Kingdom
537492,SKU_59570,GARDENERS KNEELING PAD KEEP CALM,3,1.9,12077,United Kingdom
537492,SKU_15736,RED HANGING HEART T-LIGHT HOLDER,7,2.26,12077,United Kingdom
537493,SKU_16078,CHARLOTTE BAG SUKI DESIGN,9,2.09,12078,United Kingdom
537493,SKU_68307,CHARLOTTE BAG PINK POLKADOT,9,6.76,12078,United Kingdom
537493,SKU_25782,WOODLAND CHARLOTTE BAG,8,8.05,12078,United Kingdom
537494,SKU_86048,SET OF 6 SPICE TINS PANTRY DESIGN,12,13.93,12079,United Kingdom
537494,SKU_09699,RECIPE BOX PANTRY DESIGN,4,10.69,12079,United Kingdom
537494,SKU_89820,SET OF 3 CAKE TINS PANTRY DESIGN,10,13.34,12079,United Kingdom
537495,SKU_10696,VINTAGE HEADS AND HORNS WALL ART,4,3.54,12080,United Kingdom
537495,SKU_03409,GARDENERS KNEELING PAD CUP OF TEA,6,13.06,12080,United Kingdom
537495,SKU_26130,PAPER CHAIN KIT 50S CHRISTMAS,2,8.28,12080,United Kingdom
537495,SKU_74486,REGENCY CAKESTAND 3 TIER,7,5.71,12080,United Kingdom
537495,SKU_55418,JUMBO BAG PINK POLKADOT,3,14.06,12080,United Kingdom
537496,SKU_11920,HEART OF WICKER SMALL,11,3.91,12081,United Kingdom
537496,SKU_53682,WHITE HANGING HEART T-LIGHT HOLDER,10,11.26,12081,United Kingdom
537496,SKU_32339,HEART OF WICKER LARGE,3,4.37,12081,United Kingdom
537497,SKU_06213,CHILLI LIGHTS,11,12.14,12082,United Kingdom
537497,SKU_10696,VINTAGE HEADS AND HORNS WALL ART,9,9.17,12082,United Kingdom
537497,SKU_16078,CHARLOTTE BAG SUKI DESIGN,7,8.52,12082,United Kingdom
537497,SKU_26130,PAPER CHAIN KIT 50S CHRISTMAS,4,1.45,12082,United Kingdom
537497,SKU_94290,GREEN REGENCY TEACUP AND SAUCER,2,2.51,12082,United Kingdom
537497,SKU_74486,REGENCY CAKESTAND 3 TIER,7,7.58,12082,United Kingdom
537498,SKU_59297,POPCORN HOLDER,3,9.71,12083,United Kingdom
537498,SKU_10322,PAPER CHAIN KIT VINTAGE CHRISTMAS,10,12.24,12083,United Kingdom
537498,SKU_53682,WHITE HANGING HEART T-LIGHT HOLDER,5,3.64,12083,United Kingdom
537498,SKU_74486,REGENCY CAKESTAND 3 TIER,1,4.54,12083,United Kingdom
537498,SKU_49885,ASSORTED COLOUR BIRD ORNAMENT,4,7.22,12083,United Kingdom
537499,SKU_10696,VINTAGE HEADS AND HORNS WALL ART,12,9.74,12084,United Kingdom
537499,SKU_85409,REGENCY TEAPOT,1,14.18,12084,United Kingdom
537499,SKU_38659,ROSES REGENCY TEACUP AND SAUCER,2,2.54,12084,United Kingdom
537499,SKU_16078,CHARLOTTE BAG SUKI DESIGN,6,13.25,12084,United Kingdom
537500,SKU_29474,RETROSPOT GARDEN WATERING CAN,2,8.69,12085,United Kingdom
537500,SKU_44719,JUMBO BAG RED RETROSPOT,8,11.55,12085,United Kingdom
537500,SKU_03409,GARDENERS KNEELING PAD CUP OF TEA,11,6.47,12085,United Kingdom
537500,SKU_55418,JUMBO BAG PINK POLKADOT,2,7.43,12085,United Kingdom
537500,SKU_72894,DOORMAT KEEP CALM AND COME IN,2,8.42,12085,United Kingdom
537501,SKU_10696,VINTAGE HEADS AND HORNS WALL ART,10,11.93,12086,United Kingdom
537501,SKU_10322,PAPER CHAIN KIT VINTAGE CHRISTMAS,12,15.11,12086,United Kingdom
537501,SKU_26130,PAPER CHAIN KIT 50S CHRISTMAS,3,11.28,12086,United Kingdom
537502,SKU_85409,REGENCY TEAPOT,9,15.2,12087,United Kingdom
537502,SKU_29474,RETROSPOT GARDEN WATERING CAN,10,14.68,12087,United Kingdom
537502,SKU_03409,GARDENERS KNEELING PAD CUP OF TEA,9,14.2,12087,United Kingdom
537502,SKU_10322,PAPER CHAIN KIT VINTAGE CHRISTMAS,8,14.06,12087,United Kingdom
537502,SKU_23059,PARTY BUNTING,9,5.18,12087,United Kingdom
537502,SKU_59570,GARDENERS KNEELING PAD KEEP CALM,5,13.59,12087,United Kingdom
537503,SKU_38659,ROSES REGENCY TEACUP AND SAUCER,3,10.69,12088,United Kingdom
537503,SKU_87304,SPACEBOY LUNCH BOX,3,2.09,12088,United Kingdom
537503,SKU_03409,GARDENERS KNEELING PAD CUP OF TEA,2,5.2,12088,United Kingdom
537503,SKU_59570,GARDENERS KNEELING PAD KEEP CALM,8,15.32,12088,United Kingdom
537503,SKU_55418,JUMBO BAG PINK POLKADOT,11,4.26,12088,United Kingdom
537504,SKU_20773,LUNCH BAG RED RETROSPOT,3,1.76,12089,United Kingdom
537504,SKU_03409,GARDENERS KNEELING PAD CUP OF TEA,4,15.2,12089,United Kingdom
537504,SKU_59570,GARDENERS KNEELING PAD KEEP CALM,5,14.6,12089,United Kingdom
537504,SKU_32339,HEART OF WICKER LARGE,12,3.38,12089,United Kingdom
537504,SKU_77748,STRAWBERRY CERAMIC TRINKET BOX,3,3.11,12089,United Kingdom
537504,SKU_74486,REGENCY CAKESTAND 3 TIER,8,8.35,12089,United Kingdom
537505,SKU_51010,LUNCH BAG PINK POLKADOT,12,12.55,12090,United Kingdom
537505,SKU_20773,LUNCH BAG RED RETROSPOT,4,14.57,12090,United Kingdom
537505,SKU_26130,PAPER CHAIN KIT 50S CHRISTMAS,8,7.76,12090,United Kingdom
537505,SKU_94290,GREEN REGENCY TEACUP AND SAUCER,6,6.92,12090,United Kingdom
537505,SKU_64311,CERAMIC STRAWBERRY CAKE STAND,10,2.62,12090,United Kingdom
537505,SKU_15736,RED HANGING HEART T-LIGHT HOLDER,9,4.45,12090,United Kingdom
537506,SKU_32339,HEART OF WICKER LARGE,11,13.84,12091,United Kingdom
537506,SKU_06213,CHILLI LIGHTS,11,15.19,12091,United Kingdom
537507,SKU_38752,ALARM CLOCK BAKELIKE GREEN,10,11.92,12092,United Kingdom
537507,SKU_02417,ALARM CLOCK BAKELIKE PINK,9,4.36,12092,United Kingdom
537507,SKU_92886,ALARM CLOCK BAKELIKE RED,1,5.01,12092,United Kingdom
537508,SKU_15736,RED HANGING HEART T-LIGHT HOLDER,2,7.23,12093,United Kingdom
537508,SKU_93482,SWEETHEART CERAMIC TRINKET BOX,1,8.39,12093,United Kingdom
537508,SKU_92886,ALARM CLOCK BAKELIKE RED,6,7.03,12093,United Kingdom
537509,SKU_94290,GREEN REGENCY TEACUP AND SAUCER,10,8.55,12094,United Kingdom
537509,SKU_53682,WHITE HANGING HEART T-LIGHT HOLDER,7,6.41,12094,United Kingdom
537509,SKU_16078,CHARLOTTE BAG SUKI DESIGN,1,5.57,12094,United Kingdom
537509,SKU_64311,CERAMIC STRAWBERRY CAKE STAND,5,12.35,12094,United Kingdom
537510,SKU_20773,LUNCH BAG RED RETROSPOT,1,5.56,12095,United Kingdom
537510,SKU_10696,VINTAGE HEADS AND HORNS WALL ART,10,6.62,12095,United Kingdom
537510,SKU_94290,GREEN REGENCY TEACUP AND SAUCER,8,3.95,12095,United Kingdom
537510,SKU_68307,CHARLOTTE BAG PINK POLKADOT,3,6.74,12095,United Kingdom
537510,SKU_23059,PARTY BUNTING,7,13.82,12095,United Kingdom
537510,SKU_89820,SET OF 3 CAKE TINS PANTRY DESIGN,2,2.51,12095,United Kingdom
537511,SKU_10696,VINTAGE HEADS AND HORNS WALL ART,5,10.85,12096,United Kingdom
537511,SKU_26130,PAPER CHAIN KIT 50S CHRISTMAS,2,10.93,12096,United Kingdom
537511,SKU_64311,CERAMIC STRAWBERRY CAKE STAND,9,10.32,12096,United Kingdom
537512,SKU_29474,RETROSPOT GARDEN WATERING CAN,11,10.05,12097,United Kingdom
537512,SKU_23059,PARTY BUNTING,12,10.12,12097,United Kingdom
537513,SKU_86048,SET OF 6 SPICE TINS PANTRY DESIGN,5,4.39,12098,United Kingdom
537513,SKU_09699,RECIPE BOX PANTRY DESIGN,9,6.08,12098,United Kingdom
537513,SKU_89820,SET OF 3 CAKE TINS PANTRY DESIGN,4,13.89,12098,United Kingdom
537514,SKU_38752,ALARM CLOCK BAKELIKE GREEN,6,10.75,12099,United Kingdom
537514,SKU_22758,JUMBO BAG WOODLAND ANIMALS,6,8.83,12099,United Kingdom
537515,SKU_10696,VINTAGE HEADS AND HORNS WALL ART,9,8.37,12100,United Kingdom
537515,SKU_02417,ALARM CLOCK BAKELIKE PINK,1,6.58,12100,United Kingdom
537515,SKU_92886,ALARM CLOCK BAKELIKE RED,12,5.06,12100,United Kingdom
537516,SKU_59297,POPCORN HOLDER,11,5.08,12101,United Kingdom
537516,SKU_93482,SWEETHEART CERAMIC TRINKET BOX,6,12.59,12101,United Kingdom
537517,SKU_38752,ALARM CLOCK BAKELIKE GREEN,8,15.37,12102,United Kingdom
537517,SKU_02417,ALARM CLOCK BAKELIKE PINK,5,6.85,12102,United Kingdom
537517,SKU_59297,POPCORN HOLDER,12,9.72,12102,United Kingdom
537517,SKU_92886,ALARM CLOCK BAKELIKE RED,9,6.7,12102,United Kingdom
537518,SKU_85409,REGENCY TEAPOT,10,5.98,12103,United Kingdom
537518,SKU_22758,JUMBO BAG WOODLAND ANIMALS,10,14.32,12103,United Kingdom
537518,SKU_74486,REGENCY CAKESTAND 3 TIER,5,8.49,12103,United Kingdom
537518,SKU_92886,ALARM CLOCK BAKELIKE RED,6,3.89,12103,United Kingdom
537519,SKU_51010,LUNCH BAG PINK POLKADOT,3,4.66,12104,United Kingdom
537519,SKU_20773,LUNCH BAG RED RETROSPOT,12,9.64,12104,United Kingdom
537519,SKU_22758,JUMBO BAG WOODLAND ANIMALS,2,5.04,12104,United Kingdom
537519,SKU_92886,ALARM CLOCK BAKELIKE RED,7,3.0,12104,United Kingdom
537519,SKU_55418,JUMBO BAG PINK POLKADOT,5,2.0,12104,United Kingdom
537519,SKU_89820,SET OF 3 CAKE TINS PANTRY DESIGN,11,14.84,12104,United Kingdom
537520,SKU_86048,SET OF 6 SPICE TINS PANTRY DESIGN,2,5.54,12105,United Kingdom
537520,SKU_89820,SET OF 3 CAKE TINS PANTRY DESIGN,6,13.88,12105,United Kingdom
537521,SKU_85409,REGENCY TEAPOT,2,14.94,12106,United Kingdom
537521,SKU_38659,ROSES REGENCY TEACUP AND SAUCER,11,14.13,12106,United Kingdom
537521,SKU_94290,GREEN REGENCY TEACUP AND SAUCER,1,8.86,12106,United Kingdom
537521,SKU_74486,REGENCY CAKESTAND 3 TIER,11,11.66,12106,United Kingdom
537521,SKU_65048,PINK REGENCY TEACUP AND SAUCER,8,14.65,12106,United Kingdom
537522,SKU_53682,WHITE HANGING HEART T-LIGHT HOLDER,6,12.87,12107,United Kingdom
537522,SKU_55418,JUMBO BAG PINK POLKADOT,11,5.23,12107,United Kingdom
537522,SKU_80590,VICTORIAN GLASS HANGING T-LIGHT,3,7.42,12107,United Kingdom
537522,SKU_44719,JUMBO BAG RED RETROSPOT,9,12.61,12107,United Kingdom
537523,SKU_59297,POPCORN HOLDER,8,1.3,12108,United Kingdom
537523,SKU_20773,LUNCH BAG RED RETROSPOT,5,14.23,12108,United Kingdom
537523,SKU_16078,CHARLOTTE BAG SUKI DESIGN,11,13.04,12108,United Kingdom
537523,SKU_44719,JUMBO BAG RED RETROSPOT,11,11.23,12108,United Kingdom
537523,SKU_26130,PAPER CHAIN KIT 50S CHRISTMAS,3,12.84,12108,United Kingdom
537523,SKU_68307,CHARLOTTE BAG PINK POLKADOT,9,2.15,12108,United Kingdom
537524,SKU_85409,REGENCY TEAPOT,8,10.69,12109,United Kingdom
537524,SKU_20773,LUNCH BAG RED RETROSPOT,4,2.96,12109,United Kingdom
537524,SKU_06213,CHILLI LIGHTS,1,9.86,12109,United Kingdom
537524,SKU_22758,JUMBO BAG WOODLAND ANIMALS,4,15.04,12109,United Kingdom
537524,SKU_94290,GREEN REGENCY TEACUP AND SAUCER,12,12.53,12109,United Kingdom
537524,SKU_26130,PAPER CHAIN KIT 50S CHRISTMAS,4,12.12,12109,United Kingdom
537525,SKU_85409,REGENCY TEAPOT,11,3.91,12110,United Kingdom
537525,SKU_44719,JUMBO BAG RED RETROSPOT,12,10.24,12110,United Kingdom
537525,SKU_11920,HEART OF WICKER SMALL,8,12.42,12110,United Kingdom
537525,SKU_53682,WHITE HANGING HEART T-LIGHT HOLDER,6,3.07,12110,United Kingdom
537525,SKU_64311,CERAMIC STRAWBERRY CAKE STAND,6,15.02,12110,United Kingdom
537525,SKU_15736,RED HANGING HEART T-LIGHT HOLDER,6,13.04,12110,United Kingdom
537526,SKU_86048,SET OF 6 SPICE TINS PANTRY DESIGN,3,3.66,12111,United Kingdom
537527,SKU_16078,CHARLOTTE BAG SUKI DESIGN,10,3.73,12112,United Kingdom
537527,SKU_23059,PARTY BUNTING,5,6.43,12112,United Kingdom
537527,SKU_25782,WOODLAND CHARLOTTE BAG,8,11.1,12112,United Kingdom
537528,SKU_26130,PAPER CHAIN KIT 50S CHRISTMAS,8,6.91,12113,United Kingdom
537528,SKU_93482,SWEETHEART CERAMIC TRINKET BOX,1,9.1,12113,United Kingdom
537528,SKU_89820,SET OF 3 CAKE TINS PANTRY DESIGN,8,1.9,12113,United Kingdom
537529,SKU_29474,RETROSPOT GARDEN WATERING CAN,9,10.26,12114,United Kingdom
537529,SKU_20773,LUNCH BAG RED RETROSPOT,3,11.31,12114,United Kingdom
537529,SKU_10696,VINTAGE HEADS AND HORNS WALL ART,8,10.74,12114,United Kingdom
537529,SKU_16078,CHARLOTTE BAG SUKI DESIGN,11,7.45,12114,United Kingdom
537529,SKU_80590,VICTORIAN GLASS HANGING T-LIGHT,12,12.11,12114,United Kingdom
537529,SKU_25782,WOODLAND CHARLOTTE BAG,9,13.5,12114,United Kingdom
537529,SKU_15736,RED HANGING HEART T-LIGHT HOLDER,7,8.07,12114,United Kingdom
537530,SKU_51010,LUNCH BAG PINK POLKADOT,9,15.36,12115,United Kingdom
537530,SKU_22758,JUMBO BAG WOODLAND ANIMALS,12,9.32,12115,United Kingdom
537530,SKU_44719,JUMBO BAG RED RETROSPOT,12,12.87,12115,United Kingdom
537530,SKU_11920,HEART OF WICKER SMALL,11,10.25,12115,United Kingdom
537530,SKU_02417,ALARM CLOCK BAKELIKE PINK,3,3.8,12115,United Kingdom
537530,SKU_92886,ALARM CLOCK BAKELIKE RED,6,7.02,12115,United Kingdom
537531,SKU_86048,SET OF 6 SPICE TINS PANTRY DESIGN,11,12.51,12116,United Kingdom
537531,SKU_26130,PAPER CHAIN KIT 50S CHRISTMAS,8,13.57,12116,United Kingdom
537531,SKU_10322,PAPER CHAIN KIT VINTAGE CHRISTMAS,4,2.2,12116,United Kingdom
537532,SKU_26130,PAPER CHAIN KIT 50S CHRISTMAS,4,13.46,12117,United Kingdom
537532,SKU_59570,GARDENERS KNEELING PAD KEEP CALM,5,12.25,12117,United Kingdom
537532,SKU_89820,SET OF 3 CAKE TINS PANTRY DESIGN,11,9.25,12117,United Kingdom
537532,SKU_29474,RETROSPOT GARDEN WATERING CAN,3,1.44,12117,United Kingdom
537533,SKU_86048,SET OF 6 SPICE TINS PANTRY DESIGN,9,12.43,12118,United Kingdom
537533,SKU_09699,RECIPE BOX PANTRY DESIGN,11,6.94,12118,United Kingdom
537533,SKU_89820,SET OF 3 CAKE TINS PANTRY DESIGN,10,13.05,12118,United Kingdom
537534,SKU_10696,VINTAGE HEADS AND HORNS WALL ART,6,5.79,12119,United Kingdom
537534,SKU_10322,PAPER CHAIN KIT VINTAGE CHRISTMAS,10,2.29,12119,United Kingdom
537534,SKU_26130,PAPER CHAIN KIT 50S CHRISTMAS,3,14.6,12119,United Kingdom
537534,SKU_94290,GREEN REGENCY TEACUP AND SAUCER,11,2.21,12119,United Kingdom
537535,SKU_38752,ALARM CLOCK BAKELIKE GREEN,10,5.82,12120,United Kingdom
537535,SKU_51010,LUNCH BAG PINK POLKADOT,9,8.33,12120,United Kingdom
537535,SKU_32339,HEART OF WICKER LARGE,3,2.11,12120,United Kingdom
537535,SKU_92886,ALARM CLOCK BAKELIKE RED,1,12.81,12120,United Kingdom
537536,SKU_51010,LUNCH BAG PINK POLKADOT,3,11.64,12121,United Kingdom
537536,SKU_20773,LUNCH BAG RED RETROSPOT,2,3.38,12121,United Kingdom
537536,SKU_22758,JUMBO BAG WOODLAND ANIMALS,2,14.66,12121,United Kingdom
537536,SKU_44719,JUMBO BAG RED RETROSPOT,10,4.72,12121,United Kingdom
537536,SKU_55418,JUMBO BAG PINK POLKADOT,12,7.38,12121,United Kingdom
537537,SKU_03409,GARDENERS KNEELING PAD CUP OF TEA,7,1.77,12122,United Kingdom
537537,SKU_49885,ASSORTED COLOUR BIRD ORNAMENT,9,8.01,12122,United Kingdom
537538,SKU_59297,POPCORN HOLDER,9,8.87,12123,United Kingdom
537538,SKU_22758,JUMBO BAG WOODLAND ANIMALS,8,10.49,12123,United Kingdom
537538,SKU_93482,SWEETHEART CERAMIC TRINKET BOX,7,6.27,12123,United Kingdom
537538,SKU_03409,GARDENERS KNEELING PAD CUP OF TEA,11,14.59,12123,United Kingdom
537538,SKU_77748,STRAWBERRY CERAMIC TRINKET BOX,11,11.01,12123,United Kingdom
537538,SKU_64311,CERAMIC STRAWBERRY CAKE STAND,12,11.12,12123,United Kingdom
537539,SKU_15736,RED HANGING HEART T-LIGHT HOLDER,1,14.84,12124,United Kingdom
537539,SKU_53682,WHITE HANGING HEART T-LIGHT HOLDER,11,11.58,12124,United Kingdom
537539,SKU_32339,HEART OF WICKER LARGE,10,10.33,12124,United Kingdom
537539,SKU_11920,HEART OF WICKER SMALL,3,4.57,12124,United Kingdom
537540,SKU_51010,LUNCH BAG PINK POLKADOT,6,13.25,12125,United Kingdom
537540,SKU_44719,JUMBO BAG RED RETROSPOT,6,8.18,12125,United Kingdom
537541,SKU_38752,ALARM CLOCK BAKELIKE GREEN,8,6.96,12126,United Kingdom
537541,SKU_02417,ALARM CLOCK BAKELIKE PINK,10,7.63,12126,United Kingdom
537541,SKU_59570,GARDENERS KNEELING PAD KEEP CALM,8,14.41,12126,United Kingdom
537541,SKU_68307,CHARLOTTE BAG PINK POLKADOT,2,7.23,12126,United Kingdom
537541,SKU_74486,REGENCY CAKESTAND 3 TIER,4,6.75,12126,United Kingdom
537541,SKU_92886,ALARM CLOCK BAKELIKE RED,6,7.33,12126,United Kingdom
537542,SKU_86048,SET OF 6 SPICE TINS PANTRY DESIGN,5,9.3,12127,United Kingdom
537542,SKU_93482,SWEETHEART CERAMIC TRINKET BOX,10,3.91,12127,United Kingdom
537542,SKU_26130,PAPER CHAIN KIT 50S CHRISTMAS,8,7.54,12127,United Kingdom
537542,SKU_94290,GREEN REGENCY TEACUP AND SAUCER,2,13.83,12127,United Kingdom
537542,SKU_89820,SET OF 3 CAKE TINS PANTRY DESIGN,10,10.51,12127,United Kingdom
537543,SKU_93482,SWEETHEART CERAMIC TRINKET BOX,1,11.15,12128,United Kingdom
537543,SKU_77748,STRAWBERRY CERAMIC TRINKET BOX,10,7.89,12128,United Kingdom
537544,SKU_10696,VINTAGE HEADS AND HORNS WALL ART,8,7.14,12129,United Kingdom
537544,SKU_10322,PAPER CHAIN KIT VINTAGE CHRISTMAS,4,7.33,12129,United Kingdom
537544,SKU_26130,PAPER CHAIN KIT 50S CHRISTMAS,4,15.32,12129,United Kingdom
537545,SKU_10696,VINTAGE HEADS AND HORNS WALL ART,11,7.44,12130,United Kingdom
537545,SKU_16078,CHARLOTTE BAG SUKI DESIGN,5,15.11,12130,United Kingdom
537545,SKU_80590,VICTORIAN GLASS HANGING T-LIGHT,5,13.71,12130,United Kingdom
537545,SKU_10322,PAPER CHAIN KIT VINTAGE CHRISTMAS,5,11.87,12130,United Kingdom
537545,SKU_72894,DOORMAT KEEP CALM AND COME IN,5,11.35,12130,United Kingdom
537546,SKU_02417,ALARM CLOCK BAKELIKE PINK,10,4.74,12131,United Kingdom
537546,SKU_23059,PARTY BUNTING,10,4.71,12131,United Kingdom
537546,SKU_64311,CERAMIC STRAWBERRY CAKE STAND,12,14.71,12131,United Kingdom
537547,SKU_29474,RETROSPOT GARDEN WATERING CAN,3,3.33,12132,United Kingdom
537547,SKU_80590,VICTORIAN GLASS HANGING T-LIGHT,1,9.7,12132,United Kingdom
537547,SKU_16078,CHARLOTTE BAG SUKI DESIGN,9,7.24,12132,United Kingdom
537547,SKU_68307,CHARLOTTE BAG PINK POLKADOT,10,11.55,12132,United Kingdom
537547,SKU_25782,WOODLAND CHARLOTTE BAG,12,14.58,12132,United Kingdom
537548,SKU_49885,ASSORTED COLOUR BIRD ORNAMENT,10,13.48,12133,United Kingdom
537548,SKU_72894,DOORMAT KEEP CALM AND COME IN,5,2.67,12133,United Kingdom
537549,SKU_85409,REGENCY TEAPOT,8,12.1,12134,United Kingdom
537549,SKU_38659,ROSES REGENCY TEACUP AND SAUCER,8,5.91,12134,United Kingdom
537549,SKU_94290,GREEN REGENCY TEACUP AND SAUCER,9,6.21,12134,United Kingdom
537549,SKU_74486,REGENCY CAKESTAND 3 TIER,5,10.23,12134,United Kingdom
537549,SKU_65048,PINK REGENCY TEACUP AND SAUCER,7,6.53,12134,United Kingdom
537550,SKU_85409,REGENCY TEAPOT,1,12.98,12135,United Kingdom
537550,SKU_51010,LUNCH BAG PINK POLKADOT,3,14.04,12135,United Kingdom
537550,SKU_09699,RECIPE BOX PANTRY DESIGN,6,2.77,12135,United Kingdom
537550,SKU_44719,JUMBO BAG RED RETROSPOT,2,4.16,12135,United Kingdom
537550,SKU_02417,ALARM CLOCK BAKELIKE PINK,8,6.0,12135,United Kingdom
537550,SKU_55418,JUMBO BAG PINK POLKADOT,7,13.57,12135,United Kingdom
537551,SKU_93482,SWEETHEART CERAMIC TRINKET BOX,11,10.9,12136,United Kingdom
537551,SKU_64311,CERAMIC STRAWBERRY CAKE STAND,8,14.98,12136,United Kingdom
537552,SKU_09699,RECIPE BOX PANTRY DESIGN,6,6.9,12137,United Kingdom
537552,SKU_80590,VICTORIAN GLASS HANGING T-LIGHT,4,2.46,12137,United Kingdom
537552,SKU_02417,ALARM CLOCK BAKELIKE PINK,4,14.57,12137,United Kingdom
537552,SKU_77748,STRAWBERRY CERAMIC TRINKET BOX,9,6.54,12137,United Kingdom
537552,SKU_64311,CERAMIC STRAWBERRY CAKE STAND,4,5.48,12137,United Kingdom
537553,SKU_77748,STRAWBERRY CERAMIC TRINKET BOX,1,13.48,12138,United Kingdom
537553,SKU_64311,CERAMIC STRAWBERRY CAKE STAND,4,5.67,12138,United Kingdom
537554,SKU_38752,ALARM CLOCK BAKELIKE GREEN,5,4.56,12139,United Kingdom
537554,SKU_02417,ALARM CLOCK BAKELIKE PINK,8,11.43,12139,United Kingdom
537554,SKU_92886,ALARM CLOCK BAKELIKE RED,7,8.44,12139,United Kingdom
537555,SKU_93482,SWEETHEART CERAMIC TRINKET BOX,12,11.34,12140,United Kingdom
537555,SKU_77748,STRAWBERRY CERAMIC TRINKET BOX,3,9.36,12140,United Kingdom
537556,SKU_65048,PINK REGENCY TEACUP AND SAUCER,5,2.17,12141,United Kingdom
537556,SKU_38659,ROSES REGENCY TEACUP AND SAUCER,5,3.93,12141,United Kingdom
537556,SKU_74486,REGENCY CAKESTAND 3 TIER,1,5.55,12141,United Kingdom
537557,SKU_55418,JUMBO BAG PINK POLKADOT,3,12.86,12142,United Kingdom
537557,SKU_09699,RECIPE BOX PANTRY DESIGN,10,14.71,12142,United Kingdom
537557,SKU_77748,STRAWBERRY CERAMIC TRINKET BOX,7,6.82,12142,United Kingdom
537558,SKU_10696,VINTAGE HEADS AND HORNS WALL ART,4,1.38,12143,United Kingdom
537558,SKU_51010,LUNCH BAG PINK POLKADOT,1,3.17,12143,United Kingdom
537558,SKU_26130,PAPER CHAIN KIT 50S CHRISTMAS,7,9.42,12143,United Kingdom
537559,SKU_38752,ALARM CLOCK BAKELIKE GREEN,8,6.45,12144,United Kingdom
537559,SKU_85409,REGENCY TEAPOT,1,7.48,12144,United Kingdom
537559,SKU_09699,RECIPE BOX PANTRY DESIGN,7,3.27,12144,United Kingdom
537559,SKU_11920,HEART OF WICKER SMALL,8,9.94,12144,United Kingdom
537559,SKU_68307,CHARLOTTE BAG PINK POLKADOT,6,11.95,12144,United Kingdom
537559,SKU_89820,SET OF 3 CAKE TINS PANTRY DESIGN,6,4.8,12144,United Kingdom
537560,SKU_26130,PAPER CHAIN KIT 50S CHRISTMAS,1,2.36,12145,United Kingdom
537561,SKU_04128,MINI PAINT SET VINTAGE,1,3.06,12146,United Kingdom
537561,SKU_86048,SET OF 6 SPICE TINS PANTRY DESIGN,5,7.78,12146,United Kingdom
537561,SKU_09699,RECIPE BOX PANTRY DESIGN,10,12.79,12146,United Kingdom
537561,SKU_32339,HEART OF WICKER LARGE,1,2.54,12146,United Kingdom
537561,SKU_55418,JUMBO BAG PINK POLKADOT,12,3.57,12146,United Kingdom
537562,SKU_51010,LUNCH BAG PINK POLKADOT,11,13.83,12147,United Kingdom
537562,SKU_09699,RECIPE BOX PANTRY DESIGN,8,11.65,12147,United Kingdom
537562,SKU_22758,JUMBO BAG WOODLAND ANIMALS,2,13.1,12147,United Kingdom
537562,SKU_16078,CHARLOTTE BAG SUKI DESIGN,8,10.4,12147,United Kingdom
537562,SKU_44719,JUMBO BAG RED RETROSPOT,12,8.31,12147,United Kingdom
537562,SKU_55418,JUMBO BAG PINK POLKADOT,5,7.15,12147,United Kingdom
537563,SKU_51010,LUNCH BAG PINK POLKADOT,3,3.47,12148,United Kingdom
537563,SKU_20773,LUNCH BAG RED RETROSPOT,10,1.82,12148,United Kingdom
537563,SKU_44719,JUMBO BAG RED RETROSPOT,10,12.39,12148,United Kingdom
537563,SKU_03409,GARDENERS KNEELING PAD CUP OF TEA,6,6.74,12148,United Kingdom
537563,SKU_25782,WOODLAND CHARLOTTE BAG,9,5.26,12148,United Kingdom
537563,SKU_55418,JUMBO BAG PINK POLKADOT,5,14.29,12148,United Kingdom
537564,SKU_86048,SET OF 6 SPICE TINS PANTRY DESIGN,3,2.45,12149,United Kingdom
537564,SKU_85409,REGENCY TEAPOT,1,2.95,12149,United Kingdom
537564,SKU_15736,RED HANGING HEART T-LIGHT HOLDER,8,15.02,12149,United Kingdom
C536450,SKU_65048,PINK REGENCY TEACUP AND SAUCER,-7,3.09,12085,United Kingdom
C536847,SKU_15736,RED HANGING HEART T-LIGHT HOLDER,-2,2.47,12132,United Kingdom
C537079,SKU_64311,CERAMIC STRAWBERRY CAKE STAND,-10,13.25,12014,United Kingdom
C537495,SKU_74486,REGENCY CAKESTAND 3 TIER,-7,5.71,12080,United Kingdom
C537220,SKU_92886,ALARM CLOCK BAKELIKE RED,-4,8.21,12155,United Kingdom
C536468,SKU_10322,PAPER CHAIN KIT VINTAGE CHRISTMAS,-12,10.34,12103,United Kingdom
C536519,SKU_09699,RECIPE BOX PANTRY DESIGN,-11,9.98,12154,United Kingdom
C537300,SKU_10322,PAPER CHAIN KIT VINTAGE CHRISTMAS,-5,8.81,12235,United Kingdom
C536467,SKU_29474,RETROSPOT GARDEN WATERING CAN,-4,3.0,12102,United Kingdom
C537356,SKU_93482,SWEETHEART CERAMIC TRINKET BOX,-10,4.79,12291,United Kingdom
C536965,SKU_64311,CERAMIC STRAWBERRY CAKE STAND,-8,4.93,12250,United Kingdom
C536439,SKU_38659,ROSES REGENCY TEACUP AND SAUCER,-4,13.32,12074,United Kingdom
C536827,SKU_26130,PAPER CHAIN KIT 50S CHRISTMAS,-8,11.68,12112,United Kingdom
C536677,SKU_25782,WOODLAND CHARLOTTE BAG,-12,12.71,12312,United Kingdom
C537091,SKU_10322,PAPER CHAIN KIT VINTAGE CHRISTMAS,-4,4.85,12026,United Kingdom
